11,Bstudent_id,roll_number,registration_number,university_id,college_id,department_id,program_name,specialization,gender,date_of_birth,age,category,minority_status,domicile_state,nationality,family_income_range,parent_education_level,parent_occupation,first_generation_learner,scholarship_status,financial_aid_type,10th_percentage,10th_board,12th_percentage,12th_board,12th_stream,entrance_exam_score,entrance_exam_rank,admission_type,gap_years,academic_year,semester,course_code,course_name,course_type,credit_score,course_difficulty_index,faculty_id,total_lectures,lectures_attended,attendance_percentage,attendance_status,lms_login_frequency,avg_session_duration_minutes,assignment_submission_rate,late_submission_count,forum_participation_count,quiz_attempt_rate,assignment_marks_avg,quiz_marks_avg,midterm_marks,internal_assessment_total,internal_rank,improvement_trend,end_sem_marks,practical_marks,theory_marks,total_marks,percentage,grade,grade_point,sgpa,cgpa,pass_fail_status,backlog_count,study_hours_per_day,sleep_hours_avg,mobile_usage_hours,hostel_resident,commute_time_minutes,part_time_job,extracurricular_participation_level,stress_level,motivation_level,time_management_score,learning_style,career_clarity_score,self_efficacy_score,faculty_experience_years,faculty_rating_avg,student_teacher_ratio,class_size,teaching_method,course_feedback_score,library_usage_frequency,lab_access_hours,mentorship_sessions_attended,remedial_classes_attended,placement_training_participation
1,BCA0001,MMDU2026REG0001,MMDU,MMICTBM,CS,BCA,AI,Male,2003-06-08,24,GEN,Yes,Bihar,Indian,6-8 LPA,Post-Graduate,Teacher,Yes,Yes,Govt,87.39,CBSE,72.62,State,Arts,83,6701,Management,0,2025-26,VI,BCA601,Final Semester,Core,4,3.9,FAC119,120,87,87,High,60,45,0.71,2,10,0.68,82,78,90,213,29,Flat,78,80,83,246,66.42,C,6.1,7.72,6.56,Pass,1,2.9,7,3.2,No,10,Yes,Medium,1,5,51,Kinesthetic,62,42,10,4.81,26,38,Traditional,4.43,11,22,1,3,Yes
2,BCA0002,MMDU2026REG0002,MMDU,MMICTBM,CS,BCA,Cyber Security,Male,2003-03-25,21,GEN,No,Bihar,Indian,4-6 LPA,10th,Farmer,No,Yes,Private,66.84,CBSE,78.19,CBSE,Commerce,72,7039,Management,0,2025-26,VI,BCA601,Final Semester,Core,4,3.67,FAC106,120,60,60,Low,36,28,0.79,3,12,0.94,78,85,75,204,13,Up,55,69,83,216,83.96,B+,7.9,7.58,8.99,Pass,1,7.2,6.1,5.5,Yes,8,No,Low,2,4,74,Visual,81,70,13,3.62,25,59,Traditional,4.59,19,31,4,4,Yes
3,BCA0003,MMDU2026REG0003,MMDU,MMICTBM,CS,BCA,Data Science,Female,2004-07-31,22,GEN,Yes,Haryana,Indian,4-6 LPA,Graduate,Business,No,No,Govt,74.07,CBSE,86.58,CBSE,Science,66,3322,Merit,2,2025-26,VI,BCA601,Final Semester,Core,4,4.17,FAC105,120,77,77,Medium,27,40,0.72,3,8,0.61,95,66,77,221,45,Down,88,76,60,260,70.84,A,9.3,8.4,8.86,Pass,0,3.9,7,4.5,Yes,31,No,Medium,4,3,67,Reading,84,46,6,4.83,31,53,Blended,3.8,13,40,0,0,No
4,BCA0004,MMDU2026REG0004,MMDU,MMICTBM,CS,BCA,Cloud,Male,2002-10-11,23,GEN,Yes,Punjab,Indian,4-6 LPA,10th,Business,Yes,No,NA,83.82,State,65.92,State,Science,83,6646,Management,2,2025-26,VI,BCA601,Final Semester,Core,4,3.66,FAC111,120,84,84,Medium,56,35,0.81,0,11,0.92,93,87,66,181,11,Up,89,74,88,185,65.11,B+,6.8,8.97,7.41,Pass,2,6.4,7.2,3.5,Yes,53,Yes,Low,1,1,55,Visual,75,44,8,3.83,23,33,Traditional,4.91,28,15,1,1,No
5,BCA0005,MMDU2026REG0005,MMDU,MMICTBM,CS,BCA,Data Science,Male,2002-01-11,21,SC,No,Haryana,Indian,4-6 LPA,Graduate,Business,No,Yes,NA,92.94,State,82.61,State,Science,68,2804,Quota,0,2025-26,VI,BCA601,Final Semester,Core,4,4.18,FAC115,120,82,82,Medium,30,33,0.95,4,2,0.75,80,72,56,241,19,Flat,87,77,89,195,65.65,A+,6.2,7.96,6.49,Pass,1,5.4,7.6,5.2,No,52,No,Low,4,3,73,Kinesthetic,67,74,16,4.45,23,40,Blended,4.31,24,33,7,0,No
6,BCA0006,MMDU2026REG0006,MMDU,MMICTBM,CS,BCA,Cloud,Female,2003-04-13,23,GEN,Yes,Bihar,Indian,6-8 LPA,Post-Graduate,Farmer,Yes,No,Private,60.68,CBSE,76.71,CBSE,Science,63,3293,Quota,2,2025-26,VI,BCA601,Final Semester,Core,4,3.85,FAC104,120,65,65,Low,39,37,0.73,0,5,0.88,85,87,74,268,36,Flat,65,71,62,225,65.23,A+,9,5.62,8.32,Pass,0,6.9,6.3,4,No,17,No,High,5,1,80,Kinesthetic,40,56,5,4.19,32,43,Online,4.11,22,40,5,1,No
7,BCA0007,MMDU2026REG0007,MMDU,MMICTBM,CS,BCA,Cyber Security,Female,2003-10-08,21,OBC,Yes,Bihar,Indian,2-4 LPA,Graduate,Service,No,No,NA,79.77,State,68.71,State,Arts,55,1655,Management,0,2025-26,VI,BCA601,Final Semester,Core,4,4.37,FAC112,120,86,86,High,58,39,0.96,1,0,0.92,65,86,87,237,49,Down,82,63,87,205,84.75,A,7.1,8.92,7.16,Pass,1,3.8,7.2,6.6,No,21,Yes,High,5,3,43,Auditory,48,75,16,4.51,38,63,Blended,4.4,12,30,2,0,No
8,BCA0008,MMDU2026REG0008,MMDU,MMICTBM,CS,BCA,Data Science,Female,2002-04-21,22,GEN,No,Haryana,Indian,2-4 LPA,10th,Business,Yes,No,NA,88.26,State,89.93,CBSE,Commerce,69,3821,Quota,1,2025-26,VI,BCA601,Final Semester,Core,4,4.08,FAC103,120,76,76,Medium,55,43,0.83,4,4,0.86,95,59,60,232,27,Up,77,69,62,218,61.72,A,8,7.89,8.31,Pass,2,5.2,5.1,6,No,36,Yes,High,4,2,49,Kinesthetic,61,71,20,3.76,20,40,Online,4,20,39,5,2,Yes
9,BCA0009,MMDU2026REG0009,MMDU,MMICTBM,CS,BCA,AI,Male,2004-11-28,21,ST,No,Punjab,Indian,4-6 LPA,10th,Farmer,No,No,Govt,69.74,State,75.93,CBSE,Commerce,65,2352,Quota,1,2025-26,VI,BCA601,Final Semester,Core,4,4.43,FAC102,120,62,62,Low,33,27,0.75,2,7,0.67,89,88,89,234,8,Up,90,65,89,184,71.66,B,8,7.18,7.14,Pass,2,4.4,5.2,3.7,Yes,30,Yes,Medium,5,2,82,Kinesthetic,73,72,19,4.37,30,63,Blended,4.37,5,30,6,1,Yes
10,BCA0010,MMDU2026REG0010,MMDU,MMICTBM,CS,BCA,Cloud,Female,2004-03-13,22,GEN,No,Haryana,Indian,2-4 LPA,Post-Graduate,Farmer,Yes,No,Govt,70.01,State,73.7,CBSE,Science,66,1988,Quota,1,2025-26,VI,BCA601,Final Semester,Core,4,3.38,FAC103,120,87,87,High,26,41,0.86,1,6,0.72,62,89,75,261,46,Down,65,67,61,217,75.11,A,9.2,6.08,7.89,Pass,0,2.3,6,3.1,Yes,13,No,High,3,4,63,Reading,46,74,11,4.59,22,31,Online,3.9,14,23,9,5,Yes
CA0011,MMDU2026REG0011,MMDU,MMICTBM,CS,BCA,Data Science,Female,2003-01-29,24,SC,Yes,Haryana,Indian,<2 LPA,Post-Graduate,Service,Yes,Yes,NA,71.33,ICSE,85.17,CBSE,Science,74,1515,Management,2,2025-26,VI,BCA601,Final Semester,Core,4,3.09,FAC104,120,67,67,Low,53,40,1,3,4,0.95,93,71,57,266,34,Flat,63,89,86,242,83.81,A,7.3,7.67,6.36,Pass,2,7.3,7.7,6.2,No,18,No,Medium,1,1,56,Auditory,61,80,16,3.74,34,47,Traditional,4.85,16,17,0,5,No
12,BCA0012,MMDU2026REG0012,MMDU,MMICTBM,CS,BCA,Cyber Security,Male,2004-12-11,23,ST,No,UP,Indian,2-4 LPA,10th,Service,Yes,No,NA,77.6,State,88.72,State,Arts,88,2511,Quota,2,2025-26,VI,BCA601,Final Semester,Core,4,4.01,FAC109,120,72,72,Low,41,40,0.75,3,7,0.73,64,75,61,208,8,Up,73,61,80,220,86.54,A+,6.6,8.83,6.47,Pass,0,4.9,7.1,5.2,Yes,58,No,Low,2,5,59,Auditory,82,74,15,3.98,36,66,Blended,4.56,6,25,1,0,No
13,BCA0013,MMDU2026REG0013,MMDU,MMICTBM,CS,BCA,Cloud,Male,2003-03-20,21,OBC,No,Haryana,Indian,6-8 LPA,Graduate,Farmer,Yes,No,Govt,72.26,CBSE,76.29,CBSE,Science,87,2387,Management,1,2025-26,VI,BCA601,Final Semester,Core,4,4.24,FAC115,120,97,97,High,52,42,0.8,0,3,0.9,72,86,74,208,3,Up,82,76,69,223,76.05,B,7.2,6.82,6.15,Pass,1,6.7,6.3,5,No,45,Yes,Low,1,3,40,Reading,49,89,19,4.94,29,57,Online,4.99,8,38,4,2,Yes
14,BCA0014,MMDU2026REG0014,MMDU,MMICTBM,CS,BCA,Cloud,Female,2003-07-21,24,SC,Yes,Haryana,Indian,2-4 LPA,Graduate,Teacher,No,No,Govt,61.04,State,87.69,State,Science,81,2684,Merit,2,2025-26,VI,BCA601,Final Semester,Core,4,3.49,FAC115,120,91,91,High,52,43,0.83,2,6,0.87,75,88,80,247,35,Down,88,61,70,194,75.93,C,6.5,7.02,6.18,Pass,2,3.9,7.1,2.1,No,6,No,Low,1,3,80,Reading,81,60,5,4.4,23,78,Traditional,4.97,12,12,0,4,Yes
15,BCA0015,MMDU2026REG0015,MMDU,MMICTBM,CS,BCA,Data Science,Male,2004-06-08,23,GEN,No,UP,Indian,2-4 LPA,10th,Business,Yes,No,NA,90.6,CBSE,72.28,State,Commerce,63,7568,Quota,1,2025-26,VI,BCA601,Final Semester,Core,4,3.89,FAC120,120,78,78,Medium,54,20,0.71,2,0,0.73,85,70,71,187,30,Up,86,81,72,222,60.5,B+,7,5.95,7.32,Pass,1,4.7,6.4,5.9,No,60,No,Low,2,1,88,Reading,44,67,16,3.97,30,44,Blended,3.63,21,17,4,3,Yes
16,BCA0016,MMDU2026REG0016,MMDU,MMICTBM,CS,BCA,AI,Female,2004-11-23,21,SC,Yes,Punjab,Indian,6-8 LPA,Post-Graduate,Farmer,Yes,Yes,NA,72.37,ICSE,57.49,State,Science,75,3849,Management,1,2025-26,VI,BCA601,Final Semester,Core,4,3.12,FAC114,120,87,87,High,56,25,0.93,5,1,0.74,84,87,64,225,42,Down,65,72,87,249,79.7,B+,9.1,9.14,6.03,Pass,2,2.1,6.7,3.7,No,56,Yes,High,1,3,40,Kinesthetic,81,55,5,4.97,23,68,Blended,4.48,30,38,4,1,Yes
17,BCA0017,MMDU2026REG0017,MMDU,MMICTBM,CS,BCA,Cyber Security,Female,2004-05-22,22,GEN,Yes,Punjab,Indian,<2 LPA,Graduate,Business,No,Yes,Govt,80.18,ICSE,75.28,CBSE,Commerce,61,2351,Merit,1,2025-26,VI,BCA601,Final Semester,Core,4,4.03,FAC107,120,83,83,Medium,27,39,0.94,3,5,0.64,87,80,86,222,9,Up,67,73,83,180,83.27,A,7.8,6.71,7.19,Pass,1,5.9,6.6,4.7,No,56,No,Medium,5,5,72,Visual,82,75,7,4.86,15,68,Online,3.63,29,29,8,2,No
18,BCA0018,MMDU2026REG0018,MMDU,MMICTBM,CS,BCA,Cloud,Female,2003-01-05,22,GEN,Yes,Haryana,Indian,<2 LPA,Graduate,Teacher,Yes,No,Private,75.09,State,63.14,CBSE,Science,68,7951,Merit,1,2025-26,VI,BCA601,Final Semester,Core,4,4.35,FAC119,120,86,86,High,41,31,0.98,5,9,0.96,74,84,75,247,28,Down,67,55,57,215,64.01,B+,6.4,6.18,8.3,Pass,1,2.4,5.9,3.4,No,28,Yes,High,5,1,57,Kinesthetic,60,84,10,4.07,38,74,Online,3.65,20,15,2,4,Yes
19,BCA0019,MMDU2026REG0019,MMDU,MMICTBM,CS,BCA,Cloud,Male,2003-09-18,23,GEN,No,Bihar,Indian,6-8 LPA,Post-Graduate,Farmer,No,No,Private,77.09,CBSE,94.01,State,Commerce,74,5437,Quota,0,2025-26,VI,BCA601,Final Semester,Core,4,3.8,FAC120,120,87,87,High,60,45,0.88,2,1,0.85,78,69,79,204,35,Up,58,56,89,186,71.3,B,8.1,5.05,8.63,Pass,0,4.3,7.5,5.8,No,13,No,Low,2,5,44,Kinesthetic,79,83,9,4.21,25,76,Traditional,4.72,20,18,8,2,No
20,BCA0020,MMDU2026REG0020,MMDU,MMICTBM,CS,BCA,AI,Female,2002-10-14,23,GEN,No,Bihar,Indian,<2 LPA,10th,Farmer,Yes,Yes,Govt,81.81,ICSE,63.28,State,Commerce,51,3973,Quota,1,2025-26,VI,BCA601,Final Semester,Core,4,4.08,FAC119,120,79,79,Medium,45,40,0.84,3,4,0.87,94,81,84,180,9,Flat,82,77,58,238,82.13,A+,6.8,6.45,6.48,Pass,0,7.8,7.4,3.9,No,60,No,Low,1,2,62,Visual,40,50,7,4.84,37,44,Online,4.72,14,5,7,3,Yes
21,BCA0021,MMDU2026REG0021,MMDU,MMICTBM,CS,BCA,Cyber Security,Female,2004-12-08,24,SC,Yes,Punjab,Indian,<2 LPA,Post-Graduate,Teacher,Yes,No,Private,74.32,CBSE,63.69,State,Science,74,5483,Quota,1,2025-26,VI,BCA601,Final Semester,Core,4,3.85,FAC117,120,95,95,High,38,36,0.82,2,11,0.81,71,69,72,193,44,Up,56,73,70,186,60.68,C,6.1,9.34,8.07,Pass,2,6.8,5.1,5.1,Yes,56,Yes,High,1,4,74,Visual,46,84,11,4.72,39,80,Online,3.82,11,40,2,4,Yes
22,BCA0022,MMDU2026REG0022,MMDU,MMICTBM,CS,BCA,Data Science,Male,2004-05-24,24,ST,No,Bihar,Indian,<2 LPA,10th,Service,No,No,Private,91.41,CBSE,55.2,CBSE,Arts,66,6916,Quota,2,2025-26,VI,BCA601,Final Semester,Core,4,3.22,FAC113,120,68,68,Low,39,22,0.97,0,7,0.7,65,71,56,196,27,Down,58,76,80,243,61.66,A,8.1,7.03,7.05,Pass,0,5.7,6.2,4.3,Yes,15,No,Low,1,5,50,Reading,42,86,6,4.29,15,76,Online,4.8,26,31,10,3,Yes
23,BCA0023,MMDU2026REG0023,MMDU,MMICTBM,CS,BCA,Cloud,Male,2004-04-09,22,OBC,No,Punjab,Indian,4-6 LPA,Post-Graduate,Service,No,No,Govt,91.8,CBSE,65.96,State,Commerce,67,4070,Quota,0,2025-26,VI,BCA601,Final Semester,Core,4,3.68,FAC102,120,83,83,Medium,29,34,0.71,3,9,0.63,83,62,57,198,19,Down,73,90,89,199,73.24,A+,6.2,7.68,8.7,Pass,0,4.9,6.3,4.9,Yes,58,Yes,Medium,1,4,51,Reading,44,76,11,3.56,35,65,Traditional,3.74,27,37,6,5,Yes
24,BCA0024,MMDU2026REG0024,MMDU,MMICTBM,CS,BCA,AI,Male,2004-07-28,21,SC,Yes,Haryana,Indian,4-6 LPA,Post-Graduate,Business,No,No,Private,86.56,CBSE,93.78,State,Science,55,3247,Management,0,2025-26,VI,BCA601,Final Semester,Core,4,3.24,FAC111,120,89,89,High,38,34,0.98,4,3,0.64,69,64,86,224,27,Flat,69,60,70,193,66.23,B,7.7,6.32,6.82,Pass,1,5.9,7.7,5.8,Yes,49,No,High,2,5,71,Reading,59,88,6,4.51,30,74,Online,3.55,11,29,9,2,Yes
25,BCA0025,MMDU2026REG0025,MMDU,MMICTBM,CS,BCA,Cyber Security,Female,2002-02-14,22,GEN,Yes,Punjab,Indian,<2 LPA,Graduate,Teacher,Yes,No,Govt,88.58,State,91.5,CBSE,Arts,59,4381,Merit,1,2025-26,VI,BCA601,Final Semester,Core,4,4.04,FAC119,120,90,90,High,32,27,0.95,4,2,0.88,91,75,74,190,29,Up,63,78,85,257,66.08,C,6.9,6.3,6.63,Pass,0,2.7,7,2.3,Yes,13,Yes,Low,5,1,81,Reading,49,62,13,4.9,37,33,Online,4.72,12,21,2,0,Yes
26,BCA0026,MMDU2026REG0026,MMDU,MMICTBM,CS,BCA,Cyber Security,Female,2002-03-05,23,ST,No,Haryana,Indian,4-6 LPA,10th,Business,Yes,No,NA,72.41,CBSE,68.49,State,Commerce,68,3401,Quota,1,2025-26,VI,BCA601,Final Semester,Core,4,3.86,FAC117,120,79,79,Medium,36,33,0.82,5,3,0.92,62,90,61,189,59,Flat,87,83,86,234,73.11,B+,8.1,9.4,8.87,Pass,0,3.6,7,6.6,Yes,15,Yes,Low,1,4,82,Kinesthetic,43,41,13,3.62,38,67,Blended,4.67,18,6,1,2,Yes
27,BCA0027,MMDU2026REG0027,MMDU,MMICTBM,CS,BCA,Cloud,Female,2003-10-14,21,GEN,Yes,UP,Indian,2-4 LPA,Graduate,Farmer,Yes,No,Private,65.12,State,56.38,State,Commerce,65,6192,Merit,0,2025-26,VI,BCA601,Final Semester,Core,4,4.37,FAC109,120,66,66,Low,22,43,0.7,1,1,0.8,64,61,58,220,1,Up,67,57,57,231,61.75,A,8.9,8.79,7.19,Pass,2,2.4,6.7,5.5,Yes,20,Yes,High,5,2,44,Reading,54,65,16,4.6,24,41,Traditional,3.79,14,27,3,3,No
28,BCA0028,MMDU2026REG0028,MMDU,MMICTBM,CS,BCA,AI,Female,2004-02-19,21,OBC,Yes,Haryana,Indian,<2 LPA,Graduate,Teacher,Yes,Yes,Govt,61.98,CBSE,63.39,CBSE,Arts,59,1367,Management,2,2025-26,VI,BCA601,Final Semester,Core,4,3.04,FAC110,120,81,81,Medium,31,30,0.74,2,8,0.71,87,62,70,237,31,Up,88,80,81,268,84.86,B+,8.8,5.04,8.62,Pass,2,4.7,6,3.2,Yes,33,Yes,Medium,1,2,48,Visual,46,82,12,4.89,26,71,Online,4.77,30,16,8,0,Yes
29,BCA0029,MMDU2026REG0029,MMDU,MMICTBM,CS,BCA,AI,Male,2004-01-22,24,ST,No,Haryana,Indian,2-4 LPA,10th,Business,Yes,No,NA,92.63,State,64.98,CBSE,Commerce,50,1332,Management,1,2025-26,VI,BCA601,Final Semester,Core,4,3.73,FAC101,120,66,66,Low,23,25,0.92,0,0,0.77,69,73,76,197,39,Down,78,89,89,230,72.86,A,8.9,9.43,7.95,Pass,2,5.5,7.4,3,Yes,28,Yes,Medium,1,4,42,Visual,77,58,3,3.82,15,70,Online,4.74,7,36,3,2,No
30,BCA0030,MMDU2026REG0030,MMDU,MMICTBM,CS,BCA,Cloud,Female,2002-08-31,24,OBC,No,Bihar,Indian,<2 LPA,10th,Farmer,No,No,Govt,66.28,State,90.18,CBSE,Arts,67,5361,Merit,1,2025-26,VI,BCA601,Final Semester,Core,4,3.27,FAC115,120,99,99,High,30,35,0.74,2,6,0.61,67,62,90,229,38,Flat,90,61,70,203,62.35,B+,6.8,7.09,8.18,Pass,0,4.9,7,5.3,Yes,47,No,High,2,5,84,Kinesthetic,64,47,12,4.76,36,76,Blended,4.62,19,24,0,1,Yes
31,BCA0031,MMDU2026REG0031,MMDU,MMICTBM,CS,BCA,AI,Male,2003-03-18,24,ST,No,Haryana,Indian,6-8 LPA,10th,Teacher,Yes,No,Private,88.78,CBSE,89.97,State,Arts,56,2080,Merit,0,2025-26,VI,BCA601,Final Semester,Core,4,3.68,FAC104,120,78,78,Medium,26,27,0.97,0,7,0.63,63,55,57,262,36,Down,58,56,90,182,62.04,C,7.7,8.01,6.41,Pass,2,4.3,5.7,6,No,23,No,Medium,4,3,59,Reading,84,71,5,4.35,15,70,Traditional,3.89,25,28,1,5,Yes
32,BCA0032,MMDU2026REG0032,MMDU,MMICTBM,CS,BCA,AI,Female,2004-04-08,24,GEN,No,Bihar,Indian,<2 LPA,Graduate,Farmer,No,No,Govt,68.93,ICSE,68.44,CBSE,Commerce,82,5521,Management,1,2025-26,VI,BCA601,Final Semester,Core,4,4,FAC101,120,75,75,Medium,57,35,0.95,2,3,0.91,87,71,63,243,36,Down,69,74,72,262,82.29,A,7.8,7.35,6.33,Pass,2,4,7.7,2.5,No,52,No,High,4,1,73,Visual,78,63,10,4.05,24,80,Blended,4.79,5,30,3,2,No
33,BCA0033,MMDU2026REG0033,MMDU,MMICTBM,CS,BCA,Cloud,Male,2003-12-18,22,OBC,Yes,Bihar,Indian,2-4 LPA,Post-Graduate,Farmer,No,No,NA,73.42,State,57.6,CBSE,Arts,90,5587,Management,0,2025-26,VI,BCA601,Final Semester,Core,4,4.37,FAC102,120,81,81,Medium,46,35,0.88,2,1,0.92,71,85,84,231,18,Flat,75,57,58,202,85.29,B,9,7.34,7.35,Pass,0,7.7,8,3.3,Yes,14,Yes,High,2,4,78,Visual,54,46,19,4.01,18,30,Blended,3.5,9,34,4,1,No
34,BCA0034,MMDU2026REG0034,MMDU,MMICTBM,CS,BCA,Cyber Security,Male,2003-07-19,21,SC,Yes,Haryana,Indian,4-6 LPA,Graduate,Teacher,No,No,Private,67.4,CBSE,79.84,State,Arts,81,1997,Merit,0,2025-26,VI,BCA601,Final Semester,Core,4,4.07,FAC116,120,79,79,Medium,57,24,0.88,3,3,0.97,69,72,66,248,57,Flat,55,74,56,223,85.24,A+,8.1,7.65,7.22,Pass,2,3.4,7.8,2.1,Yes,11,Yes,Low,5,5,60,Reading,50,61,9,3.63,29,52,Blended,4.8,9,19,6,0,Yes
35,BCA0035,MMDU2026REG0035,MMDU,MMICTBM,CS,BCA,AI,Female,2003-09-01,24,ST,Yes,Bihar,Indian,2-4 LPA,Post-Graduate,Farmer,Yes,No,NA,62.35,State,86.99,CBSE,Commerce,86,7207,Management,0,2025-26,VI,BCA601,Final Semester,Core,4,3.8,FAC101,120,100,100,High,44,26,0.85,3,10,0.93,81,71,56,225,41,Down,57,67,84,246,62.64,A+,7.2,5.65,7.27,Pass,0,6,5.9,6.5,No,42,No,Low,4,4,67,Kinesthetic,76,63,19,4.87,38,69,Blended,4.67,24,34,10,5,Yes
36,BCA0036,MMDU2026REG0036,MMDU,MMICTBM,CS,BCA,Cyber Security,Female,2004-10-23,21,GEN,Yes,UP,Indian,<2 LPA,10th,Teacher,Yes,Yes,NA,74.66,State,78.8,State,Science,85,6719,Merit,2,2025-26,VI,BCA601,Final Semester,Core,4,3.01,FAC110,120,72,72,Low,23,44,0.92,1,9,0.71,84,76,85,232,22,Flat,71,73,86,240,64.08,C,6.2,5.24,8,Pass,0,7.5,7.1,6.8,No,48,No,Medium,2,2,87,Reading,56,65,14,3.72,39,41,Blended,4.93,24,24,5,1,Yes
37,BCA0037,MMDU2026REG0037,MMDU,MMICTBM,CS,BCA,Cyber Security,Female,2004-01-23,23,SC,Yes,Punjab,Indian,<2 LPA,Graduate,Farmer,Yes,Yes,Govt,64.84,State,59.64,CBSE,Arts,89,2241,Quota,1,2025-26,VI,BCA601,Final Semester,Core,4,3.29,FAC105,120,94,94,High,52,38,0.77,0,9,0.77,67,67,77,213,56,Up,73,80,59,237,66.36,A,7.8,9.31,6.07,Pass,1,3.5,6.6,2.6,No,43,Yes,High,2,5,51,Visual,52,45,18,4.03,18,52,Online,3.83,19,8,6,1,Yes
38,BCA0038,MMDU2026REG0038,MMDU,MMICTBM,CS,BCA,AI,Male,2002-11-05,21,SC,No,UP,Indian,<2 LPA,10th,Service,Yes,No,Govt,75.76,ICSE,69.44,CBSE,Arts,80,6323,Management,1,2025-26,VI,BCA601,Final Semester,Core,4,4.05,FAC118,120,60,60,Low,59,26,0.74,1,0,0.96,64,85,70,222,52,Up,85,71,88,194,72.24,B+,6.3,6.93,8.93,Pass,0,5.8,7.6,6.6,No,26,No,Low,2,3,62,Kinesthetic,58,46,14,3.67,24,69,Blended,4.96,30,29,6,0,Yes
39,BCA0039,MMDU2026REG0039,MMDU,MMICTBM,CS,BCA,Data Science,Female,2002-02-11,22,GEN,Yes,UP,Indian,2-4 LPA,Graduate,Farmer,No,Yes,NA,94.37,State,90.44,State,Science,52,3054,Merit,0,2025-26,VI,BCA601,Final Semester,Core,4,4.04,FAC117,120,89,89,High,59,31,0.88,2,5,0.66,81,61,63,229,24,Down,81,58,73,253,71.61,A,9.3,7.83,8.5,Pass,2,7.4,5.6,4.8,Yes,9,No,High,3,2,73,Kinesthetic,67,71,8,4.38,18,69,Blended,4.56,20,17,3,5,Yes
40,BCA0040,MMDU2026REG0040,MMDU,MMICTBM,CS,BCA,Cloud,Female,2003-12-09,22,SC,No,Haryana,Indian,4-6 LPA,Graduate,Business,Yes,No,NA,90.63,ICSE,83.27,State,Commerce,88,1604,Management,1,2025-26,VI,BCA601,Final Semester,Core,4,3.51,FAC103,120,83,83,Medium,37,30,0.7,4,6,0.62,95,64,78,193,20,Up,71,86,65,266,77.36,B+,9.4,8.55,8.87,Pass,1,2.5,5,6.5,Yes,53,No,High,5,5,70,Visual,58,57,16,4.29,24,68,Blended,4.47,30,17,10,3,Yes
41,BCA0041,MMDU2026REG0041,MMDU,MMICTBM,CS,BCA,Cloud,Male,2004-01-18,24,GEN,Yes,Haryana,Indian,6-8 LPA,10th,Business,No,Yes,Private,67.31,ICSE,65.02,State,Commerce,53,7661,Management,1,2025-26,VI,BCA601,Final Semester,Core,4,4.22,FAC107,120,99,99,High,28,32,0.92,2,9,0.61,80,88,77,249,34,Down,64,67,79,268,63.21,B,6.1,6.35,6.88,Pass,1,6.3,7.1,3.7,Yes,18,No,Medium,1,5,90,Auditory,48,40,4,3.95,24,68,Blended,4.51,22,19,1,5,No
42,BCA0042,MMDU2026REG0042,MMDU,MMICTBM,CS,BCA,Cloud,Female,2002-02-15,23,GEN,Yes,Punjab,Indian,4-6 LPA,Post-Graduate,Farmer,No,No,Private,65.43,State,55.37,State,Commerce,78,5330,Management,0,2025-26,VI,BCA601,Final Semester,Core,4,4.45,FAC112,120,66,66,Low,56,28,0.82,0,8,0.98,68,77,80,186,16,Up,76,77,61,191,76.13,A+,8.5,9.34,7.08,Pass,1,6.2,6.8,4.8,Yes,32,Yes,Medium,4,5,41,Auditory,90,76,3,4.3,24,47,Online,4.41,12,7,0,3,No
43,BCA0043,MMDU2026REG0043,MMDU,MMICTBM,CS,BCA,Cloud,Male,2003-07-18,22,GEN,No,Haryana,Indian,2-4 LPA,Post-Graduate,Business,Yes,Yes,NA,89.27,State,88.3,CBSE,Science,52,3825,Management,1,2025-26,VI,BCA601,Final Semester,Core,4,3.3,FAC118,120,87,87,High,33,38,0.7,5,2,0.63,95,78,57,205,33,Up,88,72,72,198,73.54,A+,7.9,7.59,6.34,Pass,1,5.4,6.5,5.9,Yes,58,No,High,1,5,46,Kinesthetic,40,85,18,3.96,15,65,Traditional,4.32,15,37,8,2,Yes
44,BCA0044,MMDU2026REG0044,MMDU,MMICTBM,CS,BCA,AI,Female,2004-03-24,23,SC,Yes,Punjab,Indian,<2 LPA,Post-Graduate,Teacher,Yes,Yes,NA,70.72,CBSE,89.88,State,Arts,84,6129,Quota,0,2025-26,VI,BCA601,Final Semester,Core,4,4.04,FAC111,120,61,61,Low,47,24,0.84,3,6,0.91,95,69,57,213,5,Up,71,66,58,186,66.48,A,6.8,9.29,7.58,Pass,2,3.9,7.2,3.9,Yes,25,No,Low,3,5,78,Reading,64,75,18,4.82,17,62,Blended,3.73,29,7,6,2,No
45,BCA0045,MMDU2026REG0045,MMDU,MMICTBM,CS,BCA,AI,Male,2005-03-20,21,OBC,Yes,Haryana,Indian,2-4 LPA,10th,Service,No,Yes,Govt,60.46,CBSE,91.88,State,Arts,79,6388,Merit,0,2025-26,VI,BCA601,Final Semester,Core,4,4.04,FAC107,120,95,95,High,21,37,0.87,3,11,0.97,84,61,74,188,29,Up,61,56,61,260,87.8,A,8.7,5.49,8.63,Pass,2,5.2,5.3,2.9,Yes,38,Yes,High,2,3,79,Visual,68,81,12,4.92,33,62,Blended,4.8,28,20,2,3,No
46,BCA0046,MMDU2026REG0046,MMDU,MMICTBM,CS,BCA,Data Science,Female,2005-01-03,21,OBC,No,Haryana,Indian,6-8 LPA,10th,Farmer,Yes,No,NA,80.87,State,91.3,CBSE,Arts,75,1883,Management,1,2025-26,VI,BCA601,Final Semester,Core,4,3,FAC111,120,62,62,Low,36,26,0.85,0,11,0.77,72,57,83,243,40,Flat,55,86,63,236,64.33,A,6.2,5.34,6.76,Pass,2,3.2,7.1,3.3,Yes,9,Yes,Medium,1,3,69,Reading,75,85,5,4.53,23,44,Traditional,4.3,11,20,8,3,No
47,BCA0047,MMDU2026REG0047,MMDU,MMICTBM,CS,BCA,Cyber Security,Female,2004-11-19,22,OBC,Yes,Bihar,Indian,4-6 LPA,Post-Graduate,Teacher,No,Yes,Private,68.5,State,84.86,State,Commerce,61,1377,Quota,1,2025-26,VI,BCA601,Final Semester,Core,4,3.74,FAC119,120,78,78,Medium,56,23,0.81,3,4,0.86,60,80,88,230,50,Flat,60,58,86,226,63.46,A,9.5,8.01,7.52,Pass,0,5.9,5.7,6.4,No,14,No,Low,5,3,60,Reading,42,90,6,4.64,23,47,Traditional,4.65,21,8,4,2,Yes
48,BCA0048,MMDU2026REG0048,MMDU,MMICTBM,CS,BCA,Cloud,Male,2004-09-11,24,ST,Yes,Punjab,Indian,6-8 LPA,Graduate,Teacher,Yes,No,Private,76.16,State,73.28,CBSE,Commerce,50,5698,Quota,0,2025-26,VI,BCA601,Final Semester,Core,4,3.26,FAC108,120,73,73,Low,58,40,0.77,0,0,0.66,72,82,85,217,8,Flat,62,66,58,218,88.93,A,7,5.33,6.32,Pass,2,6.3,6.6,3.4,No,12,No,Medium,4,5,40,Visual,65,67,6,3.53,25,62,Online,4.84,15,26,4,2,Yes
49,BCA0049,MMDU2026REG0049,MMDU,MMICTBM,CS,BCA,AI,Male,2003-05-20,23,OBC,Yes,Haryana,Indian,4-6 LPA,10th,Service,Yes,No,NA,80.58,State,63.96,CBSE,Science,60,5382,Management,1,2025-26,VI,BCA601,Final Semester,Core,4,4.08,FAC101,120,72,72,Low,38,26,0.84,4,10,0.69,83,86,77,253,1,Down,79,61,64,243,65.77,A+,6.7,7.11,6,Pass,0,5.6,5.1,5.8,Yes,17,No,Low,5,4,47,Kinesthetic,48,85,15,3.75,32,58,Blended,4.1,22,12,4,0,Yes
50,BCA0050,MMDU2026REG0050,MMDU,MMICTBM,CS,BCA,AI,Female,2003-08-01,21,GEN,Yes,UP,Indian,6-8 LPA,Graduate,Teacher,No,Yes,Private,86.51,CBSE,87.9,State,Science,51,5752,Management,2,2025-26,VI,BCA601,Final Semester,Core,4,3.69,FAC116,120,94,94,High,40,44,1,4,12,0.81,95,67,86,248,28,Up,64,58,90,251,68.64,A+,7.8,6.26,6.36,Pass,0,7.7,7.4,3.7,Yes,44,Yes,Medium,1,4,61,Reading,48,55,14,4.75,17,44,Traditional,3.84,14,22,3,3,Yes
51,BCA0051,MMDU2026REG0051,MMDU,MMICTBM,CS,BCA,Cloud,Male,2004-06-03,21,SC,Yes,UP,Indian,2-4 LPA,Graduate,Farmer,No,Yes,NA,80.73,CBSE,85.84,CBSE,Commerce,89,5288,Management,2,2025-26,VI,BCA601,Final Semester,Core,4,3.56,FAC115,120,83,83,Medium,35,39,0.87,0,5,0.63,94,75,78,200,51,Down,72,81,82,186,81.98,C,7.1,5.62,8.89,Pass,2,7.6,5.6,4.2,Yes,40,Yes,High,5,3,50,Reading,50,63,12,4.24,31,34,Blended,4.32,29,32,8,5,No
52,BCA0052,MMDU2026REG0052,MMDU,MMICTBM,CS,BCA,Cloud,Male,2004-02-24,24,SC,Yes,Punjab,Indian,2-4 LPA,10th,Farmer,Yes,No,Govt,87.26,State,84.92,State,Commerce,87,3968,Management,0,2025-26,VI,BCA601,Final Semester,Core,4,3.94,FAC109,120,61,61,Low,40,20,0.73,1,5,0.64,71,82,85,191,36,Up,77,83,55,262,63.58,A+,9.1,7.01,6.06,Pass,1,2,7.5,6.9,Yes,37,No,High,5,2,59,Kinesthetic,80,74,18,4.03,35,41,Traditional,3.71,22,40,4,1,No
53,BCA0053,MMDU2026REG0053,MMDU,MMICTBM,CS,BCA,Cyber Security,Female,2002-12-30,21,SC,Yes,Haryana,Indian,4-6 LPA,10th,Farmer,Yes,Yes,Private,93.45,CBSE,94.56,CBSE,Commerce,60,3085,Management,2,2025-26,VI,BCA601,Final Semester,Core,4,3.07,FAC106,120,95,95,High,22,35,0.71,0,11,0.96,75,80,73,235,24,Down,59,59,69,197,74.55,C,6.3,8.11,8.27,Pass,1,6.4,7.7,5.6,Yes,27,No,Medium,5,1,50,Visual,60,84,20,3.83,24,78,Traditional,4.02,14,38,8,5,No
54,BCA0054,MMDU2026REG0054,MMDU,MMICTBM,CS,BCA,Data Science,Female,2004-10-17,23,OBC,Yes,Haryana,Indian,4-6 LPA,Graduate,Service,No,No,Govt,92.96,State,59.38,CBSE,Commerce,56,5049,Quota,0,2025-26,VI,BCA601,Final Semester,Core,4,4.31,FAC113,120,82,82,Medium,40,20,0.73,4,0,0.69,85,55,56,193,40,Flat,61,67,82,260,80.8,B+,9.2,8.8,7.17,Pass,0,2.7,7.4,3,No,56,Yes,Medium,3,4,44,Auditory,72,42,9,4.69,27,66,Traditional,3.62,9,18,3,2,No
55,BCA0055,MMDU2026REG0055,MMDU,MMICTBM,CS,BCA,Cyber Security,Female,2003-05-19,21,OBC,Yes,Punjab,Indian,<2 LPA,Post-Graduate,Farmer,Yes,Yes,Private,84.65,State,90.66,State,Arts,84,7497,Management,0,2025-26,VI,BCA601,Final Semester,Core,4,4.36,FAC101,120,100,100,High,55,31,0.9,0,11,0.61,95,87,71,246,27,Down,63,85,83,252,69.3,B+,8.7,5.13,6.87,Pass,1,7.6,5.3,4.4,No,12,No,Medium,4,5,64,Auditory,88,59,10,4.03,19,39,Online,4.89,30,18,7,2,Yes
56,BCA0056,MMDU2026REG0056,MMDU,MMICTBM,CS,BCA,Cloud,Male,2002-01-05,23,GEN,No,Bihar,Indian,<2 LPA,Post-Graduate,Business,No,Yes,NA,71.48,State,61.36,CBSE,Arts,63,7577,Merit,2,2025-26,VI,BCA601,Final Semester,Core,4,3.83,FAC104,120,68,68,Low,46,39,0.91,0,0,0.82,83,77,70,229,10,Down,59,70,82,200,82.54,C,7.7,6.06,7.63,Pass,1,2.4,6.2,3,Yes,40,Yes,High,1,2,84,Kinesthetic,86,84,19,4.7,25,76,Online,3.98,7,16,0,2,Yes
57,BCA0057,MMDU2026REG0057,MMDU,MMICTBM,CS,BCA,Data Science,Female,2003-09-27,21,SC,No,Punjab,Indian,4-6 LPA,10th,Teacher,Yes,Yes,Private,79.46,ICSE,62.1,State,Arts,84,4562,Management,0,2025-26,VI,BCA601,Final Semester,Core,4,4.37,FAC103,120,71,71,Low,48,35,0.77,3,5,0.83,85,65,83,253,31,Flat,73,81,86,198,80.58,A+,7,8.7,7.42,Pass,1,6,6.5,2.1,No,46,No,Low,2,5,46,Kinesthetic,82,87,10,4.52,22,72,Blended,4.38,30,22,3,1,No
58,BCA0058,MMDU2026REG0058,MMDU,MMICTBM,CS,BCA,Cyber Security,Female,2004-07-25,23,ST,Yes,Bihar,Indian,4-6 LPA,Post-Graduate,Teacher,No,Yes,Govt,79.67,State,80.49,CBSE,Arts,67,7380,Quota,1,2025-26,VI,BCA601,Final Semester,Core,4,4.37,FAC118,120,67,67,Low,31,28,0.77,0,4,0.89,63,78,67,209,9,Down,55,75,66,184,67.51,B+,9.1,5.48,8.67,Pass,1,6.5,7.3,6.5,No,7,Yes,Medium,2,3,59,Reading,75,70,12,4.43,22,67,Traditional,4.86,29,28,2,5,Yes
59,BCA0059,MMDU2026REG0059,MMDU,MMICTBM,CS,BCA,Data Science,Male,2003-06-12,24,SC,No,UP,Indian,2-4 LPA,10th,Farmer,Yes,Yes,Govt,78.87,ICSE,62.04,CBSE,Science,62,2618,Management,2,2025-26,VI,BCA601,Final Semester,Core,4,4.2,FAC105,120,86,86,High,45,35,0.78,3,8,0.67,71,62,85,225,39,Down,73,65,74,224,64.3,C,9.1,6.77,7.73,Pass,0,5.7,7.4,5.2,No,35,No,High,4,1,64,Auditory,90,90,5,4.8,30,48,Blended,4.1,21,17,9,4,No
60,BCA0060,MMDU2026REG0060,MMDU,MMICTBM,CS,BCA,Cloud,Female,2003-07-20,23,SC,Yes,Bihar,Indian,2-4 LPA,10th,Teacher,Yes,Yes,Private,79.2,CBSE,74.73,CBSE,Science,68,1265,Management,1,2025-26,VI,BCA601,Final Semester,Core,4,3.29,FAC110,120,84,84,Medium,46,35,0.78,4,9,0.92,64,89,65,210,30,Up,65,66,88,237,89.73,C,6.6,5.74,7.17,Pass,0,4.1,5.3,6.3,No,40,Yes,Low,1,3,79,Visual,47,85,15,4.92,31,37,Traditional,4.4,29,25,5,4,Yes
61,BCA0061,MMDU2026REG0061,MMDU,MMICTBM,CS,BCA,AI,Female,2004-09-01,21,SC,No,UP,Indian,6-8 LPA,10th,Service,Yes,No,Private,78.96,CBSE,84.44,State,Commerce,71,6920,Management,0,2025-26,VI,BCA601,Final Semester,Core,4,3.99,FAC101,120,79,79,Medium,30,28,0.74,5,9,0.93,69,80,64,180,5,Up,58,89,71,195,70.97,A+,8.4,6.44,8.14,Pass,1,7.4,6.9,6.4,Yes,58,No,Low,1,1,53,Auditory,70,70,19,4.12,26,34,Blended,4.47,8,27,2,4,Yes
62,BCA0062,MMDU2026REG0062,MMDU,MMICTBM,CS,BCA,Cloud,Male,2003-03-26,22,ST,Yes,Bihar,Indian,<2 LPA,10th,Service,Yes,Yes,NA,82.15,ICSE,57.79,State,Science,82,5426,Merit,0,2025-26,VI,BCA601,Final Semester,Core,4,3.57,FAC101,120,71,71,Low,51,20,0.86,2,11,0.81,78,83,78,182,7,Down,65,90,59,194,62.19,A+,8.8,5.89,7.18,Pass,2,5.5,5.1,6.3,Yes,15,No,Low,2,4,54,Kinesthetic,70,66,7,4.59,25,45,Online,4.7,14,33,6,4,No
63,BCA0063,MMDU2026REG0063,MMDU,MMICTBM,CS,BCA,AI,Male,2002-10-13,22,GEN,No,Haryana,Indian,4-6 LPA,10th,Service,No,No,Govt,90.92,ICSE,57.18,State,Arts,90,5591,Quota,2,2025-26,VI,BCA601,Final Semester,Core,4,3.57,FAC119,120,95,95,High,24,38,0.86,5,12,0.94,92,80,90,232,19,Up,57,73,83,184,67.38,B,8.2,8.22,8.3,Pass,2,6.5,7,6,No,19,No,Low,1,3,84,Reading,52,46,5,4.3,26,30,Online,4.31,22,35,9,2,Yes
64,BCA0064,MMDU2026REG0064,MMDU,MMICTBM,CS,BCA,Data Science,Male,2002-07-15,21,GEN,Yes,Haryana,Indian,<2 LPA,10th,Business,No,Yes,Govt,69.37,ICSE,78.39,State,Commerce,68,7920,Quota,0,2025-26,VI,BCA601,Final Semester,Core,4,4.24,FAC112,120,86,86,High,52,25,0.9,2,1,0.89,93,85,64,264,22,Down,86,57,70,256,80.09,A+,6.7,8.6,8.72,Pass,2,2.1,6.9,2.4,No,43,Yes,High,3,3,77,Reading,70,61,3,4.19,17,75,Traditional,4.65,13,13,0,5,No
65,BCA0065,MMDU2026REG0065,MMDU,MMICTBM,CS,BCA,AI,Male,2004-10-28,24,GEN,No,UP,Indian,4-6 LPA,Graduate,Farmer,Yes,Yes,Govt,94.13,State,92.8,CBSE,Science,77,4309,Quota,1,2025-26,VI,BCA601,Final Semester,Core,4,4.03,FAC113,120,90,90,High,26,38,0.74,0,2,0.75,80,65,87,246,47,Down,83,66,64,223,71.65,A,8.2,6.81,6.59,Pass,1,2.2,7.8,4.5,Yes,12,No,High,4,2,58,Visual,44,78,13,4.52,26,49,Blended,3.63,23,22,6,4,No
66,BCA0066,MMDU2026REG0066,MMDU,MMICTBM,CS,BCA,Data Science,Female,2003-03-18,24,OBC,Yes,Bihar,Indian,6-8 LPA,10th,Service,No,No,Private,69.13,CBSE,67.52,State,Science,82,1732,Management,2,2025-26,VI,BCA601,Final Semester,Core,4,4.33,FAC102,120,100,100,High,34,37,0.98,0,11,0.92,80,70,79,208,43,Down,61,60,79,251,89.23,A+,6.6,5.26,7.94,Pass,2,4.1,7.3,2.5,Yes,22,Yes,Low,1,3,72,Auditory,84,52,10,3.56,24,48,Blended,4.13,8,20,3,4,No
67,BCA0067,MMDU2026REG0067,MMDU,MMICTBM,CS,BCA,Data Science,Male,2002-11-07,22,OBC,Yes,UP,Indian,6-8 LPA,Graduate,Teacher,Yes,Yes,Govt,65.75,CBSE,61.92,CBSE,Commerce,73,3249,Quota,1,2025-26,VI,BCA601,Final Semester,Core,4,3.96,FAC108,120,70,70,Low,52,40,0.88,5,8,0.78,88,65,68,208,51,Down,82,80,63,184,80.61,A+,7.2,7.46,7.56,Pass,0,7.8,7,2.8,No,52,No,Medium,4,2,59,Auditory,74,67,10,4.61,25,49,Blended,4.79,6,16,6,1,No
68,BCA0068,MMDU2026REG0068,MMDU,MMICTBM,CS,BCA,Cloud,Female,2003-12-12,24,GEN,No,Bihar,Indian,<2 LPA,10th,Teacher,Yes,No,Private,64.32,ICSE,74.45,CBSE,Commerce,53,4186,Quota,2,2025-26,VI,BCA601,Final Semester,Core,4,3.88,FAC107,120,71,71,Low,32,32,0.72,3,7,0.86,64,86,59,223,50,Down,77,63,78,269,69.08,C,6.7,6.02,7.82,Pass,2,7,7,2.6,Yes,53,No,Medium,3,3,69,Auditory,77,71,9,4.3,29,31,Online,4.29,18,34,0,5,No
69,BCA0069,MMDU2026REG0069,MMDU,MMICTBM,CS,BCA,Cyber Security,Female,2003-06-24,23,GEN,No,Haryana,Indian,6-8 LPA,Post-Graduate,Farmer,No,No,Govt,94.84,CBSE,63.13,CBSE,Science,67,3332,Merit,2,2025-26,VI,BCA601,Final Semester,Core,4,4.43,FAC103,120,81,81,Medium,36,27,0.75,4,3,0.82,70,56,66,204,37,Up,78,70,67,236,72.71,C,6.4,8.91,6.3,Pass,0,3,6.4,2.6,No,12,Yes,Medium,1,5,56,Visual,44,72,18,3.5,28,54,Online,4.5,25,29,2,3,No
70,BCA0070,MMDU2026REG0070,MMDU,MMICTBM,CS,BCA,Cloud,Male,2002-12-04,21,SC,Yes,Bihar,Indian,<2 LPA,10th,Farmer,Yes,Yes,NA,90.87,ICSE,84.9,CBSE,Science,62,6495,Quota,1,2025-26,VI,BCA601,Final Semester,Core,4,3.15,FAC117,120,70,70,Low,27,43,0.98,4,0,0.74,94,58,60,268,56,Up,65,83,85,210,65.36,B,8,5.51,8.94,Pass,0,7.2,5.4,5.6,No,11,No,Low,5,5,64,Visual,42,59,20,4.85,22,77,Traditional,4.59,29,20,4,1,Yes
71,BCA0071,MMDU2026REG0071,MMDU,MMICTBM,CS,BCA,Data Science,Female,2004-11-13,24,SC,Yes,Bihar,Indian,<2 LPA,Post-Graduate,Farmer,Yes,No,Govt,76.95,State,55.5,State,Commerce,87,1124,Management,1,2025-26,VI,BCA601,Final Semester,Core,4,4.04,FAC113,120,69,69,Low,56,27,0.77,3,1,0.79,61,81,55,180,15,Up,77,72,85,266,70.58,B,7.7,9.39,6.57,Pass,2,4.5,6,4.1,Yes,43,No,High,1,1,83,Kinesthetic,70,73,12,3.76,18,56,Online,3.81,21,19,1,2,No
72,BCA0072,MMDU2026REG0072,MMDU,MMICTBM,CS,BCA,Cloud,Female,2004-04-08,21,GEN,Yes,Punjab,Indian,6-8 LPA,Graduate,Service,Yes,No,NA,62.27,State,59.29,State,Arts,52,7684,Quota,0,2025-26,VI,BCA601,Final Semester,Core,4,3.1,FAC104,120,89,89,High,21,35,0.89,4,12,0.84,92,66,77,208,43,Flat,64,84,79,260,67.12,B+,7.3,6.8,7.6,Pass,0,7.4,5.9,5,No,47,No,Low,1,1,86,Kinesthetic,74,50,17,4.86,28,40,Blended,4.88,5,12,6,5,No
73,BCA0073,MMDU2026REG0073,MMDU,MMICTBM,CS,BCA,Data Science,Female,2003-11-05,21,ST,No,UP,Indian,4-6 LPA,Graduate,Farmer,Yes,Yes,Govt,74.78,CBSE,91.96,State,Commerce,65,3476,Quota,0,2025-26,VI,BCA601,Final Semester,Core,4,3.9,FAC105,120,76,76,Medium,27,43,0.83,0,11,0.84,60,80,65,192,7,Flat,62,83,65,247,87.62,B+,9.1,8.29,7.72,Pass,0,7,5.6,4.6,No,49,No,High,4,3,83,Reading,84,53,11,3.7,35,46,Traditional,4.84,27,18,6,3,No
74,BCA0074,MMDU2026REG0074,MMDU,MMICTBM,CS,BCA,Cloud,Female,2004-02-16,21,OBC,Yes,Haryana,Indian,6-8 LPA,Graduate,Farmer,No,No,NA,60.73,CBSE,79.78,CBSE,Arts,64,7161,Merit,1,2025-26,VI,BCA601,Final Semester,Core,4,3.62,FAC109,120,68,68,Low,52,35,0.88,1,8,0.61,65,61,84,270,50,Down,62,82,78,266,76.93,C,6.7,5.75,6.19,Pass,2,2.7,7.7,5.9,Yes,30,No,High,4,4,52,Visual,66,73,4,3.84,35,37,Online,4.31,6,18,7,3,No
75,BCA0075,MMDU2026REG0075,MMDU,MMICTBM,CS,BCA,Cloud,Male,2002-05-23,23,GEN,Yes,Haryana,Indian,6-8 LPA,Post-Graduate,Teacher,No,No,NA,80.72,ICSE,75.17,CBSE,Science,83,5549,Merit,0,2025-26,VI,BCA601,Final Semester,Core,4,3.26,FAC114,120,81,81,Medium,59,41,0.7,3,2,0.66,63,85,74,247,29,Up,68,79,68,190,78.42,C,6.7,6.18,8.94,Pass,0,5.4,6.7,2.8,No,52,Yes,Medium,1,2,68,Visual,43,87,12,4.24,16,70,Online,4.62,8,12,3,1,No
76,BCA0076,MMDU2026REG0076,MMDU,MMICTBM,CS,BCA,AI,Female,2004-07-27,21,SC,No,UP,Indian,<2 LPA,10th,Business,Yes,No,NA,81.73,ICSE,67.67,State,Science,53,1957,Management,1,2025-26,VI,BCA601,Final Semester,Core,4,3.32,FAC113,120,100,100,High,58,26,0.77,0,0,0.64,78,65,88,260,32,Down,67,77,84,186,80.73,C,8.6,8.25,6.38,Pass,2,3.2,7.2,6.2,Yes,15,Yes,Medium,2,1,42,Auditory,90,88,12,4.73,38,36,Online,3.81,25,11,5,2,No
77,BCA0077,MMDU2026REG0077,MMDU,MMICTBM,CS,BCA,AI,Female,2004-01-29,24,OBC,No,Punjab,Indian,<2 LPA,Graduate,Teacher,No,Yes,NA,74,CBSE,81.67,State,Arts,78,3819,Merit,0,2025-26,VI,BCA601,Final Semester,Core,4,4.41,FAC107,120,72,72,Low,35,27,0.83,3,10,0.76,80,86,75,197,8,Down,72,60,85,223,87.9,C,8.1,8.87,8.17,Pass,1,7.9,5.4,5.4,Yes,11,No,High,1,4,57,Visual,87,87,13,4.87,34,56,Traditional,4.52,17,37,8,0,Yes
78,BCA0078,MMDU2026REG0078,MMDU,MMICTBM,CS,BCA,Cyber Security,Male,2004-10-18,21,GEN,Yes,UP,Indian,2-4 LPA,Post-Graduate,Service,Yes,No,Govt,86.11,CBSE,90.27,State,Science,85,5977,Merit,1,2025-26,VI,BCA601,Final Semester,Core,4,3.13,FAC111,120,80,80,Medium,23,35,0.93,5,5,0.86,69,70,60,191,14,Up,65,60,70,214,60.61,B+,8.1,5.52,8.02,Pass,1,3.4,5.9,4.8,Yes,54,No,Medium,3,3,53,Reading,72,67,8,3.83,34,47,Online,4.71,22,37,0,3,No
79,BCA0079,MMDU2026REG0079,MMDU,MMICTBM,CS,BCA,Data Science,Male,2004-12-18,23,GEN,No,Haryana,Indian,4-6 LPA,Post-Graduate,Farmer,Yes,Yes,Private,67.36,CBSE,72.74,CBSE,Arts,57,2280,Management,1,2025-26,VI,BCA601,Final Semester,Core,4,4.45,FAC112,120,85,85,High,55,34,0.95,1,1,0.6,94,81,76,221,6,Up,59,72,87,244,63.35,B,7.5,8.54,8.39,Pass,1,6.4,5.3,2.9,Yes,54,No,Medium,5,3,58,Auditory,64,77,18,4.61,29,33,Blended,4.89,19,30,10,1,No
80,BCA0080,MMDU2026REG0080,MMDU,MMICTBM,CS,BCA,Data Science,Male,2004-09-20,21,SC,No,Bihar,Indian,2-4 LPA,Graduate,Farmer,No,Yes,NA,62.34,ICSE,59.76,CBSE,Science,68,2287,Management,2,2025-26,VI,BCA601,Final Semester,Core,4,4.28,FAC102,120,84,84,Medium,59,20,0.87,5,3,0.87,69,73,90,208,34,Flat,76,77,57,236,60.41,B,6,5.44,7.2,Pass,0,4.7,7.3,2.1,Yes,53,Yes,Medium,4,1,60,Auditory,40,44,6,4.16,29,61,Blended,4.06,5,30,1,5,No
81,BCA0081,MMDU2026REG0081,MMDU,MMICTBM,CS,BCA,Cloud,Male,2004-07-22,23,ST,No,Punjab,Indian,<2 LPA,10th,Business,No,No,Private,81.78,CBSE,71,State,Science,58,2904,Merit,0,2025-26,VI,BCA601,Final Semester,Core,4,4.14,FAC102,120,76,76,Medium,23,24,0.94,5,11,0.92,79,69,70,239,16,Flat,66,81,74,220,85.05,A+,7,5.35,6.44,Pass,2,7.2,5.9,4,No,47,Yes,Medium,5,1,62,Kinesthetic,58,52,19,3.71,31,60,Blended,4.03,14,23,5,0,No
82,BCA0082,MMDU2026REG0082,MMDU,MMICTBM,CS,BCA,Cyber Security,Male,2004-12-04,22,OBC,No,Bihar,Indian,6-8 LPA,10th,Business,Yes,Yes,NA,70.4,CBSE,86.8,State,Arts,58,6291,Quota,1,2025-26,VI,BCA601,Final Semester,Core,4,3.28,FAC116,120,99,99,High,22,21,1,0,11,0.75,95,61,72,221,2,Flat,67,85,55,262,63.68,B+,6.6,5.42,8.14,Pass,0,3.1,5.6,6.1,Yes,51,Yes,Medium,1,5,86,Visual,54,70,13,4.44,28,44,Blended,4.06,26,7,8,3,No
83,BCA0083,MMDU2026REG0083,MMDU,MMICTBM,CS,BCA,Cyber Security,Male,2002-03-19,23,OBC,No,UP,Indian,2-4 LPA,Post-Graduate,Farmer,No,No,Private,79.53,State,71.69,CBSE,Arts,51,4270,Merit,1,2025-26,VI,BCA601,Final Semester,Core,4,3.21,FAC119,120,87,87,High,60,28,0.85,1,12,0.69,85,69,70,266,55,Flat,83,79,75,260,64.36,A,8.5,7.35,8.89,Pass,1,6.8,5.4,6.8,Yes,12,No,Low,1,2,57,Auditory,47,89,20,4.59,25,41,Traditional,4.71,15,5,5,5,Yes
84,BCA0084,MMDU2026REG0084,MMDU,MMICTBM,CS,BCA,AI,Female,2004-10-13,21,OBC,No,Bihar,Indian,4-6 LPA,10th,Farmer,Yes,Yes,Private,67.31,ICSE,72.38,CBSE,Arts,58,3368,Quota,0,2025-26,VI,BCA601,Final Semester,Core,4,3.56,FAC117,120,73,73,Low,22,37,0.71,1,2,0.64,79,56,63,208,54,Up,67,60,73,251,77.78,A+,9.3,6.43,6.54,Pass,1,2.7,8,2.7,No,36,No,Medium,4,1,56,Reading,74,55,4,4.97,26,35,Online,3.86,15,37,6,4,Yes
85,BCA0085,MMDU2026REG0085,MMDU,MMICTBM,CS,BCA,Cyber Security,Female,2004-11-19,21,GEN,No,Haryana,Indian,4-6 LPA,Graduate,Service,No,No,NA,66.32,ICSE,86.14,State,Arts,69,2921,Merit,0,2025-26,VI,BCA601,Final Semester,Core,4,3.58,FAC114,120,83,83,Medium,26,29,0.96,1,2,0.83,62,86,86,187,20,Down,76,77,83,255,80.87,C,9.4,8.84,8.98,Pass,2,4.2,5.1,3.2,Yes,20,No,High,3,2,42,Reading,53,49,4,4.51,20,74,Online,4.34,16,19,4,0,No
86,BCA0086,MMDU2026REG0086,MMDU,MMICTBM,CS,BCA,Cloud,Female,2002-04-17,24,GEN,No,Bihar,Indian,<2 LPA,Post-Graduate,Farmer,No,No,NA,64.83,CBSE,60.83,State,Science,64,1078,Quota,2,2025-26,VI,BCA601,Final Semester,Core,4,3.43,FAC102,120,62,62,Low,34,20,0.71,4,9,0.99,63,66,72,202,45,Flat,73,66,68,182,82.54,A+,7.5,5.05,7.87,Pass,1,4.4,5,5.2,No,5,Yes,High,2,2,58,Auditory,43,44,20,3.91,31,36,Traditional,4.06,22,33,5,4,Yes
87,BCA0087,MMDU2026REG0087,MMDU,MMICTBM,CS,BCA,Data Science,Male,2002-02-13,23,GEN,No,Punjab,Indian,6-8 LPA,Graduate,Farmer,No,No,NA,83.52,CBSE,63.04,CBSE,Science,66,3802,Quota,1,2025-26,VI,BCA601,Final Semester,Core,4,4.35,FAC117,120,80,80,Medium,49,41,0.92,0,12,0.75,78,80,70,206,43,Down,87,90,62,193,68.09,A+,8.8,7.23,6.77,Pass,1,3.6,5.8,2.2,No,7,No,Medium,2,5,71,Reading,68,72,8,3.99,26,62,Traditional,3.8,12,37,6,3,No
88,BCA0088,MMDU2026REG0088,MMDU,MMICTBM,CS,BCA,Cyber Security,Female,2004-06-05,23,ST,No,Bihar,Indian,6-8 LPA,Post-Graduate,Business,No,No,Private,66.74,CBSE,90.02,CBSE,Commerce,64,7820,Merit,1,2025-26,VI,BCA601,Final Semester,Core,4,3.8,FAC118,120,62,62,Low,32,23,0.79,4,11,0.66,87,89,88,260,36,Up,63,77,86,253,77.57,A,9.2,8.72,6.23,Pass,1,6.5,7.1,2.7,Yes,57,No,Medium,4,2,81,Reading,75,65,9,4.75,37,45,Blended,3.74,15,32,2,1,Yes
89,BCA0089,MMDU2026REG0089,MMDU,MMICTBM,CS,BCA,AI,Male,2004-05-05,24,ST,Yes,Bihar,Indian,4-6 LPA,Post-Graduate,Teacher,Yes,Yes,NA,79.59,ICSE,62.5,CBSE,Arts,54,6363,Quota,1,2025-26,VI,BCA601,Final Semester,Core,4,3.23,FAC114,120,60,60,Low,26,36,0.9,4,8,0.89,90,84,73,229,24,Down,84,55,90,250,75.32,A+,8.9,9.49,8.28,Pass,0,7,6.9,5.5,Yes,45,Yes,Medium,1,4,64,Reading,47,60,6,4.99,26,60,Online,4.55,10,15,2,5,Yes
90,BCA0090,MMDU2026REG0090,MMDU,MMICTBM,CS,BCA,Cyber Security,Female,2005-02-16,23,ST,Yes,Haryana,Indian,2-4 LPA,Graduate,Service,Yes,Yes,NA,83.36,ICSE,66.45,CBSE,Arts,85,7575,Merit,2,2025-26,VI,BCA601,Final Semester,Core,4,3.08,FAC118,120,83,83,Medium,26,43,0.98,4,11,0.88,84,72,78,231,13,Up,90,66,73,215,87.3,B+,8.6,7.35,6.75,Pass,2,4.7,7.8,2.3,No,25,Yes,High,4,2,68,Reading,65,86,6,3.99,32,72,Blended,4.66,9,27,2,5,No
91,BCA0091,MMDU2026REG0091,MMDU,MMICTBM,CS,BCA,Cloud,Female,2003-10-16,22,ST,Yes,Punjab,Indian,<2 LPA,10th,Business,Yes,Yes,Private,91.93,ICSE,66.65,CBSE,Commerce,89,1943,Quota,0,2025-26,VI,BCA601,Final Semester,Core,4,4.47,FAC107,120,98,98,High,31,33,0.96,1,7,0.81,93,61,58,201,9,Up,73,80,90,191,62.61,A,8,8.26,7.7,Pass,1,7.1,6,4.5,No,19,No,High,2,3,48,Reading,60,61,18,4.05,21,64,Online,3.86,30,37,9,3,Yes
92,BCA0092,MMDU2026REG0092,MMDU,MMICTBM,CS,BCA,Data Science,Male,2003-11-23,22,ST,Yes,UP,Indian,2-4 LPA,Graduate,Farmer,Yes,Yes,Private,82.64,ICSE,62.69,State,Science,55,4680,Merit,1,2025-26,VI,BCA601,Final Semester,Core,4,3.18,FAC105,120,82,82,Medium,48,38,0.84,3,10,0.72,94,64,84,214,54,Flat,73,75,63,223,66.06,C,9.1,5.29,6.06,Pass,2,2.4,6.7,3.8,No,15,No,Low,4,2,87,Reading,77,47,13,4.2,17,66,Blended,3.82,28,23,6,3,Yes
93,BCA0093,MMDU2026REG0093,MMDU,MMICTBM,CS,BCA,AI,Female,2003-03-06,24,SC,Yes,UP,Indian,2-4 LPA,Graduate,Farmer,No,Yes,NA,70.13,State,58.08,State,Arts,74,3182,Quota,0,2025-26,VI,BCA601,Final Semester,Core,4,4.33,FAC104,120,98,98,High,24,25,0.94,0,3,0.75,65,62,70,221,32,Flat,85,62,60,202,67.1,A+,9.2,8.45,6.36,Pass,1,4.7,5.8,3.6,Yes,58,No,Medium,4,3,77,Visual,78,60,15,4.09,39,59,Online,4.75,22,37,10,5,No
94,BCA0094,MMDU2026REG0094,MMDU,MMICTBM,CS,BCA,Data Science,Female,2002-11-03,23,SC,No,UP,Indian,<2 LPA,Graduate,Business,Yes,Yes,NA,91.43,CBSE,68.81,State,Commerce,82,3737,Management,0,2025-26,VI,BCA601,Final Semester,Core,4,3.45,FAC101,120,87,87,High,33,40,0.72,1,0,0.88,66,86,60,260,48,Flat,77,66,80,253,66.06,A,7.1,8.39,7.07,Pass,2,5,5.5,4.5,No,42,Yes,High,2,1,68,Auditory,60,89,18,4.3,22,53,Online,4.51,28,7,6,1,Yes
95,BCA0095,MMDU2026REG0095,MMDU,MMICTBM,CS,BCA,AI,Male,2002-03-31,24,GEN,No,Punjab,Indian,6-8 LPA,10th,Farmer,Yes,No,Private,64.1,State,67.56,State,Arts,59,6493,Management,2,2025-26,VI,BCA601,Final Semester,Core,4,3.1,FAC102,120,79,79,Medium,32,34,0.79,3,10,0.77,79,64,68,263,4,Down,68,65,82,213,62.63,A,7.9,8,6.25,Pass,0,2.2,6.1,5,Yes,25,Yes,Low,5,1,72,Reading,80,66,19,4.1,16,36,Traditional,3.66,12,23,10,0,No
96,BCA0096,MMDU2026REG0096,MMDU,MMICTBM,CS,BCA,Data Science,Male,2002-12-19,22,ST,Yes,UP,Indian,6-8 LPA,Graduate,Teacher,Yes,No,Private,77.82,ICSE,62.98,State,Commerce,75,4763,Merit,2,2025-26,VI,BCA601,Final Semester,Core,4,4.4,FAC120,120,67,67,Low,22,36,0.89,3,12,0.79,88,89,85,264,4,Up,81,85,74,222,73.29,B,8.1,8.61,6.79,Pass,0,2.2,7,2,No,19,No,Medium,3,2,52,Auditory,78,67,13,4.67,25,59,Online,4.21,9,10,7,5,Yes
97,BCA0097,MMDU2026REG0097,MMDU,MMICTBM,CS,BCA,Cloud,Male,2002-05-01,22,GEN,No,Bihar,Indian,6-8 LPA,Graduate,Service,Yes,Yes,Private,94.54,ICSE,91.18,CBSE,Science,57,2515,Management,2,2025-26,VI,BCA601,Final Semester,Core,4,4.4,FAC114,120,87,87,High,21,31,0.88,5,9,0.91,79,83,82,231,55,Up,61,59,84,186,61.11,B,8.9,6.57,6.34,Pass,1,2.3,6.8,5.4,Yes,46,No,Medium,4,3,76,Reading,89,56,18,4.89,19,74,Traditional,4.24,11,12,3,5,No
98,BCA0098,MMDU2026REG0098,MMDU,MMICTBM,CS,BCA,Cloud,Female,2004-02-11,21,ST,Yes,UP,Indian,4-6 LPA,Post-Graduate,Service,Yes,No,Private,68.12,State,64.16,CBSE,Arts,59,4220,Quota,2,2025-26,VI,BCA601,Final Semester,Core,4,4.1,FAC117,120,92,92,High,45,32,0.88,3,7,0.76,93,59,71,230,19,Down,77,68,64,255,63.19,A,7.2,5.01,7.14,Pass,0,7.2,6.9,3.4,No,39,Yes,Low,4,5,72,Auditory,59,54,16,4.09,19,73,Blended,4.39,27,25,3,4,Yes
99,BCA0099,MMDU2026REG0099,MMDU,MMICTBM,CS,BCA,Cloud,Male,2004-03-25,24,SC,No,UP,Indian,6-8 LPA,Post-Graduate,Teacher,Yes,Yes,NA,82.42,State,65.24,CBSE,Arts,50,1548,Quota,2,2025-26,VI,BCA601,Final Semester,Core,4,4.21,FAC113,120,80,80,Medium,47,36,0.81,1,5,0.7,69,61,56,208,54,Flat,76,55,60,265,68.24,A+,8.9,6.29,8.28,Pass,1,7.5,6.1,5.5,Yes,10,No,Low,2,3,53,Kinesthetic,70,41,11,4.98,17,35,Blended,4.2,22,9,3,0,No
100,BCA0100,MMDU2026REG0100,MMDU,MMICTBM,CS,BCA,Cyber Security,Female,2004-07-24,24,SC,Yes,Haryana,Indian,6-8 LPA,10th,Business,Yes,No,Govt,86.25,State,66.93,State,Science,89,5867,Merit,2,2025-26,VI,BCA601,Final Semester,Core,4,3.4,FAC113,120,65,65,Low,44,44,0.72,2,5,0.63,94,70,65,243,14,Down,58,78,78,251,77.16,A,8.4,8.75,6.57,Pass,2,3.4,6.1,4,No,25,No,High,3,1,68,Reading,69,90,18,3.55,28,40,Traditional,4.02,5,6,0,4,Yes
101,BCA0101,MMDU2026REG0101,MMDU,MMICTBM,CS,BCA,AI,Female,2004-08-18,22,OBC,No,Punjab,Indian,<2 LPA,Graduate,Service,No,No,NA,88.32,State,72.95,State,Commerce,60,2630,Merit,2,2025-26,VI,BCA601,Final Semester,Core,4,4.46,FAC103,120,88,88,High,41,39,0.77,3,7,0.79,94,82,86,215,9,Flat,75,83,65,262,79.35,A,6.4,9.25,7.66,Pass,2,3.4,6,4.9,No,23,No,Low,2,4,90,Reading,48,70,17,4.16,26,30,Traditional,4.04,25,28,7,1,No
102,BCA0102,MMDU2026REG0102,MMDU,MMICTBM,CS,BCA,AI,Female,2003-09-18,21,ST,Yes,Punjab,Indian,4-6 LPA,10th,Teacher,Yes,Yes,Private,93.65,State,73.14,CBSE,Arts,73,7124,Quota,0,2025-26,VI,BCA601,Final Semester,Core,4,4.45,FAC107,120,93,93,High,23,42,0.79,4,6,0.91,70,72,78,181,38,Up,73,87,57,251,88.99,B,8.1,9.3,7.98,Pass,1,6.2,5.1,5.9,No,59,No,Medium,5,2,54,Visual,65,90,10,4.67,29,78,Blended,4,28,40,1,1,Yes
103,BCA0103,MMDU2026REG0103,MMDU,MMICTBM,CS,BCA,Cyber Security,Male,2004-10-20,21,SC,No,Bihar,Indian,4-6 LPA,Graduate,Service,No,No,NA,75.98,ICSE,74.3,State,Science,82,1710,Management,1,2025-26,VI,BCA601,Final Semester,Core,4,3.42,FAC118,120,95,95,High,54,33,0.93,2,11,0.68,80,67,77,183,27,Up,55,64,62,241,89.98,A,9.5,8.63,8.86,Pass,0,6.8,5.4,2.2,No,15,No,Low,2,5,79,Auditory,46,58,13,4.61,30,64,Blended,4.84,26,35,2,1,No
104,BCA0104,MMDU2026REG0104,MMDU,MMICTBM,CS,BCA,Cyber Security,Male,2004-03-19,24,ST,No,Haryana,Indian,<2 LPA,Graduate,Farmer,Yes,No,NA,66.41,State,92.47,CBSE,Commerce,56,2676,Merit,0,2025-26,VI,BCA601,Final Semester,Core,4,4.08,FAC116,120,79,79,Medium,47,35,0.85,1,1,0.97,62,58,89,183,19,Down,83,62,59,252,83.58,B,6,9.23,7.04,Pass,2,7.1,7.4,3.9,Yes,59,Yes,Medium,1,2,43,Auditory,62,63,7,4.5,32,63,Traditional,3.65,8,28,5,0,No
105,BCA0105,MMDU2026REG0105,MMDU,MMICTBM,CS,BCA,Cyber Security,Female,2004-03-08,21,GEN,No,UP,Indian,4-6 LPA,10th,Farmer,No,No,Private,87.58,State,75.83,State,Science,58,5514,Management,1,2025-26,VI,BCA601,Final Semester,Core,4,4.34,FAC116,120,82,82,Medium,37,44,0.88,5,12,0.64,82,74,88,204,32,Flat,68,67,87,180,66.15,B,8.5,7.11,6.9,Pass,2,4.2,6,3.2,No,58,No,Medium,5,5,52,Reading,42,72,4,4.5,30,57,Online,4.02,7,39,8,5,No
106,BCA0106,MMDU2026REG0106,MMDU,MMICTBM,CS,BCA,Data Science,Male,2004-11-13,24,SC,No,Bihar,Indian,4-6 LPA,Graduate,Farmer,Yes,No,Govt,91.6,State,79.65,CBSE,Commerce,68,7826,Management,2,2025-26,VI,BCA601,Final Semester,Core,4,3.25,FAC106,120,88,88,High,35,20,0.75,1,10,0.84,90,61,88,250,35,Down,57,58,71,212,87.59,B,7,7.94,7.94,Pass,1,2.3,5.8,2.3,Yes,24,Yes,Low,1,2,62,Reading,85,83,6,4.94,17,31,Traditional,3.65,17,9,1,5,Yes
107,BCA0107,MMDU2026REG0107,MMDU,MMICTBM,CS,BCA,Cyber Security,Female,2004-08-02,22,OBC,Yes,UP,Indian,4-6 LPA,Graduate,Business,Yes,Yes,Govt,90.12,State,73.14,CBSE,Commerce,64,4749,Merit,1,2025-26,VI,BCA601,Final Semester,Core,4,3.12,FAC102,120,97,97,High,58,34,0.87,0,4,0.64,64,56,71,237,40,Flat,86,63,86,238,75.89,C,9.5,9.49,6.12,Pass,1,2.1,7.3,4.4,Yes,46,No,Medium,4,1,66,Reading,58,69,20,4.35,21,54,Blended,3.87,5,6,10,0,Yes
108,BCA0108,MMDU2026REG0108,MMDU,MMICTBM,CS,BCA,Data Science,Female,2003-03-22,24,SC,No,Punjab,Indian,2-4 LPA,Graduate,Business,Yes,Yes,NA,87.77,CBSE,77.91,State,Commerce,68,1789,Management,2,2025-26,VI,BCA601,Final Semester,Core,4,3.39,FAC117,120,99,99,High,47,31,0.89,0,5,0.8,92,77,63,194,50,Up,77,83,84,233,78.1,B,6.6,5.34,7.72,Pass,1,4.8,7.3,3.9,Yes,15,Yes,Low,5,3,40,Reading,89,59,13,4.54,16,66,Blended,4.03,5,40,3,2,Yes
109,BCA0109,MMDU2026REG0109,MMDU,MMICTBM,CS,BCA,AI,Male,2003-03-02,24,GEN,Yes,Haryana,Indian,<2 LPA,Post-Graduate,Teacher,Yes,Yes,Govt,91.37,ICSE,69.89,CBSE,Arts,61,2218,Merit,1,2025-26,VI,BCA601,Final Semester,Core,4,4.39,FAC109,120,87,87,High,47,30,0.77,0,9,0.62,61,83,79,222,2,Up,67,76,56,212,76.33,C,6.6,8.35,6.22,Pass,0,7.8,6.2,2.2,Yes,32,Yes,High,1,1,40,Kinesthetic,44,75,9,3.95,40,70,Online,4.83,11,25,2,2,Yes
110,BCA0110,MMDU2026REG0110,MMDU,MMICTBM,CS,BCA,Data Science,Male,2005-01-29,23,SC,No,Haryana,Indian,4-6 LPA,Post-Graduate,Farmer,Yes,Yes,NA,73.61,CBSE,67.66,State,Arts,70,4176,Merit,1,2025-26,VI,BCA601,Final Semester,Core,4,4.39,FAC108,120,73,73,Low,52,44,0.77,2,7,0.65,91,69,77,248,43,Flat,68,86,66,233,69.11,A,9.5,8.55,6.18,Pass,0,2.7,5.3,4.2,No,29,No,High,5,5,58,Kinesthetic,90,89,18,4.45,22,38,Traditional,4.41,21,14,4,4,No
111,BCA0111,MMDU2026REG0111,MMDU,MMICTBM,CS,BCA,Data Science,Male,2004-05-13,24,ST,Yes,Bihar,Indian,2-4 LPA,10th,Business,Yes,No,Private,85.05,CBSE,65.65,CBSE,Arts,78,5857,Merit,2,2025-26,VI,BCA601,Final Semester,Core,4,3.77,FAC107,120,64,64,Low,58,24,0.71,3,11,0.65,77,62,73,262,29,Down,66,72,61,228,81.02,A,6.8,5.7,8.53,Pass,2,2.3,6.5,6.3,Yes,14,No,Medium,4,4,90,Reading,85,88,8,4.03,31,74,Blended,4.09,6,34,1,5,No
112,BCA0112,MMDU2026REG0112,MMDU,MMICTBM,CS,BCA,AI,Male,2004-07-07,22,GEN,Yes,UP,Indian,6-8 LPA,Post-Graduate,Business,No,No,Private,63,CBSE,69.83,CBSE,Arts,74,3513,Management,2,2025-26,VI,BCA601,Final Semester,Core,4,3.64,FAC110,120,91,91,High,51,37,0.84,3,7,0.61,88,76,57,205,14,Down,72,84,73,203,70.76,C,7.2,7.74,8.77,Pass,1,3.3,7,6,No,49,No,High,4,1,68,Reading,47,46,15,4.37,21,48,Online,3.78,27,9,9,0,Yes
113,BCA0113,MMDU2026REG0113,MMDU,MMICTBM,CS,BCA,AI,Male,2004-04-09,22,SC,Yes,Bihar,Indian,6-8 LPA,10th,Service,Yes,No,NA,81.13,CBSE,83.41,State,Arts,83,7528,Quota,1,2025-26,VI,BCA601,Final Semester,Core,4,3.54,FAC105,120,74,74,Low,24,41,0.85,5,0,0.97,74,78,67,187,49,Up,60,76,75,193,77.06,A,7.1,5.99,7.65,Pass,2,3.9,7.9,3,Yes,5,No,High,4,5,47,Auditory,64,46,11,4.47,17,34,Traditional,4.3,23,19,4,3,Yes
114,BCA0114,MMDU2026REG0114,MMDU,MMICTBM,CS,BCA,Data Science,Male,2003-09-23,21,ST,No,Bihar,Indian,4-6 LPA,10th,Business,Yes,Yes,Govt,84.76,CBSE,57.02,State,Commerce,53,7339,Management,1,2025-26,VI,BCA601,Final Semester,Core,4,4.02,FAC118,120,64,64,Low,43,34,0.84,2,2,0.89,60,71,67,260,18,Up,88,80,89,205,84.19,B+,7.5,5.97,8.79,Pass,2,5.9,7.9,4.7,No,44,No,Low,3,4,77,Kinesthetic,87,63,14,3.73,37,50,Online,4.08,29,33,3,4,No
115,BCA0115,MMDU2026REG0115,MMDU,MMICTBM,CS,BCA,Data Science,Female,2003-08-21,22,ST,No,Haryana,Indian,<2 LPA,10th,Teacher,Yes,Yes,Govt,78.13,CBSE,73.26,State,Arts,50,6110,Management,1,2025-26,VI,BCA601,Final Semester,Core,4,4.44,FAC101,120,83,83,Medium,40,43,0.73,5,11,0.8,93,68,55,181,47,Flat,57,56,60,265,67.41,B+,8.5,8.21,7.35,Pass,0,3.2,5.7,5.7,No,27,Yes,Medium,5,2,53,Auditory,88,78,20,3.54,32,72,Online,4.85,8,22,5,5,No
116,BCA0116,MMDU2026REG0116,MMDU,MMICTBM,CS,BCA,Cyber Security,Male,2002-10-06,23,GEN,No,Bihar,Indian,2-4 LPA,Post-Graduate,Farmer,No,No,Govt,61.68,ICSE,61.16,CBSE,Commerce,81,2442,Management,0,2025-26,VI,BCA601,Final Semester,Core,4,4.2,FAC114,120,80,80,Medium,49,36,0.92,3,5,0.82,71,69,84,214,46,Flat,78,73,80,206,82.58,A,6.2,7.97,6.59,Pass,2,3.7,7.9,5.9,No,18,Yes,High,2,3,90,Visual,66,51,16,4.28,29,40,Online,3.71,18,18,5,3,No
117,BCA0117,MMDU2026REG0117,MMDU,MMICTBM,CS,BCA,AI,Male,2004-12-26,24,SC,No,Punjab,Indian,4-6 LPA,10th,Teacher,Yes,Yes,NA,83.51,CBSE,80.72,CBSE,Science,85,7497,Management,1,2025-26,VI,BCA601,Final Semester,Core,4,3.13,FAC107,120,71,71,Low,25,25,0.77,2,7,0.8,71,60,74,190,9,Down,55,61,71,216,79.39,A+,7.4,6.78,6.95,Pass,1,5.8,6.9,4.7,No,18,Yes,Medium,3,5,76,Kinesthetic,90,50,18,4,26,70,Online,4.02,5,26,7,0,No
118,BCA0118,MMDU2026REG0118,MMDU,MMICTBM,CS,BCA,Data Science,Female,2004-12-29,23,SC,No,Haryana,Indian,2-4 LPA,10th,Teacher,No,Yes,Govt,82.21,CBSE,63.42,CBSE,Science,52,2522,Quota,1,2025-26,VI,BCA601,Final Semester,Core,4,4.49,FAC103,120,95,95,High,59,38,0.81,4,8,0.64,80,73,60,192,14,Up,61,61,60,242,67.95,C,6.2,5.87,6.19,Pass,0,6.5,5.4,6.9,No,29,Yes,Low,1,3,64,Visual,51,49,13,4.46,36,34,Blended,3.57,6,29,10,0,Yes
119,BCA0119,MMDU2026REG0119,MMDU,MMICTBM,CS,BCA,Data Science,Male,2002-10-07,23,OBC,Yes,Bihar,Indian,<2 LPA,Graduate,Teacher,Yes,No,Private,82.2,State,82.78,CBSE,Commerce,53,4292,Management,1,2025-26,VI,BCA601,Final Semester,Core,4,4.44,FAC115,120,62,62,Low,46,27,0.74,2,10,0.78,71,84,68,264,43,Down,56,60,67,219,61.12,B,6.1,5.46,8.88,Pass,0,2.7,5.4,2.4,No,23,Yes,Medium,4,1,58,Kinesthetic,40,75,8,4.99,22,63,Online,3.66,8,26,1,0,No
120,BCA0120,MMDU2026REG0120,MMDU,MMICTBM,CS,BCA,Cyber Security,Female,2003-02-04,23,OBC,No,Haryana,Indian,6-8 LPA,Post-Graduate,Farmer,No,Yes,Private,93.43,ICSE,55.61,CBSE,Science,80,3097,Quota,0,2025-26,VI,BCA601,Final Semester,Core,4,3.2,FAC113,120,99,99,High,56,20,0.95,5,6,0.98,88,86,61,263,48,Up,68,83,82,215,65.53,B+,7.3,8.62,8.54,Pass,0,7.5,7.8,3.6,Yes,34,No,Low,5,3,57,Visual,51,49,5,3.87,32,80,Traditional,4.2,20,6,10,1,No
121,BCA0121,MMDU2026REG0121,MMDU,MMICTBM,CS,BCA,Cloud,Female,2003-01-20,21,GEN,No,Bihar,Indian,<2 LPA,Graduate,Service,No,No,Govt,77.64,ICSE,77.88,State,Science,69,2704,Merit,0,2025-26,VI,BCA601,Final Semester,Core,4,4.17,FAC103,120,98,98,High,48,32,0.93,5,10,0.62,87,57,86,242,20,Up,57,57,79,223,63.73,B,9.2,5.98,7.37,Pass,0,5,5,3.5,No,52,Yes,Low,2,2,47,Kinesthetic,40,89,10,4.24,21,57,Traditional,4.65,30,34,8,5,No
122,BCA0122,MMDU2026REG0122,MMDU,MMICTBM,CS,BCA,Data Science,Male,2004-02-17,23,OBC,Yes,Punjab,Indian,4-6 LPA,Post-Graduate,Business,Yes,Yes,NA,86.76,CBSE,90.03,State,Science,52,3421,Management,0,2025-26,VI,BCA601,Final Semester,Core,4,3.86,FAC120,120,88,88,High,31,42,0.9,0,8,1,72,59,66,241,20,Up,68,55,81,207,72.9,B,7.6,6.76,6.88,Pass,0,2.6,5.7,4.9,No,58,Yes,Medium,4,5,86,Visual,43,54,8,4.48,16,33,Traditional,4.5,28,33,1,2,Yes
123,BCA0123,MMDU2026REG0123,MMDU,MMICTBM,CS,BCA,Cloud,Male,2002-10-31,21,ST,Yes,Punjab,Indian,<2 LPA,Post-Graduate,Service,No,No,Govt,75.21,ICSE,82.81,CBSE,Arts,66,7415,Management,2,2025-26,VI,BCA601,Final Semester,Core,4,4.31,FAC111,120,75,75,Medium,60,30,0.88,2,10,0.63,90,65,87,196,60,Up,81,90,69,252,82.51,A,6.5,8.87,7.89,Pass,1,2.7,7.3,6.7,Yes,34,No,High,2,3,88,Visual,68,46,14,3.78,24,36,Online,4.5,5,36,1,1,No
124,BCA0124,MMDU2026REG0124,MMDU,MMICTBM,CS,BCA,Cyber Security,Female,2002-11-30,22,OBC,No,Punjab,Indian,6-8 LPA,10th,Teacher,No,No,NA,91.12,CBSE,84.82,State,Science,85,4885,Management,1,2025-26,VI,BCA601,Final Semester,Core,4,4.08,FAC112,120,75,75,Medium,23,22,0.92,1,3,0.79,86,81,55,200,5,Down,75,66,78,195,80.84,B+,6.3,9.4,7.98,Pass,0,7.6,5.2,6.8,Yes,58,Yes,High,5,3,68,Reading,56,50,19,3.64,26,67,Online,4.94,22,21,7,2,No
125,BCA0125,MMDU2026REG0125,MMDU,MMICTBM,CS,BCA,Cyber Security,Female,2004-06-02,22,SC,No,Bihar,Indian,4-6 LPA,10th,Business,No,No,Govt,94.18,State,89.96,State,Arts,71,6761,Quota,1,2025-26,VI,BCA601,Final Semester,Core,4,3.25,FAC118,120,66,66,Low,33,36,0.88,4,5,0.63,92,59,74,225,55,Down,67,70,60,259,62.75,A,7.2,6.93,8.03,Pass,0,5.1,6,5.6,No,51,No,Medium,3,4,90,Kinesthetic,48,45,5,3.52,27,60,Online,3.93,12,15,3,1,No
126,BCA0126,MMDU2026REG0126,MMDU,MMICTBM,CS,BCA,Cyber Security,Female,2003-04-09,24,ST,No,Punjab,Indian,4-6 LPA,Graduate,Business,No,No,NA,64.9,CBSE,73.58,State,Commerce,69,1150,Merit,1,2025-26,VI,BCA601,Final Semester,Core,4,4.14,FAC118,120,63,63,Low,45,34,0.88,1,6,0.93,64,72,82,183,34,Flat,62,58,59,263,60.26,B,7.8,6.33,7.87,Pass,1,4.2,5.2,2.3,Yes,47,Yes,Medium,5,2,89,Auditory,86,86,19,4.57,30,73,Blended,4.65,20,24,10,1,No
127,BCA0127,MMDU2026REG0127,MMDU,MMICTBM,CS,BCA,Cloud,Female,2002-08-17,24,GEN,No,Punjab,Indian,2-4 LPA,Post-Graduate,Business,No,No,Govt,68.79,ICSE,86.33,State,Commerce,80,5848,Merit,0,2025-26,VI,BCA601,Final Semester,Core,4,4.47,FAC103,120,65,65,Low,60,41,0.73,4,0,0.97,76,82,58,261,17,Up,69,60,55,263,81.88,B,6.1,5.79,6.44,Pass,0,7.4,7.2,6.1,No,8,No,Medium,4,5,71,Reading,61,50,15,4.07,36,72,Traditional,4.16,16,6,9,5,No
128,BCA0128,MMDU2026REG0128,MMDU,MMICTBM,CS,BCA,Cloud,Female,2003-04-30,21,GEN,No,Bihar,Indian,4-6 LPA,Graduate,Teacher,No,Yes,Govt,86.65,CBSE,71.34,State,Science,60,2243,Merit,0,2025-26,VI,BCA601,Final Semester,Core,4,3.37,FAC111,120,70,70,Low,26,37,0.84,1,0,0.67,95,85,68,189,1,Flat,64,57,80,223,71.92,A,7.6,9.16,6.47,Pass,2,3.2,7.8,4.4,No,47,No,Low,5,3,66,Reading,52,42,11,3.65,31,69,Traditional,3.54,17,18,3,4,Yes
129,BCA0129,MMDU2026REG0129,MMDU,MMICTBM,CS,BCA,AI,Female,2004-04-01,24,SC,Yes,Bihar,Indian,4-6 LPA,10th,Farmer,No,No,NA,83.12,State,78.52,CBSE,Commerce,81,4578,Quota,0,2025-26,VI,BCA601,Final Semester,Core,4,3.11,FAC102,120,71,71,Low,41,31,0.73,4,0,0.93,86,64,66,231,32,Down,88,69,64,204,89.36,B+,8.7,5.69,7.53,Pass,2,6,7.4,5.6,No,32,Yes,High,2,4,88,Reading,62,82,10,3.95,31,62,Online,4.1,27,24,1,4,No
130,BCA0130,MMDU2026REG0130,MMDU,MMICTBM,CS,BCA,Data Science,Male,2004-05-20,22,OBC,Yes,UP,Indian,2-4 LPA,Graduate,Business,No,Yes,Govt,69.31,ICSE,59.82,State,Arts,79,4005,Management,1,2025-26,VI,BCA601,Final Semester,Core,4,3.14,FAC110,120,88,88,High,50,37,0.8,4,10,0.71,94,84,58,191,45,Down,61,55,60,183,66.58,B+,6.4,9.37,7.98,Pass,1,2.3,6.9,2.6,No,46,Yes,Low,4,2,90,Reading,84,42,9,4.92,27,75,Online,4.42,9,6,4,4,Yes
131,BCA0131,MMDU2026REG0131,MMDU,MMICTBM,CS,BCA,Data Science,Male,2005-01-08,23,SC,Yes,Bihar,Indian,<2 LPA,Post-Graduate,Farmer,Yes,Yes,Private,88.47,CBSE,55.38,State,Commerce,55,7480,Merit,0,2025-26,VI,BCA601,Final Semester,Core,4,3.78,FAC101,120,99,99,High,48,43,0.76,0,0,0.74,95,86,82,192,42,Down,55,77,55,208,73.29,B+,6.5,6.98,7.78,Pass,1,6.3,7.7,2.9,Yes,23,Yes,Low,2,2,75,Kinesthetic,71,66,7,4.64,38,55,Blended,5,11,25,1,2,Yes
132,BCA0132,MMDU2026REG0132,MMDU,MMICTBM,CS,BCA,AI,Male,2004-07-15,24,OBC,Yes,Haryana,Indian,6-8 LPA,10th,Business,Yes,Yes,Private,74.2,CBSE,82.25,State,Arts,80,6770,Merit,0,2025-26,VI,BCA601,Final Semester,Core,4,3.54,FAC112,120,89,89,High,43,23,0.83,4,11,0.77,81,61,83,258,7,Up,80,58,73,186,78.61,A,9.1,8.23,8.84,Pass,2,3.9,6.3,2.3,No,42,Yes,High,3,5,66,Auditory,50,61,10,4.84,20,49,Blended,4.91,19,14,0,2,No
133,BCA0133,MMDU2026REG0133,MMDU,MMICTBM,CS,BCA,AI,Female,2002-09-20,22,GEN,No,Punjab,Indian,<2 LPA,Post-Graduate,Teacher,Yes,No,Govt,76.66,ICSE,68.79,CBSE,Science,60,7428,Management,1,2025-26,VI,BCA601,Final Semester,Core,4,3.45,FAC118,120,69,69,Low,21,44,0.85,3,5,0.67,71,82,89,224,50,Up,90,72,89,200,69.94,B,6.4,9.13,8.88,Pass,2,3.4,5.1,3.4,Yes,53,Yes,High,2,1,51,Auditory,52,46,10,3.6,40,47,Traditional,4.32,24,14,9,1,No
134,BCA0134,MMDU2026REG0134,MMDU,MMICTBM,CS,BCA,Data Science,Female,2004-02-17,24,SC,No,Haryana,Indian,6-8 LPA,Graduate,Service,No,Yes,Govt,60.77,State,73.87,CBSE,Arts,84,4824,Management,0,2025-26,VI,BCA601,Final Semester,Core,4,4.32,FAC101,120,73,73,Low,44,42,0.96,4,10,0.83,64,55,86,264,41,Up,60,89,62,249,80.43,A+,8.8,5.16,8.05,Pass,1,3.1,6.1,3,Yes,40,No,High,1,2,70,Visual,47,44,11,4.8,38,39,Online,4.19,5,34,8,0,Yes
135,BCA0135,MMDU2026REG0135,MMDU,MMICTBM,CS,BCA,Cyber Security,Female,2002-03-30,22,GEN,No,UP,Indian,4-6 LPA,10th,Business,No,Yes,NA,71.57,State,90.24,CBSE,Science,86,2377,Merit,0,2025-26,VI,BCA601,Final Semester,Core,4,4.14,FAC116,120,80,80,Medium,54,37,0.82,1,3,0.85,78,71,72,206,35,Flat,70,65,60,232,66.02,B,6.3,5.11,7.29,Pass,0,2.1,7.2,3.6,Yes,11,No,High,1,5,71,Visual,68,42,19,4.79,23,47,Traditional,4.79,24,17,1,0,Yes
136,BCA0136,MMDU2026REG0136,MMDU,MMICTBM,CS,BCA,Data Science,Female,2003-04-27,21,SC,Yes,Punjab,Indian,<2 LPA,10th,Teacher,Yes,Yes,Govt,63.19,CBSE,94.2,State,Science,55,2359,Quota,0,2025-26,VI,BCA601,Final Semester,Core,4,3.1,FAC101,120,84,84,Medium,38,33,0.92,0,6,0.67,80,82,63,265,22,Up,90,87,70,216,83.43,B,8.1,5.94,8.57,Pass,1,4,5.5,4.1,No,60,Yes,Medium,1,2,51,Visual,77,43,20,3.86,16,39,Traditional,4.99,24,37,6,1,Yes
137,BCA0137,MMDU2026REG0137,MMDU,MMICTBM,CS,BCA,AI,Female,2002-01-25,21,SC,Yes,UP,Indian,4-6 LPA,10th,Service,No,Yes,Private,84.14,State,87.84,CBSE,Commerce,72,3482,Merit,0,2025-26,VI,BCA601,Final Semester,Core,4,3.75,FAC107,120,66,66,Low,41,39,0.86,3,10,0.94,61,70,80,266,16,Up,60,63,66,266,65.46,A+,9.2,6.46,7.52,Pass,2,4,6.8,6.3,No,35,Yes,Low,4,2,79,Kinesthetic,46,79,17,4.61,30,32,Blended,4.05,11,12,0,2,No
138,BCA0138,MMDU2026REG0138,MMDU,MMICTBM,CS,BCA,Data Science,Female,2004-09-25,21,OBC,No,Bihar,Indian,<2 LPA,Graduate,Teacher,No,No,Govt,81.25,ICSE,92.79,CBSE,Commerce,54,2795,Quota,0,2025-26,VI,BCA601,Final Semester,Core,4,3.49,FAC103,120,75,75,Medium,48,41,0.98,2,2,0.66,81,59,68,237,44,Up,67,64,61,243,65.45,B+,8.6,7.76,6.42,Pass,0,2.7,5.9,4.2,No,17,Yes,Low,2,1,55,Kinesthetic,60,66,6,4.04,39,34,Blended,4.2,23,10,0,2,Yes
139,BCA0139,MMDU2026REG0139,MMDU,MMICTBM,CS,BCA,Data Science,Female,2005-02-01,24,ST,Yes,UP,Indian,<2 LPA,Graduate,Farmer,Yes,No,Private,71.94,CBSE,80.1,CBSE,Arts,83,1796,Management,1,2025-26,VI,BCA601,Final Semester,Core,4,3.52,FAC109,120,97,97,High,31,28,0.82,2,3,0.63,88,88,85,187,55,Flat,73,58,62,183,70.83,A+,7.8,5.36,8.03,Pass,0,6.6,7.5,6.2,No,27,Yes,Medium,2,3,78,Auditory,65,71,15,3.57,25,58,Traditional,4.71,24,21,7,0,No
140,BCA0140,MMDU2026REG0140,MMDU,MMICTBM,CS,BCA,AI,Female,2004-01-16,23,ST,No,Punjab,Indian,<2 LPA,10th,Service,No,Yes,NA,76.09,ICSE,62.34,CBSE,Science,66,3549,Quota,0,2025-26,VI,BCA601,Final Semester,Core,4,3.99,FAC101,120,92,92,High,46,30,0.97,1,4,0.7,60,63,81,257,14,Up,64,76,61,222,64.81,C,7.1,8.38,7.97,Pass,2,7.2,7.3,2.4,No,28,Yes,Low,4,5,74,Auditory,72,63,17,4.57,38,39,Traditional,4.11,30,34,4,3,Yes
141,BCA0141,MMDU2026REG0141,MMDU,MMICTBM,CS,BCA,Cyber Security,Female,2002-02-15,22,GEN,No,Haryana,Indian,<2 LPA,Graduate,Business,No,No,Private,94.61,CBSE,85.77,CBSE,Science,50,7589,Quota,0,2025-26,VI,BCA601,Final Semester,Core,4,4.11,FAC117,120,91,91,High,60,38,0.92,1,12,0.73,60,75,78,224,2,Down,78,84,87,220,73.08,A,6.5,7.32,7.57,Pass,0,2.1,6.7,4.7,Yes,31,No,Low,4,4,42,Auditory,64,70,4,4.96,33,59,Blended,4.48,27,31,9,2,Yes
142,BCA0142,MMDU2026REG0142,MMDU,MMICTBM,CS,BCA,Data Science,Female,2004-02-16,21,GEN,Yes,UP,Indian,6-8 LPA,Post-Graduate,Farmer,Yes,Yes,Govt,80.81,State,90.99,State,Arts,85,4274,Quota,2,2025-26,VI,BCA601,Final Semester,Core,4,3.32,FAC104,120,70,70,Low,33,34,0.76,4,5,0.63,72,58,76,259,11,Down,63,82,57,269,70.96,C,7.6,5.89,6.77,Pass,0,3.2,7.9,6.7,Yes,41,Yes,High,1,2,60,Kinesthetic,49,49,16,4.74,27,69,Traditional,4.06,13,38,5,4,Yes
143,BCA0143,MMDU2026REG0143,MMDU,MMICTBM,CS,BCA,Cyber Security,Male,2004-03-15,22,OBC,No,Bihar,Indian,6-8 LPA,Post-Graduate,Business,No,No,Private,80.7,ICSE,76.58,CBSE,Science,55,3628,Merit,2,2025-26,VI,BCA601,Final Semester,Core,4,4.27,FAC112,120,65,65,Low,41,21,0.92,0,5,0.97,67,90,83,236,29,Flat,60,55,68,202,74.08,B,7.8,6.17,7.44,Pass,0,4.1,6,2.9,Yes,22,Yes,High,2,2,55,Kinesthetic,49,54,20,4.21,21,67,Online,4.91,8,29,9,3,Yes
144,BCA0144,MMDU2026REG0144,MMDU,MMICTBM,CS,BCA,Cyber Security,Female,2003-01-26,21,GEN,No,Haryana,Indian,4-6 LPA,10th,Business,No,No,Govt,82.96,State,66.46,CBSE,Arts,80,7029,Quota,0,2025-26,VI,BCA601,Final Semester,Core,4,4.4,FAC120,120,81,81,Medium,60,26,0.84,0,9,0.79,73,77,71,242,2,Up,68,59,90,236,60.9,A+,6.7,6.82,8.43,Pass,1,2.9,7.6,6.7,Yes,57,No,Low,5,3,69,Visual,77,81,18,4.53,26,59,Traditional,3.65,7,35,4,1,No
145,BCA0145,MMDU2026REG0145,MMDU,MMICTBM,CS,BCA,Cloud,Female,2003-10-01,23,ST,Yes,Bihar,Indian,4-6 LPA,Post-Graduate,Farmer,No,No,Govt,82.54,CBSE,60.19,CBSE,Arts,79,3978,Merit,2,2025-26,VI,BCA601,Final Semester,Core,4,4.09,FAC108,120,79,79,Medium,59,20,0.83,3,6,0.93,67,89,58,206,12,Up,88,87,61,257,63.15,B+,8.5,8.48,6.04,Pass,2,4.5,7,3.3,Yes,41,Yes,Medium,3,4,44,Kinesthetic,87,49,19,4.14,35,71,Online,3.67,19,16,1,2,No
146,BCA0146,MMDU2026REG0146,MMDU,MMICTBM,CS,BCA,AI,Female,2002-03-02,23,ST,No,Punjab,Indian,2-4 LPA,Graduate,Business,Yes,No,NA,92.14,CBSE,84.85,State,Arts,52,7572,Merit,1,2025-26,VI,BCA601,Final Semester,Core,4,3.83,FAC119,120,71,71,Low,42,25,0.82,2,0,0.66,78,76,77,190,6,Down,63,71,64,181,60.68,B,9.4,7.08,7.22,Pass,1,6.3,7.2,3.4,Yes,21,Yes,Medium,4,2,74,Reading,86,42,8,4.02,22,61,Blended,4.97,21,8,8,2,No
147,BCA0147,MMDU2026REG0147,MMDU,MMICTBM,CS,BCA,Data Science,Female,2003-06-06,22,SC,Yes,Punjab,Indian,2-4 LPA,10th,Service,No,No,Govt,91.2,ICSE,61.64,CBSE,Arts,57,2708,Quota,1,2025-26,VI,BCA601,Final Semester,Core,4,3.79,FAC116,120,75,75,Medium,26,22,0.81,0,3,0.77,79,84,73,238,43,Flat,64,88,90,202,82.36,A,7.2,5.55,6.07,Pass,2,6.7,6.2,4.7,No,25,No,Medium,1,4,49,Kinesthetic,49,87,16,3.94,36,47,Online,3.89,29,30,3,0,No
148,BCA0148,MMDU2026REG0148,MMDU,MMICTBM,CS,BCA,AI,Female,2002-04-10,21,GEN,No,UP,Indian,6-8 LPA,10th,Farmer,No,No,NA,63.32,CBSE,71.85,CBSE,Commerce,68,4864,Quota,2,2025-26,VI,BCA601,Final Semester,Core,4,4.37,FAC116,120,97,97,High,31,22,0.91,1,11,0.91,74,70,89,210,42,Up,90,80,75,256,68.05,A+,7.3,9.42,8.91,Pass,1,5,6.1,6.8,No,38,Yes,High,3,5,77,Auditory,69,49,10,4.43,36,47,Online,3.88,26,25,7,4,No
149,BCA0149,MMDU2026REG0149,MMDU,MMICTBM,CS,BCA,Cyber Security,Female,2002-10-31,22,OBC,No,Haryana,Indian,2-4 LPA,10th,Teacher,Yes,No,Govt,66.19,State,71.95,CBSE,Science,57,5679,Management,0,2025-26,VI,BCA601,Final Semester,Core,4,3.49,FAC111,120,100,100,High,37,22,0.76,3,0,0.8,94,87,78,269,42,Flat,79,89,83,213,79.28,B+,7.5,8.41,7.48,Pass,1,7.7,6.6,6.1,No,41,Yes,Medium,2,4,50,Reading,45,68,8,3.92,40,72,Blended,3.9,25,40,10,1,No
150,BCA0150,MMDU2026REG0150,MMDU,MMICTBM,CS,BCA,AI,Male,2003-01-14,23,ST,No,Bihar,Indian,<2 LPA,10th,Farmer,Yes,Yes,Private,74.8,State,89.17,CBSE,Science,64,3846,Merit,2,2025-26,VI,BCA601,Final Semester,Core,4,3.82,FAC119,120,60,60,Low,25,26,0.74,0,0,0.8,63,63,74,255,50,Flat,84,69,56,253,73.15,C,6.5,5.11,6.5,Pass,0,5.4,6.7,3.1,Yes,31,No,High,4,5,82,Auditory,65,55,10,3.71,15,78,Online,3.89,26,39,6,4,Yes
151,BCA0151,MMDU2026REG0151,MMDU,MMICTBM,CS,BCA,Cyber Security,Female,2002-05-27,24,OBC,Yes,Haryana,Indian,2-4 LPA,Post-Graduate,Service,No,No,Private,90.22,CBSE,88.8,CBSE,Science,76,6928,Merit,1,2025-26,VI,BCA601,Final Semester,Core,4,4.46,FAC115,120,86,86,High,45,22,0.93,5,11,0.99,88,77,80,181,2,Up,84,72,85,269,83.54,A,7.8,6.58,6.97,Pass,1,4.7,5.5,5.8,No,33,No,High,2,4,43,Reading,61,67,11,3.86,33,60,Traditional,4.7,11,23,4,4,No
152,BCA0152,MMDU2026REG0152,MMDU,MMICTBM,CS,BCA,Cloud,Female,2002-01-29,22,ST,Yes,Haryana,Indian,2-4 LPA,Graduate,Business,Yes,No,Govt,92.86,CBSE,86.52,State,Arts,64,7376,Quota,0,2025-26,VI,BCA601,Final Semester,Core,4,4,FAC116,120,61,61,Low,21,20,0.91,0,10,0.64,72,61,67,250,39,Up,66,82,66,197,61.43,A+,6,5.17,8.89,Pass,0,7,7.3,2.5,Yes,32,No,High,1,2,85,Kinesthetic,81,76,12,4.49,22,64,Traditional,3.65,24,23,6,5,No
153,BCA0153,MMDU2026REG0153,MMDU,MMICTBM,CS,BCA,Data Science,Female,2002-11-01,24,GEN,No,Bihar,Indian,2-4 LPA,Graduate,Teacher,Yes,No,NA,65.38,CBSE,69.38,CBSE,Science,51,1913,Quota,2,2025-26,VI,BCA601,Final Semester,Core,4,3.03,FAC105,120,91,91,High,21,25,0.75,1,0,0.87,67,90,75,259,48,Flat,64,86,56,211,81.35,B,8.3,5.51,7.56,Pass,2,2.9,6.8,4.1,Yes,32,Yes,High,3,3,58,Kinesthetic,61,64,5,3.52,24,51,Blended,3.7,18,36,3,0,No
154,BCA0154,MMDU2026REG0154,MMDU,MMICTBM,CS,BCA,AI,Male,2004-06-01,22,ST,No,Haryana,Indian,6-8 LPA,10th,Farmer,No,Yes,Private,61.47,CBSE,80.14,State,Commerce,75,3827,Management,0,2025-26,VI,BCA601,Final Semester,Core,4,3.7,FAC113,120,88,88,High,43,31,0.89,2,5,0.62,92,84,69,228,54,Up,71,87,80,184,67.38,B,6.9,6.79,6.66,Pass,2,6.3,8,4.1,No,41,Yes,Low,2,5,86,Auditory,52,68,15,4.51,30,69,Blended,3.85,29,12,4,0,No
155,BCA0155,MMDU2026REG0155,MMDU,MMICTBM,CS,BCA,Cloud,Female,2004-10-18,24,ST,Yes,Haryana,Indian,<2 LPA,10th,Teacher,Yes,No,Private,83.5,CBSE,74.93,CBSE,Commerce,68,2459,Management,1,2025-26,VI,BCA601,Final Semester,Core,4,4.11,FAC118,120,70,70,Low,34,21,0.98,2,2,0.95,61,82,84,199,24,Down,68,81,83,270,75.57,A,7.8,7.91,8.73,Pass,0,7.3,7.3,5.8,Yes,34,Yes,High,3,1,78,Auditory,53,51,17,4.63,26,61,Traditional,3.63,25,16,5,2,No
156,BCA0156,MMDU2026REG0156,MMDU,MMICTBM,CS,BCA,Cyber Security,Female,2005-03-20,21,OBC,Yes,UP,Indian,6-8 LPA,Post-Graduate,Service,Yes,No,Govt,76.87,ICSE,87.4,CBSE,Science,87,5954,Merit,1,2025-26,VI,BCA601,Final Semester,Core,4,3.81,FAC117,120,73,73,Low,26,44,0.77,2,2,0.72,92,86,66,228,17,Down,60,86,78,259,72.44,B,8,5.29,6.42,Pass,2,7.4,7.4,2.1,Yes,46,Yes,Low,4,4,75,Kinesthetic,60,82,17,4.19,22,48,Traditional,4.24,25,26,2,4,No
157,BCA0157,MMDU2026REG0157,MMDU,MMICTBM,CS,BCA,AI,Female,2002-03-03,23,GEN,No,Punjab,Indian,4-6 LPA,Post-Graduate,Business,Yes,No,Private,85.47,ICSE,91.08,State,Science,69,7849,Quota,2,2025-26,VI,BCA601,Final Semester,Core,4,3.53,FAC117,120,80,80,Medium,60,32,0.86,4,8,0.78,91,62,67,193,57,Up,85,81,67,208,89.91,C,7.5,7.76,8.16,Pass,2,5.4,7.4,6.2,Yes,20,Yes,High,5,5,45,Visual,48,41,9,4.46,33,31,Blended,3.88,22,12,5,0,Yes
158,BCA0158,MMDU2026REG0158,MMDU,MMICTBM,CS,BCA,AI,Female,2003-04-01,23,SC,No,Punjab,Indian,<2 LPA,Graduate,Business,No,Yes,NA,64.66,State,68.68,State,Science,69,3217,Merit,2,2025-26,VI,BCA601,Final Semester,Core,4,3.18,FAC112,120,74,74,Low,47,33,0.83,2,4,0.77,61,85,81,209,11,Flat,79,83,83,251,68.5,A+,8.6,7.44,7.04,Pass,2,2.4,5.8,3.4,No,50,No,Low,4,1,46,Auditory,74,44,6,4.49,37,30,Traditional,3.92,28,37,1,4,Yes
159,BCA0159,MMDU2026REG0159,MMDU,MMICTBM,CS,BCA,Cyber Security,Male,2004-03-19,24,GEN,No,Bihar,Indian,<2 LPA,Post-Graduate,Service,Yes,Yes,NA,68.53,ICSE,60.87,CBSE,Science,86,6028,Merit,1,2025-26,VI,BCA601,Final Semester,Core,4,3.6,FAC108,120,64,64,Low,40,25,0.94,5,2,0.83,60,85,79,238,45,Up,88,73,60,236,64.04,B+,6.5,8.32,8.28,Pass,0,5.2,6.5,2,Yes,21,Yes,High,2,5,41,Reading,81,60,6,3.89,25,72,Blended,4.17,6,18,5,4,Yes
160,BCA0160,MMDU2026REG0160,MMDU,MMICTBM,CS,BCA,Cloud,Female,2003-11-10,23,GEN,Yes,Haryana,Indian,2-4 LPA,10th,Service,No,Yes,Private,90.54,State,87.69,CBSE,Science,81,5372,Merit,1,2025-26,VI,BCA601,Final Semester,Core,4,3.83,FAC115,120,93,93,High,23,36,0.97,2,5,0.84,90,88,84,223,36,Down,83,76,63,187,72.91,B,6.9,8.99,8.55,Pass,1,2.8,7.2,2.6,No,24,Yes,Low,3,3,82,Auditory,77,78,20,4.27,34,80,Online,3.58,16,16,4,1,Yes
161,BCA0161,MMDU2026REG0161,MMDU,MMICTBM,CS,BCA,Data Science,Female,2004-10-23,23,SC,Yes,Punjab,Indian,6-8 LPA,Post-Graduate,Farmer,Yes,Yes,Private,86.61,CBSE,90.11,State,Commerce,63,2940,Quota,0,2025-26,VI,BCA601,Final Semester,Core,4,3.33,FAC118,120,87,87,High,24,44,0.88,0,5,0.68,66,74,79,184,39,Flat,69,80,76,204,70.94,B,8.5,7.76,8.13,Pass,0,2.6,7.2,3.3,Yes,34,Yes,High,2,4,60,Kinesthetic,63,71,16,4.15,30,54,Blended,4.67,10,21,4,3,No
162,BCA0162,MMDU2026REG0162,MMDU,MMICTBM,CS,BCA,Data Science,Female,2005-01-27,23,OBC,Yes,Punjab,Indian,4-6 LPA,Graduate,Business,No,Yes,Govt,88.55,ICSE,76.93,CBSE,Science,87,3737,Quota,2,2025-26,VI,BCA601,Final Semester,Core,4,4.4,FAC106,120,61,61,Low,55,29,0.79,0,1,0.79,70,78,72,260,24,Up,64,83,87,221,60.67,B+,7.3,5.14,7.79,Pass,1,4.6,5.7,6.9,Yes,19,No,Low,2,3,69,Reading,81,89,18,4.2,23,53,Blended,3.74,28,33,1,4,Yes
163,BCA0163,MMDU2026REG0163,MMDU,MMICTBM,CS,BCA,Cyber Security,Female,2004-01-14,22,OBC,No,Haryana,Indian,4-6 LPA,Post-Graduate,Business,Yes,Yes,Private,82.18,State,59.13,CBSE,Science,69,2061,Management,0,2025-26,VI,BCA601,Final Semester,Core,4,4.43,FAC108,120,75,75,Medium,29,21,0.98,0,10,0.64,70,90,68,252,21,Down,89,71,90,229,63.86,A,7.9,6.2,7.87,Pass,2,5.3,7.7,4.9,Yes,35,No,High,5,4,48,Kinesthetic,45,76,5,4.1,18,38,Blended,4.51,10,16,5,1,Yes
164,BCA0164,MMDU2026REG0164,MMDU,MMICTBM,CS,BCA,Cyber Security,Male,2003-02-14,22,ST,No,Haryana,Indian,<2 LPA,Graduate,Teacher,Yes,No,Govt,93.76,State,91.71,CBSE,Arts,75,7749,Quota,2,2025-26,VI,BCA601,Final Semester,Core,4,3.8,FAC113,120,76,76,Medium,38,38,0.88,2,12,0.76,94,84,84,200,8,Up,65,83,65,230,87.7,A,7.4,6.07,6.99,Pass,1,3.9,5.3,5.7,No,22,Yes,High,5,2,75,Auditory,70,59,14,4.43,22,31,Traditional,4.19,26,29,6,4,No
165,BCA0165,MMDU2026REG0165,MMDU,MMICTBM,CS,BCA,Cyber Security,Male,2004-12-30,23,SC,No,Punjab,Indian,4-6 LPA,Post-Graduate,Business,Yes,Yes,NA,67.12,ICSE,69.15,CBSE,Science,72,5833,Quota,0,2025-26,VI,BCA601,Final Semester,Core,4,3.89,FAC114,120,87,87,High,42,42,0.89,2,4,0.64,74,89,71,191,16,Down,82,90,86,263,68.85,A,7.8,6.75,7.44,Pass,1,7.8,7,6.9,No,50,Yes,Medium,3,3,56,Reading,49,68,10,4.09,37,35,Online,4.81,27,25,8,0,No
166,BCA0166,MMDU2026REG0166,MMDU,MMICTBM,CS,BCA,Cloud,Female,2004-04-23,22,ST,No,Bihar,Indian,4-6 LPA,10th,Service,Yes,Yes,NA,61.35,ICSE,80.1,State,Science,73,1851,Quota,0,2025-26,VI,BCA601,Final Semester,Core,4,3.57,FAC118,120,79,79,Medium,32,26,0.96,4,4,0.81,90,56,56,211,4,Flat,85,67,73,184,86.17,C,7.6,9.08,7.89,Pass,0,7,5.7,6.5,No,54,No,High,4,5,82,Auditory,65,84,18,3.63,37,64,Online,3.63,21,29,10,3,Yes
167,BCA0167,MMDU2026REG0167,MMDU,MMICTBM,CS,BCA,Cloud,Female,2003-08-10,24,OBC,No,Bihar,Indian,2-4 LPA,10th,Service,No,Yes,Private,88.01,State,57.53,CBSE,Arts,82,3800,Quota,1,2025-26,VI,BCA601,Final Semester,Core,4,3.96,FAC108,120,77,77,Medium,55,26,0.88,2,3,0.83,94,89,65,217,1,Up,70,76,57,229,73.47,C,6,6.77,6.24,Pass,1,7.5,5.2,2.4,No,47,No,Low,5,3,47,Auditory,60,51,18,3.54,24,47,Blended,3.98,24,27,5,2,No
168,BCA0168,MMDU2026REG0168,MMDU,MMICTBM,CS,BCA,AI,Male,2003-03-28,23,ST,No,Punjab,Indian,4-6 LPA,Graduate,Teacher,Yes,Yes,Private,80.65,CBSE,57.09,State,Arts,81,3894,Management,2,2025-26,VI,BCA601,Final Semester,Core,4,4.01,FAC115,120,93,93,High,46,33,0.97,0,6,0.68,87,81,56,265,22,Up,65,68,77,192,89.52,A,7.6,7.59,8.04,Pass,2,5.2,7.6,4.3,Yes,8,Yes,Low,2,4,47,Visual,44,84,11,4.9,35,71,Online,4.46,11,16,8,0,No
169,BCA0169,MMDU2026REG0169,MMDU,MMICTBM,CS,BCA,Cloud,Female,2005-03-09,21,SC,Yes,Haryana,Indian,2-4 LPA,Post-Graduate,Teacher,No,Yes,Govt,66.47,State,63.34,CBSE,Science,66,2242,Quota,0,2025-26,VI,BCA601,Final Semester,Core,4,3.97,FAC115,120,82,82,Medium,59,43,0.97,0,9,0.82,85,68,65,198,58,Flat,85,85,87,270,75.79,C,9.1,6.06,6.78,Pass,2,3.4,7.9,3.9,Yes,54,Yes,High,3,5,82,Visual,64,52,18,4.27,17,33,Blended,3.59,17,32,7,4,No
170,BCA0170,MMDU2026REG0170,MMDU,MMICTBM,CS,BCA,Cyber Security,Male,2004-09-21,24,GEN,No,UP,Indian,2-4 LPA,10th,Farmer,No,Yes,Private,75.22,State,77.03,CBSE,Commerce,55,6318,Merit,2,2025-26,VI,BCA601,Final Semester,Core,4,4.06,FAC108,120,91,91,High,51,22,0.9,0,7,0.68,92,67,89,214,23,Down,57,85,58,204,77.06,C,8.3,8.43,6.94,Pass,0,6.2,6.1,4.3,Yes,46,No,High,2,1,74,Kinesthetic,62,65,16,4.52,16,79,Online,3.58,8,21,3,4,Yes
171,BCA0171,MMDU2026REG0171,MMDU,MMICTBM,CS,BCA,Cloud,Male,2004-01-12,24,ST,No,Punjab,Indian,2-4 LPA,Post-Graduate,Service,Yes,No,Govt,62.6,ICSE,76.57,CBSE,Science,66,1226,Quota,2,2025-26,VI,BCA601,Final Semester,Core,4,3.69,FAC107,120,80,80,Medium,30,35,0.95,2,11,0.71,60,88,72,213,49,Up,82,74,81,183,70.16,A,7.7,8.94,6.5,Pass,2,3.3,7.5,2.8,Yes,45,No,High,3,3,82,Reading,48,58,10,4.67,16,51,Blended,3.57,10,23,4,2,No
172,BCA0172,MMDU2026REG0172,MMDU,MMICTBM,CS,BCA,Cyber Security,Male,2003-04-10,22,GEN,No,Bihar,Indian,2-4 LPA,Post-Graduate,Teacher,Yes,Yes,Govt,85.55,State,85.58,State,Commerce,54,1542,Management,2,2025-26,VI,BCA601,Final Semester,Core,4,3.3,FAC108,120,76,76,Medium,33,25,0.83,5,3,0.68,94,81,87,199,11,Down,55,56,79,209,60.86,B+,9.3,6.22,8.93,Pass,1,2.8,5.7,6.4,No,51,Yes,High,4,2,46,Visual,41,73,7,4.4,32,73,Online,4.61,12,21,2,2,No
173,BCA0173,MMDU2026REG0173,MMDU,MMICTBM,CS,BCA,Cyber Security,Female,2002-09-05,23,GEN,Yes,Punjab,Indian,<2 LPA,Post-Graduate,Farmer,No,Yes,Private,91.67,State,56.78,CBSE,Science,77,6587,Merit,1,2025-26,VI,BCA601,Final Semester,Core,4,3.5,FAC108,120,93,93,High,22,42,0.94,5,7,0.74,79,74,87,259,8,Down,66,88,69,239,87.13,C,8.1,7.17,7.58,Pass,0,5.3,6.9,3.2,Yes,58,Yes,High,1,3,71,Reading,41,65,17,4.06,35,64,Traditional,3.72,11,36,0,5,Yes
174,BCA0174,MMDU2026REG0174,MMDU,MMICTBM,CS,BCA,Cloud,Female,2004-04-02,23,GEN,Yes,Punjab,Indian,6-8 LPA,Post-Graduate,Service,No,Yes,NA,93.1,ICSE,91.72,CBSE,Arts,55,2293,Quota,1,2025-26,VI,BCA601,Final Semester,Core,4,3.98,FAC105,120,62,62,Low,56,25,0.82,2,10,0.98,88,65,80,188,11,Down,60,81,61,231,88.57,A+,7.6,6.06,8.63,Pass,2,5.8,5.8,2.8,No,40,No,High,4,1,62,Visual,82,62,6,3.73,31,63,Blended,3.54,23,14,3,1,No
175,BCA0175,MMDU2026REG0175,MMDU,MMICTBM,CS,BCA,Data Science,Male,2004-04-04,22,SC,Yes,Punjab,Indian,4-6 LPA,Graduate,Teacher,Yes,No,Private,66.76,State,73,CBSE,Arts,74,3475,Merit,2,2025-26,VI,BCA601,Final Semester,Core,4,3.72,FAC113,120,97,97,High,35,42,0.79,0,5,0.71,92,61,88,230,22,Down,87,73,79,208,76.16,C,7.8,5.4,7.05,Pass,1,6,7.9,3.6,Yes,32,Yes,Medium,5,5,56,Reading,90,53,12,4.06,21,74,Traditional,4.74,8,13,8,4,No
176,BCA0176,MMDU2026REG0176,MMDU,MMICTBM,CS,BCA,Cyber Security,Female,2003-07-11,23,OBC,Yes,UP,Indian,6-8 LPA,Post-Graduate,Farmer,Yes,No,Private,86.32,State,87.05,CBSE,Commerce,50,1859,Quota,0,2025-26,VI,BCA601,Final Semester,Core,4,4.17,FAC106,120,84,84,Medium,54,43,0.98,3,3,0.85,95,65,80,238,60,Flat,78,66,61,262,81.45,B+,7.6,5.53,7.82,Pass,0,3.6,7.9,4.1,No,13,No,Low,1,2,83,Reading,63,57,5,4.31,33,37,Online,4.27,17,31,5,0,No
177,BCA0177,MMDU2026REG0177,MMDU,MMICTBM,CS,BCA,Data Science,Female,2002-07-09,24,GEN,Yes,UP,Indian,6-8 LPA,10th,Farmer,No,No,Govt,90.02,ICSE,71.84,CBSE,Science,86,1038,Merit,1,2025-26,VI,BCA601,Final Semester,Core,4,3.23,FAC103,120,100,100,High,58,26,0.92,0,10,0.69,71,76,70,191,3,Up,82,64,89,233,83.88,C,9,5.92,6.38,Pass,2,3.3,6.9,6.7,Yes,35,Yes,High,4,5,46,Kinesthetic,46,78,13,4.87,40,59,Blended,4.54,21,17,9,1,No
178,BCA0178,MMDU2026REG0178,MMDU,MMICTBM,CS,BCA,Data Science,Female,2004-08-15,24,ST,Yes,UP,Indian,6-8 LPA,Graduate,Teacher,No,Yes,Govt,79.08,CBSE,91.62,CBSE,Science,84,3920,Management,2,2025-26,VI,BCA601,Final Semester,Core,4,3.36,FAC114,120,82,82,Medium,29,25,1,5,12,0.99,95,85,75,262,20,Up,76,90,61,266,66.99,A+,8.5,8.59,6.12,Pass,1,4.7,7,2.6,No,19,No,Low,1,5,87,Auditory,41,81,4,3.8,27,68,Blended,4.12,14,25,9,1,Yes
179,BCA0179,MMDU2026REG0179,MMDU,MMICTBM,CS,BCA,Cloud,Female,2002-07-03,24,GEN,Yes,Bihar,Indian,4-6 LPA,10th,Farmer,Yes,No,NA,84.96,State,74.21,State,Science,66,7539,Management,1,2025-26,VI,BCA601,Final Semester,Core,4,4.32,FAC110,120,90,90,High,29,35,0.89,5,3,0.91,79,83,72,266,25,Flat,80,67,63,246,89.59,B+,6.4,7.23,8.68,Pass,1,7.4,5,3.2,Yes,24,Yes,Medium,4,2,80,Auditory,59,89,13,3.72,36,63,Blended,4.07,20,26,9,4,Yes
180,BCA0180,MMDU2026REG0180,MMDU,MMICTBM,CS,BCA,Cyber Security,Male,2003-12-08,23,GEN,Yes,Bihar,Indian,2-4 LPA,10th,Business,No,No,NA,78.85,State,58.74,CBSE,Commerce,90,3597,Quota,0,2025-26,VI,BCA601,Final Semester,Core,4,3.63,FAC118,120,95,95,High,22,42,0.85,5,5,0.67,62,82,66,195,10,Flat,89,80,65,242,73.13,A,6.9,7.04,8.53,Pass,0,3.5,5.6,5,No,58,Yes,Low,4,4,65,Visual,63,90,10,4.62,30,54,Blended,4,25,39,1,4,No
181,BCA0181,MMDU2026REG0181,MMDU,MMICTBM,CS,BCA,Cloud,Female,2002-04-30,22,ST,Yes,Punjab,Indian,6-8 LPA,10th,Teacher,Yes,Yes,NA,65.95,CBSE,84.37,CBSE,Arts,50,7515,Management,1,2025-26,VI,BCA601,Final Semester,Core,4,3.45,FAC110,120,76,76,Medium,41,21,0.84,3,11,0.6,89,84,57,251,36,Down,61,59,84,191,76.99,C,8.1,7.7,8.33,Pass,2,5.1,6.8,2.9,Yes,30,Yes,Low,2,3,44,Visual,42,83,6,4.33,30,40,Traditional,4.31,6,34,4,5,Yes
182,BCA0182,MMDU2026REG0182,MMDU,MMICTBM,CS,BCA,Cloud,Female,2004-04-02,23,GEN,Yes,UP,Indian,6-8 LPA,Graduate,Business,Yes,No,NA,76.99,State,69.09,CBSE,Arts,79,5274,Merit,2,2025-26,VI,BCA601,Final Semester,Core,4,4.19,FAC119,120,87,87,High,44,22,0.75,3,0,0.98,89,64,81,249,37,Down,80,85,72,235,86.57,B,6.4,5.11,7.93,Pass,0,3.1,7.7,4.4,No,33,Yes,Medium,5,2,48,Auditory,84,73,7,4.53,39,44,Online,4.26,27,5,3,5,Yes
183,BCA0183,MMDU2026REG0183,MMDU,MMICTBM,CS,BCA,Cyber Security,Female,2004-02-15,21,GEN,Yes,Haryana,Indian,6-8 LPA,Post-Graduate,Service,Yes,Yes,NA,63.73,CBSE,93.66,CBSE,Commerce,89,3334,Management,0,2025-26,VI,BCA601,Final Semester,Core,4,4.48,FAC112,120,94,94,High,22,39,0.9,5,4,0.73,86,78,85,229,54,Up,57,78,60,242,72.44,C,9.4,6.2,6.48,Pass,1,6.2,6.4,5.3,No,16,Yes,Medium,3,2,59,Kinesthetic,42,44,13,4.42,22,42,Traditional,3.55,17,25,9,0,No
184,BCA0184,MMDU2026REG0184,MMDU,MMICTBM,CS,BCA,Cloud,Male,2004-11-20,21,ST,No,Bihar,Indian,<2 LPA,Graduate,Teacher,Yes,Yes,Private,92.52,ICSE,89.68,State,Commerce,59,7831,Merit,0,2025-26,VI,BCA601,Final Semester,Core,4,4.16,FAC101,120,94,94,High,42,37,0.75,1,9,0.81,65,79,87,197,15,Down,76,81,89,232,70.04,B,6.5,8.54,6.25,Pass,0,2.8,7.6,3.7,No,39,Yes,Low,4,1,62,Reading,58,58,18,3.51,35,58,Traditional,3.54,20,37,2,2,Yes
185,BCA0185,MMDU2026REG0185,MMDU,MMICTBM,CS,BCA,Cyber Security,Female,2002-09-16,23,OBC,No,Bihar,Indian,4-6 LPA,Post-Graduate,Service,Yes,No,Private,64.93,ICSE,86.17,CBSE,Science,83,3057,Merit,1,2025-26,VI,BCA601,Final Semester,Core,4,3.55,FAC105,120,60,60,Low,45,26,0.83,5,11,0.89,67,56,74,265,48,Down,73,87,69,203,72.49,B+,7.8,5.37,8.51,Pass,0,5.8,7.5,4.6,No,12,No,Medium,3,5,47,Visual,71,81,7,4.48,32,54,Blended,3.8,28,31,10,5,No
186,BCA0186,MMDU2026REG0186,MMDU,MMICTBM,CS,BCA,AI,Female,2003-10-31,22,ST,Yes,Bihar,Indian,6-8 LPA,Graduate,Business,No,No,Govt,80.02,CBSE,94.49,State,Arts,84,6702,Quota,2,2025-26,VI,BCA601,Final Semester,Core,4,3.57,FAC118,120,63,63,Low,31,34,0.88,1,6,0.78,85,90,59,245,27,Flat,76,84,87,244,83.52,A,9.3,8.87,7.37,Pass,1,4.9,6.3,5.6,No,31,Yes,Medium,2,1,86,Auditory,48,73,14,4.78,21,74,Blended,4.45,11,17,7,5,Yes
187,BCA0187,MMDU2026REG0187,MMDU,MMICTBM,CS,BCA,Data Science,Female,2005-04-02,24,SC,No,Punjab,Indian,<2 LPA,Graduate,Business,No,Yes,Govt,73.89,State,85.93,CBSE,Commerce,79,7188,Quota,2,2025-26,VI,BCA601,Final Semester,Core,4,3.65,FAC113,120,80,80,Medium,37,25,0.78,4,1,0.97,86,77,67,194,38,Down,59,85,84,250,66.99,B,6.4,7.82,8.54,Pass,1,2.3,5.5,4.9,Yes,43,No,Low,4,3,64,Kinesthetic,71,52,12,3.58,40,54,Blended,3.54,6,33,2,1,No
188,BCA0188,MMDU2026REG0188,MMDU,MMICTBM,CS,BCA,Data Science,Male,2003-08-06,22,GEN,Yes,Punjab,Indian,2-4 LPA,10th,Business,Yes,Yes,NA,73.33,State,69.02,State,Arts,86,5108,Merit,0,2025-26,VI,BCA601,Final Semester,Core,4,3.74,FAC108,120,66,66,Low,56,28,0.92,3,0,0.7,82,69,81,231,4,Up,83,88,59,197,89.42,B,8.7,5.28,6.41,Pass,2,7.9,6.6,3.1,No,46,Yes,Medium,5,1,85,Auditory,79,67,13,4.81,35,36,Blended,4,15,6,4,5,No
189,BCA0189,MMDU2026REG0189,MMDU,MMICTBM,CS,BCA,Cyber Security,Female,2003-03-17,22,GEN,Yes,Haryana,Indian,2-4 LPA,Graduate,Farmer,No,Yes,NA,83.78,ICSE,59.54,CBSE,Science,84,6111,Merit,1,2025-26,VI,BCA601,Final Semester,Core,4,3.86,FAC105,120,65,65,Low,38,25,0.71,4,8,0.77,84,70,63,235,44,Down,78,70,55,255,66.78,A+,8,8.66,8.53,Pass,2,7.8,7.8,3.3,Yes,20,No,High,2,1,82,Kinesthetic,42,81,12,3.74,15,32,Online,4.22,19,19,5,0,No
190,BCA0190,MMDU2026REG0190,MMDU,MMICTBM,CS,BCA,Cyber Security,Female,2005-03-04,21,ST,No,Punjab,Indian,2-4 LPA,Post-Graduate,Service,Yes,Yes,NA,69.19,ICSE,88.26,CBSE,Science,63,7348,Management,2,2025-26,VI,BCA601,Final Semester,Core,4,4.42,FAC102,120,99,99,High,20,36,0.95,2,2,0.91,88,79,78,204,2,Up,90,72,80,243,74.02,C,7.2,6.87,7.77,Pass,0,4.8,6.2,2.1,Yes,56,Yes,Low,3,4,77,Reading,70,56,8,4.46,30,49,Traditional,4.87,5,21,10,5,No
191,BCA0191,MMDU2026REG0191,MMDU,MMICTBM,CS,BCA,Cloud,Female,2004-09-23,24,GEN,No,Punjab,Indian,<2 LPA,10th,Farmer,No,Yes,Private,79.38,State,88.82,State,Arts,88,5302,Management,2,2025-26,VI,BCA601,Final Semester,Core,4,3.11,FAC114,120,90,90,High,58,35,0.78,2,2,0.7,90,84,58,238,35,Flat,75,61,81,213,79.29,B,9.4,6.57,8.61,Pass,1,6.6,5,5.7,Yes,20,Yes,High,3,1,60,Auditory,88,50,18,3.82,30,68,Traditional,4.74,24,7,0,2,No
192,BCA0192,MMDU2026REG0192,MMDU,MMICTBM,CS,BCA,Data Science,Male,2004-10-12,22,ST,No,Haryana,Indian,6-8 LPA,Post-Graduate,Farmer,No,Yes,Private,62.78,CBSE,72.82,State,Arts,78,5458,Quota,0,2025-26,VI,BCA601,Final Semester,Core,4,3.36,FAC105,120,73,73,Low,46,37,0.94,4,12,0.79,68,65,71,181,50,Down,68,71,71,231,83.92,C,7.7,7.2,6.6,Pass,2,6.7,7.4,4.3,No,30,No,High,1,3,53,Reading,69,78,13,3.95,31,76,Traditional,3.87,30,7,4,2,No
193,BCA0193,MMDU2026REG0193,MMDU,MMICTBM,CS,BCA,Data Science,Female,2004-01-02,22,OBC,No,Bihar,Indian,6-8 LPA,Post-Graduate,Teacher,Yes,No,Govt,78.25,CBSE,94.88,CBSE,Science,66,1562,Quota,1,2025-26,VI,BCA601,Final Semester,Core,4,3.17,FAC112,120,92,92,High,24,31,0.88,4,2,0.97,93,65,70,183,32,Up,81,79,63,231,85.56,A,6.1,7.06,6.4,Pass,0,7.7,7.2,6.3,No,25,Yes,Medium,2,5,67,Auditory,45,59,3,4.66,31,33,Blended,4.69,14,20,7,0,No
194,BCA0194,MMDU2026REG0194,MMDU,MMICTBM,CS,BCA,Cloud,Male,2003-12-10,23,SC,Yes,Haryana,Indian,2-4 LPA,Post-Graduate,Business,No,Yes,Private,78.19,ICSE,80.03,CBSE,Science,88,5534,Merit,0,2025-26,VI,BCA601,Final Semester,Core,4,3.06,FAC114,120,76,76,Medium,33,38,0.83,2,8,0.92,83,67,85,264,29,Flat,72,87,80,217,86.66,A+,8.7,9.14,7.09,Pass,1,3.4,7,4.3,No,18,No,Medium,3,1,89,Visual,59,75,8,3.74,39,73,Blended,3.92,5,40,3,0,No
195,BCA0195,MMDU2026REG0195,MMDU,MMICTBM,CS,BCA,Cloud,Male,2002-09-21,22,SC,Yes,Haryana,Indian,<2 LPA,Post-Graduate,Teacher,Yes,No,NA,85.36,State,87.26,State,Arts,68,5750,Merit,1,2025-26,VI,BCA601,Final Semester,Core,4,4.34,FAC103,120,68,68,Low,51,22,0.94,4,9,0.88,78,59,60,184,4,Up,64,78,83,211,89.84,A+,8.3,5.53,7.03,Pass,1,6.2,5.3,3.7,No,23,No,Low,5,2,65,Auditory,54,49,13,4.29,26,41,Online,3.53,14,39,9,2,No
196,BCA0196,MMDU2026REG0196,MMDU,MMICTBM,CS,BCA,Data Science,Female,2004-10-19,22,OBC,No,Punjab,Indian,4-6 LPA,Post-Graduate,Farmer,Yes,No,Private,60.81,State,73.75,State,Science,71,7464,Merit,2,2025-26,VI,BCA601,Final Semester,Core,4,4.1,FAC109,120,83,83,Medium,22,21,0.74,1,12,0.63,81,75,90,186,54,Down,85,70,66,256,72.67,C,6.3,5.26,7.37,Pass,2,7.9,6.8,3.5,No,21,Yes,High,2,3,58,Visual,78,89,19,4.02,31,35,Blended,4.42,18,13,3,0,Yes
197,BCA0197,MMDU2026REG0197,MMDU,MMICTBM,CS,BCA,AI,Female,2003-01-22,22,SC,No,UP,Indian,<2 LPA,10th,Farmer,Yes,Yes,Govt,64.9,CBSE,58.86,State,Commerce,56,1065,Quota,2,2025-26,VI,BCA601,Final Semester,Core,4,4.39,FAC120,120,62,62,Low,33,26,0.89,4,10,0.88,62,85,68,194,28,Down,75,72,73,212,74.13,C,8.2,5.72,7.11,Pass,0,6.3,7.9,4.6,Yes,36,Yes,Low,5,2,65,Kinesthetic,65,42,18,4.74,17,54,Online,4.48,9,21,9,2,No
198,BCA0198,MMDU2026REG0198,MMDU,MMICTBM,CS,BCA,Cloud,Female,2003-09-26,24,ST,Yes,UP,Indian,2-4 LPA,Post-Graduate,Farmer,Yes,No,Private,65.17,State,62.11,CBSE,Science,61,2385,Quota,0,2025-26,VI,BCA601,Final Semester,Core,4,4.27,FAC114,120,89,89,High,47,39,0.96,5,7,0.69,64,72,57,249,58,Up,83,62,59,258,63.22,C,8.5,6.21,7.51,Pass,1,7.2,5.3,6.7,No,33,No,Low,2,1,70,Auditory,68,82,9,4.66,31,45,Traditional,3.8,8,20,6,3,No
199,BCA0199,MMDU2026REG0199,MMDU,MMICTBM,CS,BCA,Data Science,Male,2003-05-07,23,GEN,No,Bihar,Indian,4-6 LPA,Graduate,Teacher,Yes,Yes,Govt,75.65,ICSE,76.87,State,Commerce,58,7866,Management,0,2025-26,VI,BCA601,Final Semester,Core,4,3.96,FAC117,120,74,74,Low,53,30,0.74,3,2,0.74,82,60,56,220,55,Up,83,86,64,270,77.28,B,8.4,5.21,8.83,Pass,2,4.4,7.7,3.8,No,38,No,Low,3,1,79,Kinesthetic,46,82,7,4.87,33,42,Traditional,3.91,10,19,0,4,No
200,BCA0200,MMDU2026REG0200,MMDU,MMICTBM,CS,BCA,Data Science,Male,2004-07-20,22,GEN,Yes,Haryana,Indian,2-4 LPA,Graduate,Business,Yes,No,NA,93.04,State,65.79,CBSE,Science,59,4629,Merit,1,2025-26,VI,BCA601,Final Semester,Core,4,4.21,FAC119,120,87,87,High,55,45,0.9,4,4,0.92,69,76,64,185,8,Flat,57,87,62,257,81.51,B+,9,5.01,8.21,Pass,0,6.2,5.3,2.4,No,26,Yes,Low,3,5,89,Auditory,69,78,17,3.93,23,39,Blended,4.46,17,24,10,5,No
201,BCA0201,MMDU2026REG0201,MMDU,MMICTBM,CS,BCA,Cyber Security,Male,2003-04-06,24,OBC,No,Punjab,Indian,<2 LPA,10th,Farmer,Yes,Yes,Private,83.3,ICSE,77.06,CBSE,Arts,75,3797,Merit,1,2025-26,VI,BCA601,Final Semester,Core,4,3.99,FAC106,120,63,63,Low,45,45,0.74,2,5,0.77,70,86,87,204,36,Down,68,76,64,242,60.43,A,8.7,7.25,7.97,Pass,2,6.8,7,2.7,Yes,22,Yes,High,5,4,50,Reading,88,88,7,4.56,18,32,Blended,4.2,30,20,7,4,Yes
202,BCA0202,MMDU2026REG0202,MMDU,MMICTBM,CS,BCA,Cloud,Female,2003-12-17,22,GEN,Yes,UP,Indian,<2 LPA,Post-Graduate,Service,Yes,Yes,NA,90.6,CBSE,87.24,State,Science,78,6594,Management,2,2025-26,VI,BCA601,Final Semester,Core,4,4.25,FAC115,120,83,83,Medium,60,36,0.84,3,2,0.65,90,74,72,248,6,Up,77,63,73,218,79.12,C,6.8,5.94,8,Pass,2,4.2,5.4,4.1,Yes,23,Yes,Medium,2,4,40,Kinesthetic,87,41,7,4.88,28,68,Traditional,4.02,30,6,8,0,No
203,BCA0203,MMDU2026REG0203,MMDU,MMICTBM,CS,BCA,Data Science,Male,2004-07-12,24,GEN,No,Punjab,Indian,<2 LPA,Graduate,Service,No,No,Private,93.26,State,63.27,CBSE,Science,90,5348,Merit,1,2025-26,VI,BCA601,Final Semester,Core,4,3.71,FAC106,120,69,69,Low,41,29,0.89,1,6,0.8,95,78,69,255,58,Down,74,70,64,239,89.95,B+,6.8,9.2,8.64,Pass,2,4.3,5.4,6.5,No,38,Yes,High,4,1,44,Kinesthetic,85,50,4,4.49,30,53,Traditional,4.17,13,17,9,2,Yes
204,BCA0204,MMDU2026REG0204,MMDU,MMICTBM,CS,BCA,Cloud,Male,2004-11-10,23,ST,Yes,Punjab,Indian,6-8 LPA,10th,Business,Yes,No,Govt,61.56,ICSE,86.79,State,Arts,77,3777,Management,1,2025-26,VI,BCA601,Final Semester,Core,4,3.01,FAC118,120,70,70,Low,23,25,0.75,4,7,0.98,65,79,87,264,51,Down,73,58,82,219,68.15,C,8.3,8.03,6.36,Pass,1,6.9,6.1,5.6,No,29,No,Medium,1,4,61,Reading,80,52,18,4.11,29,63,Online,4.31,26,22,9,1,Yes
205,BCA0205,MMDU2026REG0205,MMDU,MMICTBM,CS,BCA,AI,Male,2003-09-19,23,OBC,Yes,Bihar,Indian,2-4 LPA,10th,Service,No,Yes,Govt,71.97,ICSE,75.65,CBSE,Arts,63,5737,Management,1,2025-26,VI,BCA601,Final Semester,Core,4,3.67,FAC115,120,65,65,Low,39,40,0.97,3,6,0.68,68,70,73,223,29,Down,84,88,74,193,67.88,A,6.2,5.15,8.12,Pass,2,5.4,6,2.8,Yes,36,No,Medium,4,2,73,Reading,83,73,17,3.85,35,75,Online,5,20,23,9,5,No
206,BCA0206,MMDU2026REG0206,MMDU,MMICTBM,CS,BCA,AI,Male,2003-10-18,21,SC,Yes,Haryana,Indian,4-6 LPA,10th,Farmer,No,Yes,NA,79.4,ICSE,89.95,State,Arts,53,6787,Quota,0,2025-26,VI,BCA601,Final Semester,Core,4,3.45,FAC108,120,68,68,Low,34,30,1,3,8,0.82,64,89,71,183,45,Up,90,68,57,183,80.04,B,9.1,6.88,8.73,Pass,2,6.9,5.3,3.3,Yes,12,No,High,4,1,81,Reading,52,81,10,3.58,35,30,Traditional,3.7,7,18,6,3,No
207,BCA0207,MMDU2026REG0207,MMDU,MMICTBM,CS,BCA,AI,Male,2002-08-17,22,SC,Yes,Bihar,Indian,2-4 LPA,Graduate,Service,No,Yes,NA,87.4,State,61.91,State,Science,63,6089,Merit,0,2025-26,VI,BCA601,Final Semester,Core,4,4.2,FAC110,120,92,92,High,58,34,0.94,5,0,0.69,83,60,88,194,55,Up,88,69,62,187,82.96,A,9,6.49,7.37,Pass,0,4.3,5.7,5.8,No,60,No,Low,4,5,50,Kinesthetic,47,58,6,4.05,21,37,Blended,3.98,23,22,10,5,Yes
208,BCA0208,MMDU2026REG0208,MMDU,MMICTBM,CS,BCA,Data Science,Male,2004-02-21,22,ST,Yes,UP,Indian,4-6 LPA,10th,Farmer,Yes,No,Private,66.33,State,75.8,State,Commerce,74,6556,Quota,2,2025-26,VI,BCA601,Final Semester,Core,4,4.39,FAC115,120,82,82,Medium,56,41,0.95,2,7,0.98,81,56,86,241,19,Down,56,58,73,201,60.24,A+,9,6.1,7.71,Pass,1,6.9,7.6,6.3,Yes,7,Yes,Medium,5,1,73,Kinesthetic,61,60,17,4.67,24,70,Online,3.52,29,7,1,4,Yes
209,BCA0209,MMDU2026REG0209,MMDU,MMICTBM,CS,BCA,AI,Male,2002-07-23,22,ST,No,Haryana,Indian,2-4 LPA,Post-Graduate,Farmer,Yes,No,Govt,61.49,State,69.11,CBSE,Science,77,7045,Quota,1,2025-26,VI,BCA601,Final Semester,Core,4,4.36,FAC109,120,70,70,Low,47,31,0.81,5,1,0.73,63,65,79,236,13,Up,79,85,59,189,83.58,A+,7,5.4,7.53,Pass,0,3.7,5.2,5.6,No,33,No,High,3,5,40,Reading,78,47,4,4.66,32,38,Blended,4.17,27,5,2,5,Yes
210,BCA0210,MMDU2026REG0210,MMDU,MMICTBM,CS,BCA,Cloud,Male,2003-04-26,22,OBC,Yes,Bihar,Indian,2-4 LPA,Post-Graduate,Farmer,No,Yes,Govt,91.56,State,70.76,CBSE,Science,83,4192,Quota,0,2025-26,VI,BCA601,Final Semester,Core,4,3.82,FAC107,120,86,86,High,60,35,0.89,1,1,0.93,90,55,90,252,59,Up,56,68,55,211,81.84,A+,8.4,8.96,8.77,Pass,1,7,5.3,3.2,Yes,32,Yes,Medium,3,5,60,Auditory,75,70,17,4.67,30,42,Online,4.36,5,7,7,4,Yes
211,BCA0211,MMDU2026REG0211,MMDU,MMICTBM,CS,BCA,AI,Male,2004-01-21,22,SC,Yes,UP,Indian,6-8 LPA,10th,Teacher,Yes,No,Private,77.98,State,86.38,CBSE,Science,85,4204,Quota,1,2025-26,VI,BCA601,Final Semester,Core,4,4.21,FAC110,120,74,74,Low,25,35,0.72,1,11,0.8,70,87,59,181,19,Up,62,57,87,211,89.54,B+,8.9,7.22,8.45,Pass,2,3.5,5.4,4,No,30,Yes,Medium,5,3,83,Visual,81,88,18,4.69,28,61,Blended,4.22,22,14,5,1,Yes
212,BCA0212,MMDU2026REG0212,MMDU,MMICTBM,CS,BCA,Cloud,Female,2003-11-17,23,SC,No,Punjab,Indian,<2 LPA,10th,Teacher,Yes,No,NA,70.72,CBSE,93.25,State,Arts,87,7149,Quota,2,2025-26,VI,BCA601,Final Semester,Core,4,3.23,FAC104,120,100,100,High,33,24,0.92,3,9,0.87,74,83,89,181,59,Flat,70,79,61,261,72.77,A,9.4,8.53,6.76,Pass,1,6.3,6.4,2.8,No,59,Yes,Low,3,4,61,Visual,59,57,16,4.62,34,78,Traditional,3.64,22,31,6,3,No
213,BCA0213,MMDU2026REG0213,MMDU,MMICTBM,CS,BCA,Cyber Security,Female,2003-08-29,23,ST,Yes,Bihar,Indian,2-4 LPA,Graduate,Service,No,No,NA,93.4,CBSE,77.83,State,Arts,71,3295,Quota,0,2025-26,VI,BCA601,Final Semester,Core,4,4.37,FAC112,120,89,89,High,38,37,0.81,3,9,0.8,85,64,70,251,19,Up,64,65,78,185,75.02,A+,9.1,7.67,8.62,Pass,0,7.9,6.3,4.2,No,55,No,Medium,4,2,64,Visual,70,71,4,4.99,26,56,Online,4.74,5,37,4,4,Yes
214,BCA0214,MMDU2026REG0214,MMDU,MMICTBM,CS,BCA,Cyber Security,Female,2004-03-21,21,ST,Yes,Bihar,Indian,2-4 LPA,Graduate,Teacher,No,No,Private,66.48,CBSE,59.76,State,Commerce,77,7575,Quota,1,2025-26,VI,BCA601,Final Semester,Core,4,3.77,FAC112,120,69,69,Low,28,40,0.74,5,10,0.83,87,63,71,226,2,Flat,64,74,84,211,86.47,B+,6,7.74,7.7,Pass,2,2.7,6.2,6.4,Yes,56,Yes,Medium,1,5,75,Visual,90,71,6,3.78,20,39,Blended,3.51,5,12,4,4,No
215,BCA0215,MMDU2026REG0215,MMDU,MMICTBM,CS,BCA,Cloud,Male,2003-09-15,24,SC,Yes,Haryana,Indian,4-6 LPA,10th,Farmer,No,No,Govt,70.39,State,68.1,State,Commerce,57,1577,Quota,0,2025-26,VI,BCA601,Final Semester,Core,4,3.49,FAC104,120,75,75,Medium,33,29,0.74,4,0,0.82,93,87,55,199,3,Flat,81,77,68,212,75.94,A+,9.1,5.12,7.87,Pass,0,3,5.2,6.6,Yes,44,Yes,Medium,4,4,66,Visual,76,58,9,4.07,25,39,Blended,4.43,25,36,7,4,Yes
216,BCA0216,MMDU2026REG0216,MMDU,MMICTBM,CS,BCA,Data Science,Female,2002-03-18,23,SC,Yes,Bihar,Indian,6-8 LPA,Graduate,Service,No,No,Govt,78.52,State,84.19,CBSE,Arts,87,4458,Management,0,2025-26,VI,BCA601,Final Semester,Core,4,4.22,FAC107,120,63,63,Low,46,33,0.7,5,8,0.81,84,88,59,268,31,Flat,70,78,71,261,79.59,B+,6.1,6.83,6.74,Pass,1,6.7,5.3,2.9,No,45,No,Medium,2,4,76,Auditory,88,75,18,4.15,34,42,Traditional,4.81,30,38,5,1,Yes
217,BCA0217,MMDU2026REG0217,MMDU,MMICTBM,CS,BCA,AI,Female,2002-01-17,24,GEN,Yes,Bihar,Indian,<2 LPA,10th,Business,No,Yes,NA,73.77,CBSE,67.21,State,Arts,58,5348,Quota,2,2025-26,VI,BCA601,Final Semester,Core,4,3.78,FAC107,120,91,91,High,53,23,0.8,5,1,0.95,67,59,84,248,53,Flat,90,59,64,248,71.18,C,6,9.18,7.18,Pass,0,6.2,7.3,2.5,No,41,No,Medium,2,4,88,Visual,70,54,14,3.92,39,68,Online,4.22,5,18,4,1,No
218,BCA0218,MMDU2026REG0218,MMDU,MMICTBM,CS,BCA,AI,Female,2002-08-28,23,ST,No,Punjab,Indian,6-8 LPA,Graduate,Service,Yes,No,Private,63.93,ICSE,65.61,CBSE,Science,61,6621,Merit,1,2025-26,VI,BCA601,Final Semester,Core,4,4.23,FAC116,120,92,92,High,46,43,0.87,3,11,0.79,64,73,56,215,5,Up,79,70,90,239,76.29,B,8.2,5.69,6.35,Pass,1,4.1,7.3,7,Yes,42,Yes,Low,2,5,42,Reading,56,50,16,4.04,39,53,Blended,3.89,15,14,9,5,No
219,BCA0219,MMDU2026REG0219,MMDU,MMICTBM,CS,BCA,AI,Female,2003-07-01,23,OBC,Yes,Punjab,Indian,6-8 LPA,Post-Graduate,Business,No,No,NA,64.83,State,74.42,State,Commerce,76,7839,Management,0,2025-26,VI,BCA601,Final Semester,Core,4,4.3,FAC117,120,67,67,Low,55,35,0.96,3,6,0.93,60,77,65,229,47,Flat,57,82,80,223,64.63,A+,9.4,5.04,6.28,Pass,1,2.5,7.5,6.6,No,31,No,Medium,4,2,68,Visual,74,40,18,4.62,17,57,Blended,3.63,27,7,3,0,No
220,BCA0220,MMDU2026REG0220,MMDU,MMICTBM,CS,BCA,Data Science,Female,2003-03-28,23,GEN,Yes,Haryana,Indian,6-8 LPA,10th,Farmer,No,No,Govt,66.64,CBSE,59.73,State,Arts,52,3208,Merit,1,2025-26,VI,BCA601,Final Semester,Core,4,3.95,FAC101,120,78,78,Medium,30,39,0.87,5,5,0.73,75,68,56,265,39,Up,68,56,85,203,60.49,A+,7.1,5.15,6.31,Pass,0,6,7,3.1,No,10,No,High,5,1,50,Auditory,66,90,3,4.63,31,64,Online,4.97,6,28,2,1,Yes
221,BCA0221,MMDU2026REG0221,MMDU,MMICTBM,CS,BCA,Cyber Security,Female,2004-10-03,22,GEN,Yes,Bihar,Indian,6-8 LPA,Post-Graduate,Teacher,Yes,No,Private,62.1,State,66.26,CBSE,Science,51,4796,Merit,2,2025-26,VI,BCA601,Final Semester,Core,4,3.7,FAC110,120,95,95,High,22,31,0.91,2,5,0.66,85,81,83,192,12,Flat,81,75,57,193,72.54,A,7.9,5.73,6.82,Pass,2,7.8,7.3,4.1,Yes,47,Yes,Medium,1,4,56,Auditory,74,71,20,3.7,33,46,Traditional,4.95,7,31,7,3,Yes
222,BCA0222,MMDU2026REG0222,MMDU,MMICTBM,CS,BCA,AI,Male,2004-07-21,21,GEN,Yes,Haryana,Indian,2-4 LPA,Post-Graduate,Business,Yes,No,Govt,83.27,ICSE,72.64,State,Science,60,6591,Merit,2,2025-26,VI,BCA601,Final Semester,Core,4,3.73,FAC101,120,79,79,Medium,47,22,0.83,1,10,0.73,66,71,80,253,49,Up,81,69,88,206,78.37,A+,7.1,7.43,7.01,Pass,2,3.4,6.7,5.7,Yes,37,No,Low,5,5,52,Visual,69,82,10,4.41,23,66,Blended,4.68,13,29,4,3,No
223,BCA0223,MMDU2026REG0223,MMDU,MMICTBM,CS,BCA,Cyber Security,Female,2003-03-07,23,OBC,Yes,Bihar,Indian,<2 LPA,10th,Service,No,No,Private,69.29,ICSE,62.96,CBSE,Science,69,6566,Merit,2,2025-26,VI,BCA601,Final Semester,Core,4,4.18,FAC111,120,71,71,Low,39,37,0.84,1,4,0.83,81,69,77,228,19,Down,82,59,81,245,61.15,B+,8.2,7.45,8.34,Pass,2,6.3,6.8,3.2,No,50,No,Medium,2,2,63,Reading,54,83,4,4.88,17,50,Online,4.72,16,40,8,1,No
224,BCA0224,MMDU2026REG0224,MMDU,MMICTBM,CS,BCA,AI,Male,2003-06-14,22,SC,Yes,Haryana,Indian,4-6 LPA,Graduate,Farmer,No,Yes,NA,84.01,CBSE,88.53,State,Science,76,6092,Management,2,2025-26,VI,BCA601,Final Semester,Core,4,4.28,FAC113,120,65,65,Low,32,35,0.78,4,5,0.66,70,79,56,263,6,Up,78,55,71,247,89.55,B+,7.4,5.53,7.17,Pass,0,5,6.7,3.2,Yes,50,No,High,4,3,50,Reading,48,72,6,4.67,26,57,Blended,4.73,9,18,9,4,No
225,BCA0225,MMDU2026REG0225,MMDU,MMICTBM,CS,BCA,Data Science,Male,2005-02-02,22,OBC,Yes,Punjab,Indian,6-8 LPA,10th,Teacher,Yes,No,NA,68.21,CBSE,78.18,CBSE,Arts,80,5811,Management,2,2025-26,VI,BCA601,Final Semester,Core,4,3.7,FAC118,120,68,68,Low,56,44,0.71,0,1,0.69,73,78,78,191,40,Flat,72,66,57,246,68.56,A,8.1,7,8.8,Pass,1,6.5,7.1,5.1,No,58,No,Low,5,3,88,Reading,45,66,9,3.59,16,71,Traditional,4.66,27,31,2,3,Yes
226,BCA0226,MMDU2026REG0226,MMDU,MMICTBM,CS,BCA,AI,Female,2003-05-12,24,ST,Yes,Punjab,Indian,<2 LPA,Graduate,Farmer,No,No,Govt,70.4,CBSE,73.69,State,Science,65,3782,Quota,0,2025-26,VI,BCA601,Final Semester,Core,4,3.02,FAC104,120,63,63,Low,46,33,1,3,2,0.76,74,67,62,183,42,Down,83,78,70,217,73.27,C,6.6,8.38,8.89,Pass,0,7.7,5.9,5.3,Yes,35,No,High,4,2,42,Visual,72,42,4,4.1,20,35,Online,4.28,13,33,9,1,No
227,BCA0227,MMDU2026REG0227,MMDU,MMICTBM,CS,BCA,Data Science,Male,2003-09-08,24,OBC,No,Punjab,Indian,4-6 LPA,10th,Business,Yes,No,NA,77.86,State,90.12,State,Commerce,88,6176,Quota,0,2025-26,VI,BCA601,Final Semester,Core,4,3.72,FAC105,120,78,78,Medium,23,44,0.94,1,12,0.72,92,66,59,219,46,Up,76,88,75,225,83.01,A,6.8,5.37,7.51,Pass,0,4.8,5.7,5,Yes,56,No,Low,3,4,90,Auditory,48,71,9,4.95,28,48,Traditional,3.68,25,28,9,5,No
228,BCA0228,MMDU2026REG0228,MMDU,MMICTBM,CS,BCA,Data Science,Female,2003-01-28,24,GEN,Yes,Bihar,Indian,<2 LPA,10th,Business,No,Yes,NA,94.2,CBSE,79.17,CBSE,Commerce,65,4873,Quota,2,2025-26,VI,BCA601,Final Semester,Core,4,4.47,FAC108,120,74,74,Low,24,25,0.96,0,8,0.91,74,56,80,228,58,Down,87,85,56,225,71.71,B,6.3,8.86,8.93,Pass,1,5.1,7.7,5.9,Yes,36,No,Medium,5,3,58,Visual,45,62,9,4.51,34,43,Traditional,4.42,14,12,6,3,No
229,BCA0229,MMDU2026REG0229,MMDU,MMICTBM,CS,BCA,Cyber Security,Male,2002-03-05,24,OBC,Yes,Bihar,Indian,4-6 LPA,10th,Teacher,Yes,No,Private,78.02,CBSE,85.93,CBSE,Commerce,57,2573,Merit,0,2025-26,VI,BCA601,Final Semester,Core,4,4.03,FAC107,120,91,91,High,45,25,0.75,0,10,0.71,60,78,72,260,53,Up,57,80,65,235,85.98,A+,9.5,6.46,6.62,Pass,1,7.4,5,6.1,Yes,30,No,Medium,2,2,44,Kinesthetic,55,80,10,4.65,39,72,Blended,4.72,8,9,4,0,Yes
230,BCA0230,MMDU2026REG0230,MMDU,MMICTBM,CS,BCA,Cloud,Male,2002-10-24,24,OBC,No,Punjab,Indian,2-4 LPA,Post-Graduate,Service,Yes,No,Govt,64.62,CBSE,94.4,CBSE,Science,77,6637,Quota,2,2025-26,VI,BCA601,Final Semester,Core,4,3.54,FAC116,120,74,74,Low,34,33,0.84,1,7,0.68,74,71,70,218,1,Flat,70,58,67,191,89.61,C,7.2,7.89,8.85,Pass,1,6.2,6.8,6.9,Yes,44,No,Medium,5,2,47,Auditory,90,82,11,3.84,15,36,Blended,3.67,25,29,2,1,Yes
231,BCA0231,MMDU2026REG0231,MMDU,MMICTBM,CS,BCA,AI,Female,2005-01-05,23,SC,No,Punjab,Indian,4-6 LPA,Graduate,Business,No,No,Private,93.28,State,75.23,CBSE,Commerce,51,6747,Merit,2,2025-26,VI,BCA601,Final Semester,Core,4,3.5,FAC106,120,76,76,Medium,20,24,0.7,0,2,0.79,61,84,65,230,6,Up,79,75,74,230,81.36,B+,9.4,5.31,8.71,Pass,1,2.7,7.2,4.8,Yes,6,No,High,5,4,61,Reading,85,44,9,3.92,37,70,Blended,3.88,27,14,5,0,Yes
232,BCA0232,MMDU2026REG0232,MMDU,MMICTBM,CS,BCA,Cyber Security,Male,2002-06-12,22,ST,Yes,UP,Indian,2-4 LPA,Post-Graduate,Teacher,Yes,No,NA,94.41,ICSE,69.93,State,Arts,66,3045,Merit,0,2025-26,VI,BCA601,Final Semester,Core,4,4.46,FAC106,120,99,99,High,55,37,0.75,4,3,0.93,88,82,82,227,12,Flat,70,83,75,226,72.84,A+,8.8,5.84,8.4,Pass,0,6.7,6.7,3.3,Yes,53,No,High,4,4,46,Kinesthetic,64,46,11,4.58,38,78,Traditional,3.91,25,39,6,0,No
233,BCA0233,MMDU2026REG0233,MMDU,MMICTBM,CS,BCA,Data Science,Female,2003-05-21,21,GEN,No,Haryana,Indian,4-6 LPA,Post-Graduate,Service,Yes,No,NA,64.59,ICSE,79.66,State,Science,80,6242,Merit,1,2025-26,VI,BCA601,Final Semester,Core,4,3,FAC113,120,98,98,High,58,31,0.77,0,8,0.68,64,60,61,269,26,Flat,58,84,67,242,62.2,B+,6.3,8.95,6.97,Pass,1,2.7,5.8,3.1,No,31,Yes,High,2,2,72,Kinesthetic,84,59,8,4.75,28,60,Online,3.95,30,32,2,1,Yes
234,BCA0234,MMDU2026REG0234,MMDU,MMICTBM,CS,BCA,Cloud,Female,2002-09-26,24,OBC,No,Bihar,Indian,2-4 LPA,Graduate,Service,Yes,No,NA,89.92,CBSE,70.88,State,Arts,51,5212,Management,1,2025-26,VI,BCA601,Final Semester,Core,4,3.86,FAC108,120,63,63,Low,28,43,0.84,3,10,0.78,61,68,73,224,32,Flat,81,67,76,238,62.73,B,8.9,9.13,7.19,Pass,2,6.5,6.8,2.7,Yes,55,Yes,Medium,2,3,60,Reading,48,68,8,4.91,24,68,Online,4.52,27,23,7,0,No
235,BCA0235,MMDU2026REG0235,MMDU,MMICTBM,CS,BCA,Data Science,Female,2004-10-11,23,GEN,Yes,Haryana,Indian,6-8 LPA,Graduate,Service,No,Yes,NA,71.44,ICSE,56.19,State,Commerce,89,6969,Quota,2,2025-26,VI,BCA601,Final Semester,Core,4,4.03,FAC110,120,73,73,Low,32,45,0.72,3,5,0.71,71,85,59,215,55,Down,69,63,59,198,82.3,C,7.2,5.25,7.8,Pass,1,7.1,6.6,2.2,No,9,Yes,High,2,5,51,Auditory,50,46,6,4.95,30,55,Traditional,4.31,29,5,0,5,Yes
236,BCA0236,MMDU2026REG0236,MMDU,MMICTBM,CS,BCA,Cloud,Female,2002-02-05,22,SC,Yes,Haryana,Indian,4-6 LPA,Graduate,Teacher,Yes,No,Private,64.55,ICSE,56.77,State,Commerce,55,2447,Quota,1,2025-26,VI,BCA601,Final Semester,Core,4,3.13,FAC105,120,86,86,High,39,27,0.77,3,5,0.88,64,77,68,270,24,Flat,79,80,71,242,88.57,B+,7.6,9.3,8.13,Pass,2,7.5,5.5,4.7,Yes,27,No,Medium,3,1,60,Auditory,41,41,20,4.19,36,67,Traditional,4.87,14,12,10,3,Yes
237,BCA0237,MMDU2026REG0237,MMDU,MMICTBM,CS,BCA,Cloud,Female,2005-02-06,22,SC,Yes,Punjab,Indian,2-4 LPA,10th,Service,Yes,No,Private,78.53,CBSE,66.45,CBSE,Commerce,53,6319,Management,0,2025-26,VI,BCA601,Final Semester,Core,4,4.42,FAC119,120,100,100,High,52,40,0.84,2,1,0.61,64,70,80,210,55,Flat,78,75,66,215,83.49,C,8,5.71,8.96,Pass,0,4.5,7.2,3.7,No,53,Yes,Medium,4,3,44,Kinesthetic,54,49,11,3.59,21,49,Online,3.73,30,30,4,3,Yes
238,BCA0238,MMDU2026REG0238,MMDU,MMICTBM,CS,BCA,Data Science,Male,2003-04-08,23,OBC,Yes,UP,Indian,6-8 LPA,Post-Graduate,Teacher,No,No,NA,80.73,State,83.59,State,Commerce,84,1850,Quota,0,2025-26,VI,BCA601,Final Semester,Core,4,4.46,FAC118,120,87,87,High,33,37,0.74,5,4,0.81,67,88,84,260,34,Flat,70,57,60,226,85.54,A,7.1,8.72,7.14,Pass,0,6.7,6.9,4.5,No,21,Yes,Medium,1,3,53,Auditory,51,68,7,3.61,27,30,Traditional,4.85,22,10,1,0,No
239,BCA0239,MMDU2026REG0239,MMDU,MMICTBM,CS,BCA,Data Science,Female,2005-01-11,22,ST,No,Punjab,Indian,<2 LPA,Graduate,Service,No,Yes,NA,91.71,State,60.87,CBSE,Science,88,5957,Merit,2,2025-26,VI,BCA601,Final Semester,Core,4,4.39,FAC113,120,72,72,Low,22,30,0.94,1,4,0.87,95,74,60,254,39,Flat,73,70,73,192,66.39,B+,6.4,6.58,7.62,Pass,0,7.8,5.4,3.7,No,21,No,Medium,3,4,56,Kinesthetic,48,69,4,4.48,40,40,Online,4.3,27,16,10,0,No
240,BCA0240,MMDU2026REG0240,MMDU,MMICTBM,CS,BCA,Data Science,Female,2002-05-16,24,SC,No,Bihar,Indian,<2 LPA,Post-Graduate,Teacher,Yes,Yes,Private,70.33,ICSE,69.31,State,Science,82,4111,Quota,2,2025-26,VI,BCA601,Final Semester,Core,4,3.84,FAC117,120,84,84,Medium,32,39,0.78,4,7,0.81,62,65,68,253,45,Up,61,62,60,189,78.88,A,8,5.01,6.55,Pass,2,3.7,6.5,5.7,No,55,Yes,Low,2,1,55,Visual,43,74,20,3.99,26,52,Blended,4.06,27,26,0,2,Yes
241,BCA0241,MMDU2026REG0241,MMDU,MMICTBM,CS,BCA,Cyber Security,Male,2002-11-05,22,SC,No,UP,Indian,2-4 LPA,10th,Teacher,Yes,Yes,Private,65.06,State,89.05,State,Commerce,72,3336,Merit,2,2025-26,VI,BCA601,Final Semester,Core,4,4.12,FAC115,120,76,76,Medium,59,29,0.8,3,10,0.73,69,66,88,234,57,Flat,67,82,71,248,63.64,B,7.2,7.71,8.04,Pass,1,6.4,7.7,5,No,57,No,Low,5,3,69,Visual,90,49,15,3.99,36,77,Traditional,3.86,9,19,4,5,No
242,BCA0242,MMDU2026REG0242,MMDU,MMICTBM,CS,BCA,Data Science,Female,2003-12-06,23,OBC,Yes,Bihar,Indian,<2 LPA,10th,Service,No,No,NA,78.67,State,94.15,CBSE,Commerce,71,4474,Quota,1,2025-26,VI,BCA601,Final Semester,Core,4,4.49,FAC115,120,60,60,Low,21,22,0.91,5,2,0.64,85,56,62,196,18,Flat,85,57,72,218,82.99,A+,6.4,8.95,7.68,Pass,0,5,5.6,5.9,Yes,47,No,High,2,1,63,Reading,45,78,4,4.6,39,64,Traditional,4.11,29,29,2,3,No
243,BCA0243,MMDU2026REG0243,MMDU,MMICTBM,CS,BCA,AI,Male,2002-04-07,23,SC,No,Punjab,Indian,4-6 LPA,Graduate,Farmer,No,No,Govt,66.04,CBSE,89.65,State,Arts,63,5699,Quota,0,2025-26,VI,BCA601,Final Semester,Core,4,3.24,FAC103,120,99,99,High,49,32,1,0,11,0.97,66,88,61,220,16,Up,73,75,56,228,65.42,A+,9.4,9.09,6,Pass,2,2.8,6.1,2.5,No,48,Yes,Medium,1,5,88,Kinesthetic,64,55,15,3.75,28,50,Online,4.25,16,25,4,1,No
244,BCA0244,MMDU2026REG0244,MMDU,MMICTBM,CS,BCA,AI,Female,2005-02-22,24,OBC,Yes,Bihar,Indian,<2 LPA,10th,Teacher,No,Yes,Govt,68.8,ICSE,88.52,CBSE,Science,60,6777,Management,1,2025-26,VI,BCA601,Final Semester,Core,4,4.23,FAC103,120,72,72,Low,54,34,0.92,1,1,0.7,89,71,76,269,29,Up,75,80,66,219,85.47,A,6.8,5.51,6.33,Pass,1,6.6,5.4,3,No,32,Yes,Medium,2,2,48,Reading,51,74,17,4.3,37,40,Blended,4.83,28,25,0,4,Yes
245,BCA0245,MMDU2026REG0245,MMDU,MMICTBM,CS,BCA,Data Science,Male,2004-06-21,22,ST,Yes,Punjab,Indian,4-6 LPA,Post-Graduate,Teacher,Yes,No,Private,83.49,State,77.23,State,Science,70,4794,Quota,0,2025-26,VI,BCA601,Final Semester,Core,4,3.44,FAC117,120,66,66,Low,21,39,0.85,3,8,0.85,65,79,90,191,9,Down,81,84,90,244,88.88,B+,8.3,5.09,8.87,Pass,0,7.2,7.6,5.4,Yes,54,Yes,Low,3,5,83,Auditory,89,42,7,3.68,27,54,Traditional,4.2,14,32,2,3,No
246,BCA0246,MMDU2026REG0246,MMDU,MMICTBM,CS,BCA,Cloud,Female,2002-04-15,23,SC,Yes,Haryana,Indian,6-8 LPA,Post-Graduate,Farmer,Yes,No,Private,68.98,ICSE,75.74,State,Arts,81,2049,Management,2,2025-26,VI,BCA601,Final Semester,Core,4,4.47,FAC105,120,91,91,High,59,25,0.95,1,1,0.91,83,81,82,182,29,Up,65,75,89,253,79,B+,6.7,7.09,8.51,Pass,0,7.6,5.8,3.4,Yes,24,Yes,High,4,3,61,Reading,80,56,17,4.42,30,42,Blended,4.37,20,9,6,0,No
247,BCA0247,MMDU2026REG0247,MMDU,MMICTBM,CS,BCA,AI,Male,2003-09-21,24,SC,No,UP,Indian,<2 LPA,10th,Business,Yes,Yes,Private,89.98,State,77.66,State,Science,55,3145,Merit,1,2025-26,VI,BCA601,Final Semester,Core,4,3.35,FAC112,120,74,74,Low,33,42,0.74,4,5,0.67,87,77,58,260,16,Up,77,60,62,184,77.16,C,8.2,8.27,8.81,Pass,2,2.6,6.7,6.3,Yes,16,No,High,2,1,89,Reading,40,66,6,4.35,15,59,Blended,4.89,23,23,4,4,Yes
248,BCA0248,MMDU2026REG0248,MMDU,MMICTBM,CS,BCA,Data Science,Male,2002-12-05,24,ST,Yes,UP,Indian,<2 LPA,Graduate,Teacher,Yes,No,Private,81.9,State,81.28,State,Arts,64,1020,Quota,0,2025-26,VI,BCA601,Final Semester,Core,4,3.34,FAC110,120,76,76,Medium,22,25,0.73,4,8,0.84,66,59,84,204,7,Up,77,68,74,198,64.92,B+,6.7,8.19,6.4,Pass,0,3.6,7.5,3,Yes,9,Yes,Medium,1,5,85,Visual,50,86,17,4.24,30,68,Traditional,3.81,21,28,10,0,Yes
249,BCA0249,MMDU2026REG0249,MMDU,MMICTBM,CS,BCA,Cyber Security,Female,2002-06-07,22,OBC,Yes,UP,Indian,2-4 LPA,Graduate,Business,No,Yes,Govt,73.56,CBSE,82.68,CBSE,Arts,53,2519,Merit,1,2025-26,VI,BCA601,Final Semester,Core,4,3.35,FAC108,120,86,86,High,39,44,0.83,0,7,0.63,92,73,72,246,51,Down,71,72,90,265,72.5,C,7,6.35,8.28,Pass,0,7.3,6.9,4.6,Yes,37,Yes,High,3,3,77,Visual,75,90,7,3.81,15,66,Online,4.15,6,37,1,2,Yes
250,BCA0250,MMDU2026REG0250,MMDU,MMICTBM,CS,BCA,Cloud,Male,2003-03-23,24,SC,No,Bihar,Indian,4-6 LPA,Graduate,Farmer,No,Yes,Private,62.18,ICSE,71.57,State,Arts,83,7177,Management,1,2025-26,VI,BCA601,Final Semester,Core,4,3.13,FAC112,120,70,70,Low,42,27,0.71,1,11,0.7,63,70,88,258,22,Up,86,81,88,202,72.38,A+,8.6,5.65,8.72,Pass,1,6.6,7.1,6.1,No,58,No,Medium,1,3,78,Kinesthetic,81,80,6,4.47,16,51,Online,4.92,12,16,5,4,No
251,BCA0251,MMDU2026REG0251,MMDU,MMICTBM,CS,BCA,Cyber Security,Female,2003-11-06,21,SC,No,Haryana,Indian,6-8 LPA,10th,Business,Yes,Yes,Private,66.69,State,90.8,CBSE,Arts,79,6968,Quota,1,2025-26,VI,BCA601,Final Semester,Core,4,3.81,FAC111,120,88,88,High,25,33,0.82,4,9,0.83,92,84,75,256,8,Flat,80,66,86,221,70.48,A,7.7,5.07,7.82,Pass,1,2.6,5.2,6.3,No,6,Yes,Medium,2,5,48,Auditory,79,52,8,4.36,17,58,Blended,4.86,21,7,8,4,Yes
252,BCA0252,MMDU2026REG0252,MMDU,MMICTBM,CS,BCA,Data Science,Female,2003-05-05,21,OBC,Yes,Haryana,Indian,<2 LPA,Post-Graduate,Teacher,No,Yes,Private,90.8,ICSE,74.26,CBSE,Arts,67,5201,Management,2,2025-26,VI,BCA601,Final Semester,Core,4,4.01,FAC119,120,77,77,Medium,38,29,0.96,2,0,0.87,63,89,70,239,57,Up,67,56,61,218,85.5,A+,6.8,6.42,8.27,Pass,2,2.8,7.2,4.6,Yes,20,No,Medium,4,3,57,Reading,76,68,3,4.42,33,38,Blended,4.27,7,23,2,3,No
253,BCA0253,MMDU2026REG0253,MMDU,MMICTBM,CS,BCA,Cyber Security,Female,2005-04-09,21,GEN,No,Haryana,Indian,<2 LPA,Graduate,Teacher,No,No,Private,70.57,State,81.18,CBSE,Arts,74,7635,Quota,1,2025-26,VI,BCA601,Final Semester,Core,4,3.11,FAC111,120,90,90,High,45,45,0.84,0,12,0.78,84,87,80,216,7,Down,71,63,86,200,69.16,A,9.1,6.88,8.55,Pass,0,4.1,5,4.4,No,30,No,Low,1,1,67,Reading,81,62,6,3.59,32,35,Blended,4.79,28,18,6,3,Yes
254,BCA0254,MMDU2026REG0254,MMDU,MMICTBM,CS,BCA,Cyber Security,Male,2002-01-26,22,ST,Yes,Haryana,Indian,6-8 LPA,10th,Teacher,Yes,No,Govt,93.89,ICSE,61.96,State,Commerce,53,4377,Merit,1,2025-26,VI,BCA601,Final Semester,Core,4,4.23,FAC108,120,73,73,Low,47,26,0.72,5,6,0.64,94,86,62,180,45,Down,60,68,86,254,70.15,B,8.1,6.92,8.57,Pass,2,4.7,6,2.4,Yes,58,No,High,2,2,78,Visual,64,73,13,3.99,40,50,Online,3.54,7,31,6,4,Yes
255,BCA0255,MMDU2026REG0255,MMDU,MMICTBM,CS,BCA,Data Science,Female,2002-03-18,24,ST,No,Punjab,Indian,2-4 LPA,Post-Graduate,Business,No,No,Private,60.31,ICSE,70.03,CBSE,Arts,57,4509,Quota,1,2025-26,VI,BCA601,Final Semester,Core,4,3.32,FAC105,120,95,95,High,52,34,0.87,0,4,0.61,71,64,84,221,2,Flat,74,64,78,259,63.13,B+,8.8,5.96,7.62,Pass,1,2.3,5.5,4.9,Yes,7,Yes,High,4,4,42,Auditory,66,82,20,4.55,40,73,Online,4.73,30,13,5,0,No
256,BCA0256,MMDU2026REG0256,MMDU,MMICTBM,CS,BCA,Data Science,Male,2002-06-26,24,OBC,No,Haryana,Indian,4-6 LPA,10th,Service,Yes,No,Govt,81.72,CBSE,92.36,CBSE,Arts,53,6562,Quota,0,2025-26,VI,BCA601,Final Semester,Core,4,3.79,FAC112,120,77,77,Medium,25,39,0.93,5,3,0.76,90,68,80,215,45,Flat,89,76,74,244,60.11,C,7.4,7.7,7.86,Pass,1,2.8,7.6,4.3,Yes,20,No,Medium,4,5,48,Kinesthetic,90,51,8,3.65,34,34,Online,4.14,22,33,9,5,Yes
257,BCA0257,MMDU2026REG0257,MMDU,MMICTBM,CS,BCA,Cloud,Female,2004-06-05,22,SC,No,Haryana,Indian,4-6 LPA,Graduate,Teacher,No,No,Govt,74.5,CBSE,92.71,CBSE,Science,72,3537,Quota,1,2025-26,VI,BCA601,Final Semester,Core,4,4.27,FAC120,120,91,91,High,58,44,0.74,3,1,0.77,68,68,87,264,9,Flat,55,78,84,227,60.16,B+,7.4,9.38,7.76,Pass,0,2.4,5.3,6.8,Yes,39,Yes,High,3,2,86,Auditory,81,43,16,4.76,29,48,Blended,4.32,26,16,10,2,No
258,BCA0258,MMDU2026REG0258,MMDU,MMICTBM,CS,BCA,Cloud,Male,2002-01-16,23,GEN,Yes,UP,Indian,4-6 LPA,Graduate,Business,No,No,NA,84.02,CBSE,76.09,CBSE,Arts,67,5986,Quota,1,2025-26,VI,BCA601,Final Semester,Core,4,3.27,FAC115,120,88,88,High,42,23,0.87,4,6,0.85,92,78,86,260,46,Up,56,74,77,215,64,B,7.4,6.91,6.01,Pass,2,5.3,7,3,No,38,Yes,Low,1,2,40,Auditory,63,60,6,3.97,35,54,Online,3.51,25,27,4,1,No
259,BCA0259,MMDU2026REG0259,MMDU,MMICTBM,CS,BCA,Cloud,Female,2003-10-11,22,GEN,No,UP,Indian,4-6 LPA,Post-Graduate,Farmer,No,No,NA,94.55,ICSE,68.12,CBSE,Commerce,80,5763,Management,2,2025-26,VI,BCA601,Final Semester,Core,4,3.44,FAC106,120,74,74,Low,37,36,0.85,1,8,0.69,92,56,72,247,53,Up,72,66,87,191,70.51,B+,9,5.33,8.31,Pass,1,5.4,7,4.1,No,36,No,Low,2,3,60,Kinesthetic,50,52,14,4.08,30,53,Traditional,4.26,11,26,5,2,Yes
260,BCA0260,MMDU2026REG0260,MMDU,MMICTBM,CS,BCA,Cloud,Male,2002-07-11,21,GEN,No,Haryana,Indian,<2 LPA,Post-Graduate,Farmer,Yes,No,Private,89.94,ICSE,75.74,CBSE,Arts,61,3377,Quota,2,2025-26,VI,BCA601,Final Semester,Core,4,4.16,FAC116,120,63,63,Low,21,43,0.88,3,0,0.84,64,74,88,252,9,Down,63,84,79,270,82.59,B,8.2,8.79,6.53,Pass,2,3.2,7.9,6.4,No,42,No,Low,4,4,70,Kinesthetic,71,64,18,4.56,40,68,Blended,4.25,5,31,6,0,Yes
261,BCA0261,MMDU2026REG0261,MMDU,MMICTBM,CS,BCA,Cyber Security,Male,2002-02-20,21,ST,Yes,Punjab,Indian,4-6 LPA,10th,Business,No,Yes,Private,92.49,CBSE,88.12,State,Arts,61,5226,Quota,2,2025-26,VI,BCA601,Final Semester,Core,4,4.06,FAC115,120,97,97,High,23,22,0.86,4,10,0.77,74,73,64,189,16,Up,59,78,65,218,75.51,A,8.2,7.47,6.13,Pass,1,6.4,7.8,4.2,No,41,Yes,Low,1,3,89,Visual,89,77,14,3.85,35,44,Online,4.61,13,38,8,1,Yes
262,BCA0262,MMDU2026REG0262,MMDU,MMICTBM,CS,BCA,AI,Female,2004-04-28,21,SC,No,Haryana,Indian,2-4 LPA,Graduate,Farmer,Yes,No,Govt,94.84,State,61.39,State,Science,90,7440,Management,2,2025-26,VI,BCA601,Final Semester,Core,4,4.14,FAC112,120,89,89,High,45,31,0.72,3,0,0.66,76,78,81,267,49,Up,64,81,89,269,78.59,A+,6,5.45,7.63,Pass,2,6.1,6.2,3.3,Yes,5,Yes,Medium,2,5,45,Visual,44,53,5,3.65,24,47,Blended,4.4,21,11,7,4,Yes
263,BCA0263,MMDU2026REG0263,MMDU,MMICTBM,CS,BCA,Cyber Security,Female,2002-12-08,23,ST,Yes,Bihar,Indian,2-4 LPA,Graduate,Business,No,No,Private,84.28,State,89.11,CBSE,Commerce,71,2436,Quota,0,2025-26,VI,BCA601,Final Semester,Core,4,3.46,FAC109,120,90,90,High,53,30,0.71,2,5,0.86,70,73,66,221,7,Down,78,83,66,227,82.17,B,6.8,7.07,6.2,Pass,1,4.2,6.4,5.8,No,43,Yes,High,3,1,74,Auditory,65,69,3,3.6,23,68,Blended,4.83,9,34,0,3,No
264,BCA0264,MMDU2026REG0264,MMDU,MMICTBM,CS,BCA,Cyber Security,Male,2002-07-13,21,SC,Yes,Haryana,Indian,6-8 LPA,Post-Graduate,Business,Yes,No,NA,69.38,State,92.11,State,Arts,58,2736,Merit,1,2025-26,VI,BCA601,Final Semester,Core,4,3.55,FAC120,120,61,61,Low,59,31,0.85,0,7,0.75,70,83,89,266,50,Down,66,85,66,258,69.29,C,6.2,7.26,7.17,Pass,2,5.2,5.3,6.2,Yes,28,No,High,2,4,83,Kinesthetic,40,46,12,4.76,21,32,Online,4.43,18,40,5,3,Yes
265,BCA0265,MMDU2026REG0265,MMDU,MMICTBM,CS,BCA,Cloud,Female,2002-08-03,22,OBC,No,Bihar,Indian,4-6 LPA,Post-Graduate,Business,Yes,Yes,Govt,65.73,State,69.3,CBSE,Science,56,2276,Merit,1,2025-26,VI,BCA601,Final Semester,Core,4,3.49,FAC115,120,94,94,High,42,26,0.9,4,11,0.72,92,63,77,224,5,Down,83,60,90,203,89.19,B+,6.7,5.98,8.14,Pass,2,7.1,6,3.9,Yes,21,Yes,Low,5,5,84,Auditory,81,63,5,4.88,31,42,Blended,3.83,22,23,2,3,No
266,BCA0266,MMDU2026REG0266,MMDU,MMICTBM,CS,BCA,AI,Male,2004-10-06,22,SC,Yes,Bihar,Indian,4-6 LPA,10th,Business,No,Yes,NA,71.51,ICSE,77.57,CBSE,Science,68,5366,Merit,1,2025-26,VI,BCA601,Final Semester,Core,4,3.49,FAC108,120,100,100,High,29,30,0.99,1,3,0.72,73,88,74,252,24,Up,84,57,65,266,66.26,B,7.4,6.13,6.16,Pass,0,2.3,5.7,4.5,Yes,49,No,High,4,1,54,Auditory,56,63,3,4.29,27,41,Traditional,4.59,27,36,8,5,Yes
267,BCA0267,MMDU2026REG0267,MMDU,MMICTBM,CS,BCA,AI,Male,2003-07-10,21,SC,Yes,UP,Indian,6-8 LPA,10th,Farmer,No,No,Private,75.9,ICSE,59.43,State,Arts,55,5422,Merit,2,2025-26,VI,BCA601,Final Semester,Core,4,3.13,FAC117,120,84,84,Medium,37,34,0.86,1,1,0.87,78,75,77,209,58,Up,65,56,56,223,86.89,A+,7.4,7.76,6.08,Pass,2,6.4,7.6,6.8,Yes,11,Yes,High,1,3,62,Reading,55,50,4,3.96,27,50,Blended,4.83,6,16,1,4,Yes
268,BCA0268,MMDU2026REG0268,MMDU,MMICTBM,CS,BCA,AI,Male,2004-03-26,24,OBC,Yes,UP,Indian,4-6 LPA,Graduate,Teacher,Yes,Yes,Govt,92.5,CBSE,71.28,CBSE,Science,50,7647,Management,2,2025-26,VI,BCA601,Final Semester,Core,4,4.14,FAC107,120,70,70,Low,44,40,0.87,1,10,0.93,60,76,81,238,9,Down,73,87,84,255,68.69,C,6.4,9.09,7.51,Pass,1,6.3,6.3,3.1,No,10,No,Medium,5,5,49,Kinesthetic,68,88,9,4.15,23,35,Traditional,3.63,7,35,10,0,Yes
269,BCA0269,MMDU2026REG0269,MMDU,MMICTBM,CS,BCA,Data Science,Female,2003-08-17,23,ST,No,Punjab,Indian,<2 LPA,Post-Graduate,Service,Yes,Yes,Private,85.11,CBSE,83.26,CBSE,Arts,82,5629,Quota,2,2025-26,VI,BCA601,Final Semester,Core,4,3.48,FAC106,120,66,66,Low,57,41,0.81,1,9,0.84,81,81,59,248,48,Up,59,72,80,215,77.75,B+,7.9,6.95,6.22,Pass,2,6,7.9,2.1,Yes,60,No,Low,5,5,89,Auditory,76,58,9,4.74,25,45,Online,4.66,6,19,1,2,Yes
270,BCA0270,MMDU2026REG0270,MMDU,MMICTBM,CS,BCA,Data Science,Female,2002-09-03,24,OBC,Yes,Haryana,Indian,2-4 LPA,10th,Business,Yes,Yes,Govt,89.44,CBSE,62.15,State,Commerce,59,7973,Merit,0,2025-26,VI,BCA601,Final Semester,Core,4,3.48,FAC112,120,81,81,Medium,55,33,0.97,0,2,0.67,82,83,77,252,30,Up,75,89,76,265,87.49,C,8.5,5.56,6.86,Pass,2,2.1,6.3,5.4,No,33,Yes,Medium,2,4,89,Reading,47,85,3,4.31,32,79,Traditional,4.25,17,39,8,3,No
271,BCA0271,MMDU2026REG0271,MMDU,MMICTBM,CS,BCA,Cloud,Male,2004-08-11,23,OBC,Yes,Punjab,Indian,2-4 LPA,10th,Business,Yes,Yes,Govt,79.22,CBSE,93.64,CBSE,Arts,62,1521,Management,1,2025-26,VI,BCA601,Final Semester,Core,4,4.09,FAC106,120,98,98,High,29,32,0.74,4,2,0.8,90,77,85,245,45,Flat,73,77,63,266,70.62,C,6.2,6.21,7.58,Pass,0,7.3,7.3,3.1,Yes,44,No,Medium,1,5,71,Visual,86,52,8,3.93,32,32,Traditional,4.29,15,22,9,4,Yes
272,BCA0272,MMDU2026REG0272,MMDU,MMICTBM,CS,BCA,AI,Female,2002-02-09,23,GEN,Yes,UP,Indian,2-4 LPA,Post-Graduate,Teacher,Yes,No,Private,87.81,State,69.44,CBSE,Arts,63,5165,Merit,0,2025-26,VI,BCA601,Final Semester,Core,4,3.54,FAC110,120,100,100,High,43,22,0.85,2,10,0.72,74,61,87,221,41,Down,75,79,87,240,63.08,B+,6.8,8.98,7.45,Pass,2,4.1,7.7,2.5,No,50,Yes,Low,2,2,65,Kinesthetic,72,84,10,3.6,39,34,Traditional,4.2,6,26,9,4,No
273,BCA0273,MMDU2026REG0273,MMDU,MMICTBM,CS,BCA,Data Science,Female,2003-06-10,21,ST,No,Bihar,Indian,6-8 LPA,Post-Graduate,Service,Yes,No,Govt,90.57,State,85.36,CBSE,Commerce,86,6180,Merit,1,2025-26,VI,BCA601,Final Semester,Core,4,3.69,FAC109,120,100,100,High,56,45,0.79,2,12,0.79,79,78,61,251,32,Flat,56,68,68,223,83.19,A,7.2,8.81,6.01,Pass,1,3.7,7.4,4.5,No,14,Yes,Medium,4,2,74,Kinesthetic,49,62,20,4.98,20,53,Blended,4.46,28,12,0,5,Yes
274,BCA0274,MMDU2026REG0274,MMDU,MMICTBM,CS,BCA,Cloud,Female,2002-12-04,21,GEN,Yes,Haryana,Indian,6-8 LPA,Post-Graduate,Business,Yes,No,Govt,70.66,CBSE,60.09,State,Science,55,7023,Merit,2,2025-26,VI,BCA601,Final Semester,Core,4,4.49,FAC116,120,92,92,High,27,30,0.8,5,6,0.69,75,65,67,258,36,Up,62,61,63,217,70.04,A+,8.4,6.73,8.4,Pass,2,3.2,6.3,6,Yes,35,No,High,2,1,62,Visual,52,55,10,3.78,35,80,Traditional,4.65,13,10,0,4,Yes
275,BCA0275,MMDU2026REG0275,MMDU,MMICTBM,CS,BCA,Cyber Security,Female,2002-11-14,22,ST,Yes,Bihar,Indian,<2 LPA,Graduate,Service,No,Yes,Private,68.7,CBSE,63.49,State,Commerce,59,3601,Management,2,2025-26,VI,BCA601,Final Semester,Core,4,4.16,FAC105,120,100,100,High,33,30,0.81,3,7,0.82,67,65,87,263,40,Flat,75,79,83,244,69.31,C,7,8.81,7.29,Pass,2,7.6,7.2,6.3,No,12,Yes,High,1,4,89,Visual,84,42,11,4.5,22,32,Blended,4.68,5,24,1,2,Yes
276,BCA0276,MMDU2026REG0276,MMDU,MMICTBM,CS,BCA,Data Science,Female,2004-08-10,22,SC,No,Punjab,Indian,4-6 LPA,10th,Teacher,No,Yes,Govt,64.11,State,64.56,State,Commerce,68,4436,Merit,0,2025-26,VI,BCA601,Final Semester,Core,4,3.17,FAC110,120,85,85,High,21,27,0.89,4,8,0.87,83,77,83,198,8,Flat,69,62,82,263,64.54,C,8.6,5.17,7.33,Pass,2,7.3,5.4,6.6,No,10,Yes,Medium,5,2,80,Reading,41,90,3,3.69,33,41,Online,4.3,6,35,10,3,No
277,BCA0277,MMDU2026REG0277,MMDU,MMICTBM,CS,BCA,Data Science,Male,2003-05-27,21,SC,No,Bihar,Indian,2-4 LPA,10th,Teacher,No,No,Private,91.4,ICSE,69.03,State,Science,89,1058,Management,1,2025-26,VI,BCA601,Final Semester,Core,4,3.96,FAC106,120,74,74,Low,60,40,0.83,2,1,0.77,84,86,60,205,40,Down,55,57,76,195,77.29,A+,8.5,8.04,8.5,Pass,1,6.3,5.4,3.1,Yes,12,No,Medium,1,5,47,Kinesthetic,45,44,19,3.57,25,39,Blended,4.04,5,40,3,1,Yes
278,BCA0278,MMDU2026REG0278,MMDU,MMICTBM,CS,BCA,AI,Male,2002-10-06,24,OBC,Yes,Haryana,Indian,6-8 LPA,Post-Graduate,Service,No,No,Private,91.99,CBSE,55.04,State,Arts,90,7841,Merit,2,2025-26,VI,BCA601,Final Semester,Core,4,3.26,FAC101,120,61,61,Low,20,20,0.91,4,9,0.96,77,75,85,211,19,Down,62,69,62,208,75.63,A+,7.1,6.62,7.02,Pass,2,5.7,7.8,7,Yes,37,No,High,3,3,64,Visual,47,40,12,3.61,16,34,Traditional,4.05,12,32,3,4,No
279,BCA0279,MMDU2026REG0279,MMDU,MMICTBM,CS,BCA,Cloud,Female,2002-10-09,22,SC,No,Punjab,Indian,6-8 LPA,10th,Business,Yes,Yes,Private,64.94,ICSE,91.59,State,Arts,75,6271,Merit,0,2025-26,VI,BCA601,Final Semester,Core,4,3.84,FAC114,120,75,75,Medium,46,35,0.71,1,10,0.85,84,74,89,234,59,Down,57,73,66,190,86.95,A,6.5,7.75,8.14,Pass,1,6.3,7.3,5.5,Yes,43,Yes,High,4,1,84,Visual,53,82,4,4.74,17,67,Traditional,4.22,10,37,2,2,Yes
280,BCA0280,MMDU2026REG0280,MMDU,MMICTBM,CS,BCA,AI,Female,2004-03-20,23,ST,Yes,UP,Indian,2-4 LPA,Post-Graduate,Business,Yes,Yes,NA,93.01,State,78.78,State,Arts,69,7351,Merit,1,2025-26,VI,BCA601,Final Semester,Core,4,3.92,FAC119,120,68,68,Low,41,43,0.84,1,3,0.88,62,57,69,199,28,Flat,67,64,78,245,62.65,C,6.8,7.51,7.71,Pass,0,5.1,5.3,2.1,Yes,29,Yes,Low,5,2,89,Auditory,90,71,18,3.53,25,76,Blended,3.64,16,19,10,0,No
281,BCA0281,MMDU2026REG0281,MMDU,MMICTBM,CS,BCA,Cyber Security,Male,2004-08-23,24,OBC,No,Punjab,Indian,6-8 LPA,Graduate,Teacher,No,Yes,Govt,90.77,State,87.46,State,Arts,73,6667,Merit,2,2025-26,VI,BCA601,Final Semester,Core,4,3.72,FAC116,120,89,89,High,24,29,0.9,4,11,0.89,77,57,88,198,22,Down,89,70,88,268,82,B,6.7,5.75,8.13,Pass,2,2.9,5.5,3.1,Yes,9,No,High,2,5,66,Kinesthetic,79,73,13,3.87,38,63,Online,4.85,14,20,2,0,Yes
282,BCA0282,MMDU2026REG0282,MMDU,MMICTBM,CS,BCA,AI,Female,2002-02-17,21,SC,Yes,Haryana,Indian,<2 LPA,Post-Graduate,Teacher,Yes,Yes,NA,61.86,ICSE,78.09,CBSE,Commerce,51,4759,Management,2,2025-26,VI,BCA601,Final Semester,Core,4,3.93,FAC106,120,87,87,High,49,39,0.98,4,6,0.85,91,55,79,247,50,Up,56,57,78,244,64.37,C,8.6,8.36,7.89,Pass,1,2.8,5.2,4.1,No,32,Yes,Medium,4,4,44,Reading,88,79,10,4.5,21,43,Online,3.78,15,39,4,2,Yes
283,BCA0283,MMDU2026REG0283,MMDU,MMICTBM,CS,BCA,AI,Male,2004-09-18,21,ST,Yes,UP,Indian,4-6 LPA,Post-Graduate,Farmer,Yes,Yes,NA,72.57,State,85.4,CBSE,Commerce,61,6987,Quota,0,2025-26,VI,BCA601,Final Semester,Core,4,3.86,FAC116,120,98,98,High,41,21,0.99,5,1,0.86,93,55,85,261,8,Up,90,61,69,244,73.28,A,6.7,7.62,8.89,Pass,0,4.7,5.1,2.1,No,38,Yes,Low,2,1,82,Visual,75,84,15,4.01,37,77,Traditional,3.64,14,20,10,2,No
284,BCA0284,MMDU2026REG0284,MMDU,MMICTBM,CS,BCA,Cloud,Female,2002-07-21,21,OBC,No,Bihar,Indian,4-6 LPA,Graduate,Business,No,No,Govt,77.72,ICSE,91.85,CBSE,Commerce,89,2157,Merit,0,2025-26,VI,BCA601,Final Semester,Core,4,4.39,FAC108,120,99,99,High,36,26,0.92,2,12,0.66,80,78,58,221,20,Down,82,66,83,249,84.08,A+,9.1,6.4,6.07,Pass,1,3.6,7.3,5.6,No,35,No,High,4,4,70,Visual,60,43,15,4.15,36,59,Traditional,4.47,29,17,1,2,Yes
285,BCA0285,MMDU2026REG0285,MMDU,MMICTBM,CS,BCA,Cyber Security,Female,2002-09-21,23,SC,Yes,UP,Indian,4-6 LPA,Graduate,Farmer,No,No,Private,71.96,CBSE,57.08,State,Commerce,90,2659,Management,1,2025-26,VI,BCA601,Final Semester,Core,4,3.15,FAC102,120,89,89,High,39,44,0.7,5,9,0.89,66,65,84,219,32,Flat,73,62,82,180,63.41,A+,6.2,7.44,6.74,Pass,2,6.3,6.8,5.9,Yes,58,Yes,Medium,3,1,47,Auditory,62,86,16,3.85,19,57,Traditional,4.23,15,16,6,0,Yes
286,BCA0286,MMDU2026REG0286,MMDU,MMICTBM,CS,BCA,Cloud,Male,2003-09-12,21,GEN,No,Bihar,Indian,6-8 LPA,Post-Graduate,Service,No,Yes,NA,90.45,CBSE,61.96,State,Arts,73,7348,Merit,0,2025-26,VI,BCA601,Final Semester,Core,4,3.06,FAC117,120,89,89,High,36,27,0.9,1,5,0.6,67,84,74,207,5,Flat,69,88,88,219,82.1,A,8.8,6.04,8.85,Pass,0,6,5.5,2.8,Yes,14,Yes,Low,3,2,76,Reading,78,54,14,4.95,29,31,Online,4.47,23,29,6,1,Yes
287,BCA0287,MMDU2026REG0287,MMDU,MMICTBM,CS,BCA,Data Science,Female,2003-01-30,23,SC,No,UP,Indian,2-4 LPA,10th,Teacher,No,No,NA,62.25,ICSE,61.57,State,Science,59,4566,Quota,0,2025-26,VI,BCA601,Final Semester,Core,4,4.37,FAC117,120,66,66,Low,27,43,0.75,0,0,0.99,93,68,77,201,11,Down,82,84,65,183,70.11,B,9,6.13,8.85,Pass,2,5.1,6.4,5.8,Yes,55,No,Medium,4,1,70,Auditory,54,67,20,4.5,21,48,Blended,3.87,14,14,3,3,No
288,BCA0288,MMDU2026REG0288,MMDU,MMICTBM,CS,BCA,AI,Female,2004-07-25,23,SC,No,Haryana,Indian,<2 LPA,10th,Teacher,No,Yes,NA,85.01,CBSE,77.78,CBSE,Arts,78,4377,Management,0,2025-26,VI,BCA601,Final Semester,Core,4,4.21,FAC113,120,61,61,Low,29,26,0.95,5,1,0.92,74,66,70,219,47,Down,89,86,56,251,73.07,B+,8.9,6.19,6.53,Pass,2,5,6.3,6.2,No,34,No,Low,5,4,72,Visual,60,55,9,4.78,34,50,Blended,3.59,6,19,7,0,Yes
289,BCA0289,MMDU2026REG0289,MMDU,MMICTBM,CS,BCA,Cloud,Female,2002-02-03,21,ST,No,Bihar,Indian,<2 LPA,10th,Business,Yes,No,Govt,73.2,CBSE,87.39,State,Arts,59,4396,Quota,0,2025-26,VI,BCA601,Final Semester,Core,4,3.85,FAC111,120,72,72,Low,28,38,0.92,4,7,0.64,68,90,90,183,34,Flat,69,82,84,213,81.77,B+,8.4,7.9,8.65,Pass,1,2.1,7,6.9,Yes,18,Yes,High,4,3,58,Visual,47,50,9,4.36,16,64,Traditional,4.03,5,30,4,5,No
290,BCA0290,MMDU2026REG0290,MMDU,MMICTBM,CS,BCA,Cloud,Male,2005-02-27,21,ST,Yes,Punjab,Indian,4-6 LPA,Graduate,Service,No,No,NA,76.99,State,76.34,CBSE,Commerce,73,3970,Merit,1,2025-26,VI,BCA601,Final Semester,Core,4,3.82,FAC109,120,60,60,Low,43,20,0.84,3,11,0.71,78,62,69,241,56,Up,74,78,56,207,76.73,C,7.5,8.2,8.73,Pass,0,4.7,6.6,5.8,Yes,58,No,Low,2,4,52,Visual,90,51,15,4.1,18,52,Traditional,4.86,27,33,4,1,No
291,BCA0291,MMDU2026REG0291,MMDU,MMICTBM,CS,BCA,Cyber Security,Male,2004-12-10,22,ST,Yes,Haryana,Indian,2-4 LPA,10th,Teacher,No,Yes,NA,88.11,CBSE,62.81,State,Arts,76,3579,Management,1,2025-26,VI,BCA601,Final Semester,Core,4,3.34,FAC110,120,68,68,Low,48,24,0.96,0,4,0.61,94,60,81,247,16,Up,77,59,74,237,89.72,C,6.8,7.43,7.76,Pass,2,7.3,7,3.2,No,45,Yes,Low,5,2,46,Auditory,88,68,9,3.56,21,66,Traditional,4.33,24,13,7,2,No
292,BCA0292,MMDU2026REG0292,MMDU,MMICTBM,CS,BCA,Cloud,Male,2002-09-08,24,GEN,Yes,UP,Indian,4-6 LPA,10th,Service,Yes,Yes,NA,80.08,ICSE,63.03,CBSE,Commerce,62,7478,Merit,0,2025-26,VI,BCA601,Final Semester,Core,4,3.17,FAC106,120,73,73,Low,56,23,0.95,2,8,0.67,88,79,86,202,30,Flat,83,74,79,191,77.48,B+,6.3,7.86,7.01,Pass,1,5.2,6.7,2.1,Yes,18,Yes,High,2,3,57,Auditory,73,84,19,3.68,22,74,Blended,4.17,10,12,3,0,Yes
293,BCA0293,MMDU2026REG0293,MMDU,MMICTBM,CS,BCA,AI,Female,2004-09-14,23,GEN,Yes,Punjab,Indian,6-8 LPA,Graduate,Teacher,No,No,NA,70.16,CBSE,63.93,State,Science,80,7498,Merit,2,2025-26,VI,BCA601,Final Semester,Core,4,3.18,FAC118,120,91,91,High,33,20,0.92,3,4,0.89,68,59,84,260,18,Flat,74,56,88,229,78.23,A,7.8,8.23,7.12,Pass,2,3.6,7.5,3.2,Yes,18,No,Medium,2,4,77,Reading,53,63,16,3.8,35,67,Online,4.08,5,6,9,2,Yes
294,BCA0294,MMDU2026REG0294,MMDU,MMICTBM,CS,BCA,AI,Female,2003-09-16,21,GEN,Yes,UP,Indian,<2 LPA,Post-Graduate,Teacher,Yes,No,Govt,71.21,CBSE,62.21,State,Science,65,1377,Quota,1,2025-26,VI,BCA601,Final Semester,Core,4,3.13,FAC103,120,98,98,High,53,41,0.78,5,1,0.97,94,57,90,189,45,Flat,70,69,56,268,64.99,B,7.3,6.76,8.38,Pass,1,6.6,7.5,6.7,No,18,No,Medium,3,5,76,Auditory,70,86,17,4.42,26,66,Online,3.86,11,22,1,2,No
295,BCA0295,MMDU2026REG0295,MMDU,MMICTBM,CS,BCA,Data Science,Female,2002-04-12,24,ST,No,Bihar,Indian,2-4 LPA,Graduate,Farmer,Yes,No,NA,91.53,ICSE,84.96,CBSE,Commerce,68,6309,Merit,0,2025-26,VI,BCA601,Final Semester,Core,4,3.15,FAC105,120,67,67,Low,51,24,0.73,0,1,0.83,61,64,83,268,40,Up,68,81,87,206,65.55,A+,9.4,7.37,7.96,Pass,1,7.5,6.8,3.6,No,9,Yes,High,4,4,62,Reading,70,47,5,4.18,22,52,Blended,4.43,10,18,3,3,Yes
296,BCA0296,MMDU2026REG0296,MMDU,MMICTBM,CS,BCA,Data Science,Male,2005-03-16,24,OBC,Yes,Bihar,Indian,<2 LPA,10th,Business,Yes,No,Govt,63.97,State,79.36,CBSE,Science,52,4588,Quota,0,2025-26,VI,BCA601,Final Semester,Core,4,3.15,FAC104,120,85,85,High,38,30,0.89,3,2,0.73,91,81,60,248,43,Flat,61,68,89,196,67.93,B+,8.6,5.54,6.66,Pass,1,4.1,6,2,Yes,26,Yes,Low,4,3,49,Kinesthetic,67,74,4,4.57,30,35,Blended,3.71,29,23,4,4,No
297,BCA0297,MMDU2026REG0297,MMDU,MMICTBM,CS,BCA,Cloud,Female,2004-08-16,22,OBC,No,Bihar,Indian,6-8 LPA,Graduate,Teacher,No,Yes,NA,72.61,CBSE,67.09,CBSE,Commerce,85,6437,Management,1,2025-26,VI,BCA601,Final Semester,Core,4,3.63,FAC116,120,66,66,Low,47,29,0.91,1,10,0.71,71,82,86,253,30,Flat,62,71,75,236,89.07,A,9,9.1,7.41,Pass,0,5.1,5.8,3,No,17,Yes,Low,1,4,60,Reading,46,58,8,4.02,36,76,Blended,4.13,28,38,8,0,Yes
298,BCA0298,MMDU2026REG0298,MMDU,MMICTBM,CS,BCA,Data Science,Male,2003-08-25,24,GEN,No,Punjab,Indian,4-6 LPA,Graduate,Service,No,No,NA,75.19,CBSE,72.12,State,Science,78,7605,Management,0,2025-26,VI,BCA601,Final Semester,Core,4,3.19,FAC101,120,84,84,Medium,34,29,0.93,1,8,0.83,60,64,76,247,54,Up,73,82,81,232,69.9,B+,9,7.97,6.71,Pass,0,2.5,7.3,3.4,No,40,No,Low,3,3,49,Auditory,85,47,9,3.85,16,63,Online,4.12,9,33,0,5,Yes
299,BCA0299,MMDU2026REG0299,MMDU,MMICTBM,CS,BCA,AI,Male,2002-07-25,22,OBC,Yes,Haryana,Indian,2-4 LPA,Graduate,Farmer,Yes,Yes,Govt,83.7,ICSE,59.14,CBSE,Science,64,2671,Merit,1,2025-26,VI,BCA601,Final Semester,Core,4,3.93,FAC107,120,69,69,Low,39,35,0.79,3,11,0.9,92,90,60,264,45,Down,78,83,79,249,80.65,A,8.1,8.85,8.53,Pass,0,7.1,6.1,5.5,Yes,31,Yes,Low,5,2,82,Reading,78,49,9,4.89,37,45,Traditional,4.06,24,11,5,0,Yes
300,BCA0300,MMDU2026REG0300,MMDU,MMICTBM,CS,BCA,AI,Male,2002-10-08,22,OBC,Yes,UP,Indian,4-6 LPA,Post-Graduate,Service,Yes,No,Private,85.35,ICSE,73.26,State,Commerce,85,6915,Quota,0,2025-26,VI,BCA601,Final Semester,Core,4,4.23,FAC114,120,68,68,Low,46,34,0.74,3,2,0.74,67,71,73,220,18,Up,61,64,90,234,85.32,B,6.1,7.85,7.3,Pass,0,7.9,6.6,2.8,No,16,No,Medium,3,4,71,Auditory,69,66,7,3.94,25,80,Blended,4.01,20,34,9,1,Yes
301,BCA0301,MMDU2026REG0301,MMDU,MMICTBM,CS,BCA,Cloud,Male,2004-02-29,24,GEN,No,Haryana,Indian,2-4 LPA,Graduate,Farmer,No,No,NA,66.03,CBSE,91.92,State,Commerce,65,2627,Merit,0,2025-26,VI,BCA601,Final Semester,Core,4,3.64,FAC120,120,96,96,High,53,35,0.84,5,11,0.96,93,85,71,204,48,Up,58,73,61,215,69.92,A,7.1,8.67,8.89,Pass,0,5.4,5,5.8,No,57,Yes,Low,1,3,50,Auditory,62,51,11,4.17,18,66,Blended,3.99,17,25,5,5,No
302,BCA0302,MMDU2026REG0302,MMDU,MMICTBM,CS,BCA,Cloud,Male,2003-06-02,21,SC,Yes,UP,Indian,4-6 LPA,10th,Service,Yes,No,Govt,79.13,State,69.83,State,Science,88,1553,Management,0,2025-26,VI,BCA601,Final Semester,Core,4,4.41,FAC116,120,81,81,Medium,50,21,0.93,4,4,0.74,90,89,82,198,32,Flat,86,57,61,198,72.01,A,8.7,8.4,7.75,Pass,0,3.3,7.8,6,Yes,20,Yes,Low,3,1,46,Kinesthetic,57,84,4,3.67,21,42,Traditional,4.12,16,39,9,2,No
303,BCA0303,MMDU2026REG0303,MMDU,MMICTBM,CS,BCA,Data Science,Male,2002-08-20,21,GEN,No,Punjab,Indian,2-4 LPA,Post-Graduate,Business,No,Yes,NA,89.34,State,76.43,State,Commerce,52,2233,Merit,2,2025-26,VI,BCA601,Final Semester,Core,4,4.02,FAC114,120,61,61,Low,21,44,0.7,1,6,0.73,71,88,73,255,34,Up,85,68,66,187,85.27,A,7.8,7.57,7,Pass,0,3,5.2,4.2,No,18,Yes,High,1,4,54,Reading,68,54,11,3.92,28,74,Online,4.75,14,15,10,3,Yes
304,BCA0304,MMDU2026REG0304,MMDU,MMICTBM,CS,BCA,AI,Male,2002-06-28,22,OBC,No,Haryana,Indian,<2 LPA,Graduate,Farmer,Yes,Yes,Private,66.18,CBSE,75.77,State,Science,56,3931,Quota,2,2025-26,VI,BCA601,Final Semester,Core,4,3.61,FAC114,120,66,66,Low,35,39,0.97,5,11,0.93,74,86,88,209,6,Down,65,83,70,218,70.44,B,8.2,6.96,7.3,Pass,2,4.3,5.4,3.8,No,49,Yes,Low,2,1,73,Reading,60,83,15,3.96,16,73,Traditional,4.01,12,24,6,1,Yes
305,BCA0305,MMDU2026REG0305,MMDU,MMICTBM,CS,BCA,Cyber Security,Male,2002-10-24,22,GEN,No,Haryana,Indian,<2 LPA,10th,Business,No,No,NA,73.44,State,70.2,CBSE,Commerce,71,6667,Management,1,2025-26,VI,BCA601,Final Semester,Core,4,3.07,FAC108,120,77,77,Medium,55,39,0.76,4,9,0.81,93,88,74,246,19,Up,58,73,55,194,67.04,B+,6.5,8.41,7.79,Pass,1,5.1,6.2,2,No,18,Yes,Low,2,2,56,Kinesthetic,85,45,11,3.9,40,42,Blended,3.63,20,33,0,0,No
306,BCA0306,MMDU2026REG0306,MMDU,MMICTBM,CS,BCA,Data Science,Female,2002-11-26,24,SC,No,Haryana,Indian,2-4 LPA,Post-Graduate,Business,No,Yes,NA,78,CBSE,55.92,CBSE,Science,86,1672,Quota,1,2025-26,VI,BCA601,Final Semester,Core,4,3.05,FAC120,120,61,61,Low,20,38,0.88,2,5,0.71,94,70,65,240,3,Flat,79,84,86,190,82.34,A+,6.3,8.81,8.65,Pass,2,4.9,6.9,3.6,Yes,56,Yes,Medium,1,1,65,Auditory,56,89,16,3.65,16,60,Online,3.87,25,26,3,4,Yes
307,BCA0307,MMDU2026REG0307,MMDU,MMICTBM,CS,BCA,Cloud,Male,2004-01-30,22,GEN,Yes,UP,Indian,6-8 LPA,Post-Graduate,Service,No,No,NA,66.34,State,65.81,CBSE,Arts,77,7933,Merit,2,2025-26,VI,BCA601,Final Semester,Core,4,4.09,FAC111,120,75,75,Medium,58,38,0.96,3,3,0.86,63,65,63,194,28,Down,56,58,59,199,61.16,A+,7.5,8.84,6.59,Pass,1,6.2,6.8,6.7,No,58,No,Low,3,2,90,Kinesthetic,69,64,14,4.17,38,73,Online,3.66,29,38,3,2,No
308,BCA0308,MMDU2026REG0308,MMDU,MMICTBM,CS,BCA,Data Science,Male,2003-09-12,23,GEN,No,Bihar,Indian,4-6 LPA,Post-Graduate,Service,Yes,Yes,NA,86.48,CBSE,90.59,State,Science,73,4085,Management,0,2025-26,VI,BCA601,Final Semester,Core,4,4.47,FAC106,120,82,82,Medium,52,34,0.92,5,8,0.91,94,81,74,243,16,Flat,57,83,87,203,63.09,B+,6.5,5.37,6.39,Pass,0,5.3,6.9,5.5,Yes,9,Yes,Medium,4,1,71,Reading,65,55,14,3.71,31,54,Traditional,4.16,14,18,5,3,Yes
309,BCA0309,MMDU2026REG0309,MMDU,MMICTBM,CS,BCA,Cloud,Male,2004-10-31,24,GEN,Yes,Bihar,Indian,6-8 LPA,Graduate,Service,No,Yes,Private,76.83,CBSE,77.54,State,Science,83,6202,Quota,2,2025-26,VI,BCA601,Final Semester,Core,4,4.49,FAC106,120,99,99,High,38,39,0.82,0,3,0.87,63,63,70,268,4,Down,86,60,67,219,75.19,A,8.3,7.52,6.08,Pass,1,5.7,6.5,4.2,Yes,34,No,Medium,1,2,70,Kinesthetic,88,45,9,4.11,22,35,Online,4.63,7,32,9,3,Yes
310,BCA0310,MMDU2026REG0310,MMDU,MMICTBM,CS,BCA,Cyber Security,Female,2003-01-25,21,ST,No,UP,Indian,<2 LPA,10th,Farmer,Yes,No,Private,87.89,CBSE,78.03,State,Commerce,71,3909,Merit,0,2025-26,VI,BCA601,Final Semester,Core,4,3.75,FAC114,120,71,71,Low,58,29,0.72,0,7,0.81,93,63,81,205,59,Flat,76,57,83,219,68.43,A,9.4,6.84,8.33,Pass,0,3.1,6.5,6.9,No,54,Yes,Medium,4,2,76,Reading,77,49,16,3.77,23,66,Online,3.67,7,39,0,3,Yes
311,BCA0311,MMDU2026REG0311,MMDU,MMICTBM,CS,BCA,Cyber Security,Female,2003-07-04,21,OBC,No,Bihar,Indian,2-4 LPA,Post-Graduate,Service,No,No,Govt,67.93,CBSE,86.15,State,Science,61,3708,Management,1,2025-26,VI,BCA601,Final Semester,Core,4,3.96,FAC102,120,64,64,Low,24,29,0.83,1,9,0.95,79,81,75,209,26,Flat,85,82,71,236,77.15,B,9.1,8.31,6.63,Pass,1,5.8,5.7,2.7,Yes,27,No,High,3,5,41,Auditory,71,52,4,3.86,23,48,Blended,4.79,13,16,6,3,Yes
312,BCA0312,MMDU2026REG0312,MMDU,MMICTBM,CS,BCA,Cyber Security,Male,2002-11-06,22,ST,No,UP,Indian,6-8 LPA,Post-Graduate,Farmer,No,No,Govt,92.5,State,69.85,State,Commerce,50,5049,Merit,0,2025-26,VI,BCA601,Final Semester,Core,4,4.27,FAC103,120,94,94,High,53,25,0.97,4,9,0.62,74,84,87,256,2,Up,56,68,76,267,89.96,B+,9.5,8.09,8.11,Pass,2,6.6,7.8,6.8,No,40,No,High,3,2,86,Visual,45,90,4,3.89,18,30,Traditional,4.19,17,29,10,2,Yes
313,BCA0313,MMDU2026REG0313,MMDU,MMICTBM,CS,BCA,AI,Male,2004-04-22,24,OBC,Yes,Haryana,Indian,2-4 LPA,Graduate,Farmer,No,No,Govt,86.87,CBSE,91.92,CBSE,Arts,89,3785,Merit,1,2025-26,VI,BCA601,Final Semester,Core,4,4.43,FAC118,120,77,77,Medium,40,45,0.89,2,6,0.63,69,64,72,223,53,Down,80,90,59,233,76.46,C,8,6.4,6.41,Pass,0,6.1,5.8,4.5,No,55,Yes,Medium,4,2,68,Reading,63,73,14,4.65,23,58,Blended,4.14,11,35,0,1,No
314,BCA0314,MMDU2026REG0314,MMDU,MMICTBM,CS,BCA,Data Science,Female,2004-08-21,21,SC,No,UP,Indian,<2 LPA,Post-Graduate,Farmer,Yes,Yes,NA,69.05,ICSE,89.6,CBSE,Arts,82,1587,Management,2,2025-26,VI,BCA601,Final Semester,Core,4,4.45,FAC103,120,97,97,High,44,43,0.99,2,12,0.87,71,59,57,239,36,Up,58,58,58,249,85.72,C,8.1,8.84,7.19,Pass,1,5,7.6,6.6,Yes,18,Yes,Medium,5,2,64,Reading,82,70,16,4.08,36,48,Online,4.03,30,35,3,2,No
315,BCA0315,MMDU2026REG0315,MMDU,MMICTBM,CS,BCA,Cloud,Female,2002-12-03,21,OBC,Yes,UP,Indian,2-4 LPA,Post-Graduate,Service,No,Yes,NA,72.3,State,70.96,State,Commerce,79,6222,Quota,0,2025-26,VI,BCA601,Final Semester,Core,4,3.36,FAC110,120,86,86,High,34,26,0.85,4,3,1,76,74,61,189,3,Up,71,67,79,239,78.33,A+,9.2,6.92,8.33,Pass,2,3.1,5.1,3.2,Yes,19,Yes,Medium,2,1,57,Auditory,61,42,6,4.56,26,69,Traditional,4.14,22,7,4,4,No
316,BCA0316,MMDU2026REG0316,MMDU,MMICTBM,CS,BCA,Cyber Security,Female,2003-03-12,23,GEN,No,Bihar,Indian,2-4 LPA,Graduate,Service,No,Yes,Govt,79.41,ICSE,64.57,CBSE,Science,81,1278,Merit,0,2025-26,VI,BCA601,Final Semester,Core,4,3.38,FAC111,120,84,84,Medium,29,20,0.81,2,12,0.8,94,80,84,188,28,Down,81,86,56,270,82.43,C,9.4,5.93,7.49,Pass,0,4,7.1,6.7,Yes,35,No,High,3,2,63,Reading,68,74,15,3.97,21,68,Traditional,3.72,16,32,5,5,Yes
317,BCA0317,MMDU2026REG0317,MMDU,MMICTBM,CS,BCA,Data Science,Male,2003-10-06,21,OBC,No,UP,Indian,2-4 LPA,Graduate,Business,No,Yes,NA,83.85,State,58.26,CBSE,Science,66,3056,Quota,0,2025-26,VI,BCA601,Final Semester,Core,4,3.05,FAC117,120,70,70,Low,25,39,0.88,5,6,0.72,66,66,67,204,20,Flat,89,90,57,192,78.63,A+,9,7.14,8.25,Pass,2,7.2,6.1,2.7,No,39,Yes,Low,1,2,71,Auditory,67,73,13,4.07,20,73,Online,3.93,29,12,2,0,Yes
318,BCA0318,MMDU2026REG0318,MMDU,MMICTBM,CS,BCA,Cloud,Male,2002-01-06,22,ST,Yes,Haryana,Indian,6-8 LPA,10th,Teacher,No,No,NA,72.01,CBSE,71.18,State,Science,54,1107,Quota,0,2025-26,VI,BCA601,Final Semester,Core,4,3.58,FAC102,120,82,82,Medium,53,34,0.9,3,6,0.89,78,84,74,213,45,Flat,55,82,55,253,75.12,A+,7,6.91,7.24,Pass,2,7.4,6.1,5.4,No,48,Yes,Low,1,2,51,Reading,90,48,9,4.74,16,56,Blended,3.61,17,15,0,5,No
319,BCA0319,MMDU2026REG0319,MMDU,MMICTBM,CS,BCA,Cloud,Male,2003-08-05,23,ST,No,Bihar,Indian,6-8 LPA,10th,Business,Yes,Yes,NA,80.06,CBSE,84.9,CBSE,Science,69,6205,Quota,0,2025-26,VI,BCA601,Final Semester,Core,4,3.69,FAC109,120,77,77,Medium,57,41,0.73,5,2,0.87,72,71,60,181,52,Up,56,62,66,230,63.13,C,8.6,8.76,6.18,Pass,1,7.1,7,2.6,Yes,41,Yes,High,5,1,59,Reading,79,90,15,4.72,16,77,Traditional,4.27,20,21,3,3,No
320,BCA0320,MMDU2026REG0320,MMDU,MMICTBM,CS,BCA,AI,Male,2004-04-28,21,GEN,Yes,Bihar,Indian,<2 LPA,Graduate,Service,No,No,Govt,73.19,CBSE,81.63,State,Commerce,83,3652,Quota,1,2025-26,VI,BCA601,Final Semester,Core,4,3.77,FAC106,120,64,64,Low,26,32,0.78,0,5,0.83,64,86,60,264,26,Up,81,90,58,199,80.85,C,7.5,5.68,6.51,Pass,0,6.9,7.6,3.4,Yes,37,Yes,Low,5,3,59,Visual,75,56,16,3.6,16,49,Traditional,4.06,6,19,10,1,No
321,BCA0321,MMDU2026REG0321,MMDU,MMICTBM,CS,BCA,Cyber Security,Male,2003-07-11,21,GEN,No,Haryana,Indian,2-4 LPA,Graduate,Farmer,No,Yes,Private,88.41,ICSE,72.35,State,Commerce,67,2314,Management,2,2025-26,VI,BCA601,Final Semester,Core,4,3.37,FAC113,120,96,96,High,59,25,0.94,1,12,0.91,88,78,69,216,7,Flat,70,84,66,207,73.53,A,7.5,6.55,8.98,Pass,0,6.5,7.6,5.1,Yes,12,Yes,Low,4,1,61,Reading,53,78,10,3.84,39,46,Blended,4.67,21,33,1,4,Yes
322,BCA0322,MMDU2026REG0322,MMDU,MMICTBM,CS,BCA,Cloud,Female,2004-03-20,21,ST,No,Bihar,Indian,4-6 LPA,Post-Graduate,Service,Yes,Yes,Govt,84.38,ICSE,65.93,State,Science,85,4009,Merit,0,2025-26,VI,BCA601,Final Semester,Core,4,3.84,FAC113,120,96,96,High,42,36,0.86,5,12,0.75,80,68,58,205,45,Flat,62,89,90,212,70.57,B,7.2,5.65,6.1,Pass,0,2.9,7.9,2.5,No,38,Yes,Medium,3,5,74,Auditory,73,49,6,4.05,32,69,Blended,3.93,21,31,8,5,Yes
323,BCA0323,MMDU2026REG0323,MMDU,MMICTBM,CS,BCA,AI,Male,2002-04-19,23,GEN,Yes,Punjab,Indian,<2 LPA,Graduate,Farmer,No,No,Govt,64.21,CBSE,81.36,State,Science,81,7013,Quota,0,2025-26,VI,BCA601,Final Semester,Core,4,3.6,FAC101,120,95,95,High,37,28,0.7,3,2,0.78,72,77,63,254,20,Up,89,83,59,262,64.43,C,6.9,6.79,8.59,Pass,1,4.9,5.8,2.5,Yes,44,No,High,5,2,81,Kinesthetic,86,45,13,4.36,20,32,Traditional,3.9,30,14,4,5,Yes
324,BCA0324,MMDU2026REG0324,MMDU,MMICTBM,CS,BCA,Cyber Security,Female,2005-02-01,22,ST,No,Bihar,Indian,4-6 LPA,Graduate,Teacher,Yes,No,Private,85.28,ICSE,86.84,State,Science,69,5590,Merit,1,2025-26,VI,BCA601,Final Semester,Core,4,4.23,FAC106,120,69,69,Low,46,29,0.92,1,5,0.99,87,72,83,197,13,Flat,85,81,74,255,72.75,A,7.6,7.88,6.05,Pass,0,5.7,6.8,7,No,11,No,Low,3,2,51,Reading,63,63,5,4.22,16,75,Online,4.36,7,26,8,2,No
325,BCA0325,MMDU2026REG0325,MMDU,MMICTBM,CS,BCA,AI,Female,2005-03-30,24,OBC,No,Punjab,Indian,2-4 LPA,Post-Graduate,Service,No,Yes,Private,90.14,State,94.77,CBSE,Science,71,4742,Management,1,2025-26,VI,BCA601,Final Semester,Core,4,4.06,FAC115,120,67,67,Low,45,41,0.96,3,7,0.68,66,71,78,269,8,Down,87,66,81,209,75.4,A,7.4,6.09,6.32,Pass,1,4.3,7.4,5,No,46,Yes,Low,3,1,80,Auditory,48,56,17,4.61,28,68,Online,4.94,25,14,6,1,Yes
326,BCA0326,MMDU2026REG0326,MMDU,MMICTBM,CS,BCA,Cloud,Male,2004-02-05,23,SC,No,UP,Indian,<2 LPA,Post-Graduate,Farmer,Yes,Yes,NA,86.65,ICSE,86.11,CBSE,Arts,75,6501,Quota,0,2025-26,VI,BCA601,Final Semester,Core,4,3.22,FAC114,120,81,81,Medium,29,22,0.9,1,8,0.76,63,55,78,182,28,Flat,70,83,67,222,61.88,B+,8.6,9.01,8.93,Pass,0,6.8,5.5,4.4,Yes,19,Yes,Low,4,1,87,Reading,89,53,3,3.59,23,64,Blended,3.85,7,25,1,0,Yes
327,BCA0327,MMDU2026REG0327,MMDU,MMICTBM,CS,BCA,Cloud,Female,2003-10-26,23,OBC,No,Punjab,Indian,4-6 LPA,Graduate,Teacher,No,Yes,NA,62.59,CBSE,83.22,CBSE,Science,73,5720,Management,0,2025-26,VI,BCA601,Final Semester,Core,4,3.07,FAC117,120,76,76,Medium,59,24,0.88,3,12,0.73,76,66,71,200,24,Up,60,60,68,261,67.09,B,9,7.78,6.74,Pass,0,7.6,6.9,3.7,Yes,50,No,Low,1,2,61,Kinesthetic,80,47,9,4.71,31,31,Blended,3.86,24,16,4,2,Yes
328,BCA0328,MMDU2026REG0328,MMDU,MMICTBM,CS,BCA,Cloud,Male,2003-03-21,24,GEN,Yes,UP,Indian,4-6 LPA,Graduate,Business,Yes,No,NA,71.18,ICSE,84.25,CBSE,Arts,72,5518,Merit,0,2025-26,VI,BCA601,Final Semester,Core,4,4.16,FAC101,120,89,89,High,32,23,0.71,1,12,0.93,62,77,88,232,14,Down,76,67,86,198,82.58,B,6.2,6.91,6.39,Pass,2,3.8,6.6,2.6,Yes,57,Yes,High,2,4,77,Auditory,62,61,16,4.05,27,76,Online,3.51,5,7,5,3,Yes
329,BCA0329,MMDU2026REG0329,MMDU,MMICTBM,CS,BCA,Cloud,Female,2004-01-17,23,SC,No,Bihar,Indian,<2 LPA,Post-Graduate,Farmer,Yes,No,NA,70.59,CBSE,91.59,State,Science,66,5040,Merit,1,2025-26,VI,BCA601,Final Semester,Core,4,3.18,FAC106,120,64,64,Low,46,37,0.99,0,9,0.88,67,60,67,242,9,Up,76,90,85,240,63.87,B,6.6,9.19,7.93,Pass,0,5.1,7.7,7,No,9,Yes,Medium,5,4,75,Kinesthetic,45,58,9,4.42,17,63,Traditional,4.38,9,30,0,4,No
330,BCA0330,MMDU2026REG0330,MMDU,MMICTBM,CS,BCA,Data Science,Female,2004-02-09,24,ST,Yes,Haryana,Indian,2-4 LPA,10th,Teacher,Yes,No,NA,82.46,ICSE,74.47,CBSE,Science,77,5547,Management,2,2025-26,VI,BCA601,Final Semester,Core,4,4.24,FAC116,120,95,95,High,25,27,0.85,3,9,0.72,84,65,85,197,21,Down,63,65,72,259,75.48,C,9.4,7.54,7.1,Pass,1,7.5,5.2,3,Yes,46,No,Low,5,3,81,Kinesthetic,45,64,19,4.32,22,48,Online,4.09,16,35,10,1,Yes
331,BCA0331,MMDU2026REG0331,MMDU,MMICTBM,CS,BCA,AI,Female,2003-05-04,21,SC,No,Punjab,Indian,4-6 LPA,Graduate,Farmer,No,Yes,NA,80.24,ICSE,77.41,State,Commerce,50,7381,Merit,0,2025-26,VI,BCA601,Final Semester,Core,4,4.25,FAC108,120,86,86,High,44,25,0.76,3,7,0.81,81,65,82,223,3,Down,88,69,67,225,61.2,B,8.6,8.83,7.84,Pass,2,4.2,6.6,2.6,No,22,Yes,Low,4,2,41,Auditory,83,64,7,4.35,29,69,Traditional,4.24,9,34,7,0,Yes
332,BCA0332,MMDU2026REG0332,MMDU,MMICTBM,CS,BCA,Data Science,Female,2003-06-28,24,ST,Yes,Haryana,Indian,6-8 LPA,Graduate,Farmer,No,No,NA,91.55,ICSE,75.26,CBSE,Arts,88,5134,Quota,2,2025-26,VI,BCA601,Final Semester,Core,4,3.82,FAC110,120,82,82,Medium,39,29,0.8,0,6,0.69,81,59,78,190,20,Up,79,70,58,214,68.96,A,8.7,8.54,8.9,Pass,0,3,6.9,7,No,14,No,Medium,1,5,82,Kinesthetic,89,61,7,3.53,25,43,Online,3.97,17,15,8,0,Yes
333,BCA0333,MMDU2026REG0333,MMDU,MMICTBM,CS,BCA,Cyber Security,Male,2004-09-06,24,OBC,No,Haryana,Indian,4-6 LPA,10th,Business,Yes,No,NA,63.48,CBSE,61.41,State,Science,63,1793,Merit,0,2025-26,VI,BCA601,Final Semester,Core,4,3.46,FAC107,120,65,65,Low,50,40,0.95,1,11,0.88,82,88,66,199,45,Flat,64,57,80,232,66.3,A,7.1,5.7,8.14,Pass,0,2,7.7,5.7,No,45,Yes,High,3,3,60,Reading,86,58,6,3.69,26,49,Blended,4.7,16,19,2,0,No
334,BCA0334,MMDU2026REG0334,MMDU,MMICTBM,CS,BCA,Cyber Security,Male,2004-10-17,23,OBC,No,Bihar,Indian,<2 LPA,10th,Farmer,No,No,Private,78.31,ICSE,58.48,CBSE,Arts,77,2996,Merit,0,2025-26,VI,BCA601,Final Semester,Core,4,4.16,FAC104,120,76,76,Medium,44,26,0.91,5,3,0.92,76,67,84,225,29,Up,75,64,76,228,66.12,B,7.3,6.83,6.23,Pass,1,2.5,7.9,5.5,No,38,No,Medium,4,3,65,Visual,46,83,6,4.52,34,73,Blended,3.71,30,23,1,0,No
335,BCA0335,MMDU2026REG0335,MMDU,MMICTBM,CS,BCA,Cloud,Male,2002-11-07,21,GEN,No,Haryana,Indian,4-6 LPA,Graduate,Teacher,No,No,NA,94.74,ICSE,81.08,CBSE,Science,89,5549,Merit,0,2025-26,VI,BCA601,Final Semester,Core,4,3.49,FAC119,120,73,73,Low,35,34,0.85,5,6,0.85,93,88,71,193,11,Up,61,81,70,205,60.52,C,6.1,6.15,8.98,Pass,1,3.3,7.7,2.1,Yes,37,No,Low,4,4,52,Auditory,87,71,6,4.73,25,57,Blended,4.53,27,18,0,0,No
336,BCA0336,MMDU2026REG0336,MMDU,MMICTBM,CS,BCA,Data Science,Female,2004-04-26,24,OBC,Yes,Punjab,Indian,2-4 LPA,Post-Graduate,Service,No,Yes,Govt,87.9,ICSE,76.37,CBSE,Science,62,7152,Quota,0,2025-26,VI,BCA601,Final Semester,Core,4,4.35,FAC112,120,61,61,Low,33,31,0.79,5,11,0.97,91,83,84,211,33,Flat,71,71,55,246,64.93,A,6.5,8.4,7.9,Pass,0,4.4,7.7,6,No,13,No,Low,2,4,69,Reading,60,60,17,4.37,24,67,Blended,4,8,18,1,1,Yes
337,BCA0337,MMDU2026REG0337,MMDU,MMICTBM,CS,BCA,AI,Male,2004-03-23,21,SC,No,UP,Indian,2-4 LPA,10th,Teacher,No,Yes,Govt,89.81,ICSE,87.08,CBSE,Arts,63,3924,Merit,2,2025-26,VI,BCA601,Final Semester,Core,4,3.65,FAC107,120,84,84,Medium,59,45,0.99,3,9,1,95,89,90,189,43,Up,77,65,67,196,64.41,A,7.1,8.47,7.65,Pass,0,3.4,7.5,2.6,Yes,53,No,High,5,4,67,Auditory,54,49,4,4.53,31,71,Traditional,4.43,12,9,3,2,No
338,BCA0338,MMDU2026REG0338,MMDU,MMICTBM,CS,BCA,Cloud,Male,2002-03-31,22,SC,Yes,Bihar,Indian,<2 LPA,Post-Graduate,Business,Yes,Yes,Private,78.73,CBSE,69.71,CBSE,Arts,69,4994,Management,1,2025-26,VI,BCA601,Final Semester,Core,4,3.26,FAC107,120,92,92,High,60,29,0.86,4,10,0.61,70,81,59,219,34,Down,82,77,79,263,61.51,C,7.2,8.35,6,Pass,2,5,7.6,2.7,No,12,Yes,Medium,5,5,61,Visual,63,61,15,3.72,31,67,Blended,4.33,24,26,5,0,Yes
339,BCA0339,MMDU2026REG0339,MMDU,MMICTBM,CS,BCA,Data Science,Male,2003-08-10,23,OBC,No,Bihar,Indian,2-4 LPA,Graduate,Service,No,Yes,Govt,62.85,CBSE,56.39,CBSE,Commerce,66,3712,Quota,1,2025-26,VI,BCA601,Final Semester,Core,4,3.77,FAC102,120,60,60,Low,45,25,0.77,1,2,0.6,65,72,79,232,42,Flat,62,80,89,211,65.75,A,9.2,7.58,8.24,Pass,2,4.1,6.6,3.2,No,34,Yes,Low,2,5,61,Visual,71,86,17,4.65,18,61,Online,3.64,25,20,10,4,No
340,BCA0340,MMDU2026REG0340,MMDU,MMICTBM,CS,BCA,Cyber Security,Male,2002-10-20,24,OBC,Yes,Punjab,Indian,2-4 LPA,Post-Graduate,Teacher,No,Yes,NA,66.72,CBSE,80.12,State,Arts,69,7480,Management,0,2025-26,VI,BCA601,Final Semester,Core,4,4.45,FAC101,120,61,61,Low,52,36,0.75,5,10,0.74,77,67,69,219,59,Flat,69,56,69,188,68.09,C,6.8,8.44,8.28,Pass,2,4.6,7.3,3.3,No,55,No,Low,4,5,75,Kinesthetic,81,59,9,3.87,29,46,Blended,4.18,20,6,8,3,No
341,BCA0341,MMDU2026REG0341,MMDU,MMICTBM,CS,BCA,Cloud,Male,2004-12-17,21,GEN,No,Bihar,Indian,<2 LPA,Graduate,Farmer,No,No,NA,62.01,CBSE,59.74,State,Science,67,7252,Quota,1,2025-26,VI,BCA601,Final Semester,Core,4,4.03,FAC107,120,91,91,High,49,26,0.73,3,9,0.97,92,60,71,193,52,Flat,64,71,85,208,67.51,A+,6.1,7.36,6.04,Pass,2,4.9,7.3,3.5,No,12,Yes,Low,3,4,60,Reading,88,42,7,3.94,33,78,Traditional,3.72,16,36,7,2,Yes
342,BCA0342,MMDU2026REG0342,MMDU,MMICTBM,CS,BCA,AI,Female,2003-05-16,22,OBC,No,UP,Indian,4-6 LPA,10th,Farmer,No,Yes,NA,76.06,CBSE,59.83,CBSE,Science,64,3883,Merit,0,2025-26,VI,BCA601,Final Semester,Core,4,3.97,FAC120,120,71,71,Low,37,29,0.83,1,10,0.92,80,63,80,259,13,Up,66,88,84,245,74.03,A,8.5,5.34,8.19,Pass,2,5.4,5.6,6.3,No,34,No,High,1,2,64,Auditory,48,72,19,3.59,40,78,Online,4.52,26,13,2,5,Yes
343,BCA0343,MMDU2026REG0343,MMDU,MMICTBM,CS,BCA,Cloud,Female,2003-10-17,22,SC,No,UP,Indian,6-8 LPA,10th,Teacher,Yes,Yes,NA,64.87,ICSE,85.15,CBSE,Science,90,5918,Quota,0,2025-26,VI,BCA601,Final Semester,Core,4,3.81,FAC106,120,85,85,High,56,40,0.76,3,8,0.61,61,60,86,236,60,Up,86,64,65,268,89.12,B+,8.4,5.72,8.6,Pass,2,5.8,7.7,2.7,No,7,Yes,Medium,5,5,75,Reading,64,77,19,4.3,15,57,Traditional,4.94,16,36,7,1,Yes
344,BCA0344,MMDU2026REG0344,MMDU,MMICTBM,CS,BCA,AI,Female,2005-02-02,21,OBC,Yes,Haryana,Indian,<2 LPA,Post-Graduate,Farmer,Yes,Yes,NA,76.82,CBSE,80.67,CBSE,Arts,90,5437,Management,1,2025-26,VI,BCA601,Final Semester,Core,4,3.71,FAC118,120,77,77,Medium,24,34,0.86,3,10,0.93,86,59,66,264,44,Flat,88,59,65,268,64.22,B,9.1,6.87,8.53,Pass,0,7.5,5.7,6.4,No,54,Yes,Medium,1,5,87,Auditory,57,82,12,4.61,39,65,Traditional,3.64,20,18,8,1,No
345,BCA0345,MMDU2026REG0345,MMDU,MMICTBM,CS,BCA,Data Science,Male,2004-02-19,23,SC,Yes,Haryana,Indian,4-6 LPA,Post-Graduate,Business,No,Yes,Private,70.76,CBSE,69.53,CBSE,Commerce,64,2107,Quota,2,2025-26,VI,BCA601,Final Semester,Core,4,4.26,FAC107,120,89,89,High,56,45,0.87,1,3,0.78,66,65,62,190,35,Up,77,67,76,244,88.64,C,6.6,5.95,6.28,Pass,1,6.6,5.7,5.1,No,33,Yes,High,2,3,61,Reading,56,44,6,4.58,24,50,Blended,3.6,24,14,10,4,No
346,BCA0346,MMDU2026REG0346,MMDU,MMICTBM,CS,BCA,Data Science,Female,2003-12-05,22,GEN,Yes,Bihar,Indian,4-6 LPA,10th,Teacher,Yes,Yes,Govt,72.93,ICSE,80.42,CBSE,Commerce,53,2700,Merit,2,2025-26,VI,BCA601,Final Semester,Core,4,3.31,FAC110,120,68,68,Low,44,21,0.98,3,6,0.69,89,86,71,222,4,Flat,83,58,73,253,77.32,B+,6.3,6.99,7.56,Pass,1,2.4,6.1,5.4,No,38,Yes,Medium,1,5,56,Reading,83,48,20,3.8,25,59,Online,4.02,26,20,7,2,Yes
347,BCA0347,MMDU2026REG0347,MMDU,MMICTBM,CS,BCA,Data Science,Female,2003-08-15,23,GEN,No,Haryana,Indian,2-4 LPA,10th,Business,No,No,Govt,73.38,CBSE,72.88,State,Arts,73,6351,Quota,1,2025-26,VI,BCA601,Final Semester,Core,4,4.2,FAC106,120,70,70,Low,41,35,0.92,2,3,0.61,67,64,69,246,10,Down,57,80,84,206,75.78,A,8.9,9.16,7.86,Pass,0,6.2,7.8,6.6,No,28,Yes,Medium,1,3,86,Kinesthetic,47,49,7,4.97,31,40,Online,3.83,8,11,7,1,No
348,BCA0348,MMDU2026REG0348,MMDU,MMICTBM,CS,BCA,Data Science,Male,2003-02-13,22,SC,No,Haryana,Indian,4-6 LPA,Graduate,Service,No,Yes,NA,64.2,State,79.69,State,Commerce,50,7332,Management,2,2025-26,VI,BCA601,Final Semester,Core,4,3.45,FAC109,120,80,80,Medium,43,21,0.7,5,5,0.9,78,73,60,228,26,Flat,77,66,75,262,76.18,A+,8.2,8.08,8.33,Pass,0,7.3,7.7,3.2,Yes,60,Yes,Medium,4,2,85,Reading,57,79,12,4.19,26,65,Online,3.7,21,15,5,4,Yes
349,BCA0349,MMDU2026REG0349,MMDU,MMICTBM,CS,BCA,Cyber Security,Female,2002-10-10,23,OBC,No,Punjab,Indian,<2 LPA,Graduate,Teacher,No,No,Private,67.3,CBSE,79.67,CBSE,Arts,71,4861,Management,2,2025-26,VI,BCA601,Final Semester,Core,4,3.98,FAC115,120,84,84,Medium,37,39,0.85,3,11,0.86,61,57,73,247,53,Up,55,81,64,193,81.28,B+,9,9.47,6.6,Pass,0,6.5,7.8,6.9,No,60,No,High,4,1,76,Auditory,48,40,8,3.83,36,79,Online,4.41,29,13,1,2,Yes
350,BCA0350,MMDU2026REG0350,MMDU,MMICTBM,CS,BCA,Cyber Security,Male,2002-12-19,23,ST,No,Punjab,Indian,2-4 LPA,Post-Graduate,Teacher,Yes,No,NA,75.36,State,82.31,CBSE,Commerce,57,4566,Merit,1,2025-26,VI,BCA601,Final Semester,Core,4,3.12,FAC101,120,78,78,Medium,38,38,0.7,3,10,0.95,95,82,82,259,50,Down,76,85,58,188,76.27,A,6.6,7,6.34,Pass,1,5.2,7.1,2.1,No,24,No,Low,5,3,49,Reading,82,49,10,3.77,16,51,Online,4.11,26,18,3,4,Yes
351,BCA0351,MMDU2026REG0351,MMDU,MMICTBM,CS,BCA,AI,Male,2002-02-26,21,ST,Yes,UP,Indian,4-6 LPA,10th,Service,No,Yes,NA,76.92,CBSE,82.92,CBSE,Science,50,4367,Quota,1,2025-26,VI,BCA601,Final Semester,Core,4,4.45,FAC102,120,76,76,Medium,27,20,0.78,2,12,0.82,60,56,79,203,16,Down,84,62,87,254,79.56,C,8.6,7.33,7.64,Pass,1,2.4,7.4,4.1,No,30,Yes,Low,4,1,52,Auditory,64,45,11,4.04,40,32,Traditional,3.9,12,33,0,2,Yes
352,BCA0352,MMDU2026REG0352,MMDU,MMICTBM,CS,BCA,Data Science,Female,2004-12-30,22,GEN,Yes,Haryana,Indian,6-8 LPA,Post-Graduate,Farmer,No,No,Govt,77.7,State,65.8,State,Arts,70,3007,Management,0,2025-26,VI,BCA601,Final Semester,Core,4,3.42,FAC103,120,91,91,High,45,27,0.73,1,9,0.76,61,81,70,240,32,Flat,73,83,58,199,89.19,B,6.1,8.61,7.29,Pass,2,8,5.7,3.5,No,11,Yes,High,4,5,65,Kinesthetic,67,90,5,4.72,26,38,Traditional,4.69,10,19,4,0,Yes
353,BCA0353,MMDU2026REG0353,MMDU,MMICTBM,CS,BCA,AI,Female,2002-04-03,21,ST,Yes,UP,Indian,<2 LPA,Post-Graduate,Farmer,Yes,No,Private,63.48,CBSE,82.98,CBSE,Arts,65,7631,Management,1,2025-26,VI,BCA601,Final Semester,Core,4,3.87,FAC112,120,88,88,High,28,43,0.92,0,11,0.88,89,75,64,263,1,Up,58,61,67,213,81.66,A,7,7.91,7.42,Pass,2,5.3,7,6.5,Yes,60,No,Medium,5,4,61,Visual,78,82,7,4.13,40,56,Online,3.95,25,21,10,3,Yes
354,BCA0354,MMDU2026REG0354,MMDU,MMICTBM,CS,BCA,Cyber Security,Female,2002-11-11,21,GEN,No,Haryana,Indian,6-8 LPA,Graduate,Service,No,No,Private,82.46,State,57.36,CBSE,Commerce,78,7459,Merit,1,2025-26,VI,BCA601,Final Semester,Core,4,3.48,FAC101,120,79,79,Medium,33,26,0.9,1,10,0.63,68,88,60,211,20,Flat,76,88,85,181,85.83,A,8.5,7.3,7.63,Pass,2,2.8,7.4,2.5,No,31,No,High,4,3,56,Kinesthetic,51,85,10,4.14,30,38,Online,4.73,24,15,4,1,No
355,BCA0355,MMDU2026REG0355,MMDU,MMICTBM,CS,BCA,Cloud,Female,2002-11-22,24,GEN,No,Haryana,Indian,4-6 LPA,Post-Graduate,Farmer,No,Yes,NA,93.23,CBSE,64.59,CBSE,Arts,60,3784,Quota,0,2025-26,VI,BCA601,Final Semester,Core,4,3.86,FAC116,120,97,97,High,28,24,0.94,4,11,0.73,91,72,82,203,23,Flat,63,55,87,186,70.28,B,7.1,6.07,7.6,Pass,0,4,6,6.9,Yes,49,No,Low,2,5,88,Reading,75,83,20,4.09,21,39,Blended,4.75,28,33,5,4,No
356,BCA0356,MMDU2026REG0356,MMDU,MMICTBM,CS,BCA,AI,Male,2003-03-22,23,OBC,No,Haryana,Indian,<2 LPA,Graduate,Business,No,No,NA,69.99,CBSE,89.94,CBSE,Commerce,71,3092,Management,2,2025-26,VI,BCA601,Final Semester,Core,4,3.13,FAC113,120,94,94,High,21,41,0.85,2,3,0.88,81,73,66,243,48,Down,69,77,70,248,81.3,A,8.1,7.05,8.2,Pass,1,4.8,7.3,4.7,No,34,No,Low,4,3,89,Kinesthetic,88,51,9,4.96,33,56,Blended,4.42,30,28,5,1,No
357,BCA0357,MMDU2026REG0357,MMDU,MMICTBM,CS,BCA,Cyber Security,Male,2002-07-06,22,ST,Yes,Haryana,Indian,4-6 LPA,Post-Graduate,Farmer,Yes,Yes,Govt,78.67,State,76.34,State,Arts,80,7145,Merit,0,2025-26,VI,BCA601,Final Semester,Core,4,3.05,FAC114,120,67,67,Low,40,37,0.84,1,8,0.62,69,83,76,269,14,Flat,61,74,58,227,73.69,B,6.6,6.18,7.47,Pass,2,2.7,6.2,3.2,Yes,52,No,High,1,5,86,Auditory,70,61,18,4.13,28,42,Blended,4.29,11,25,6,2,Yes
358,BCA0358,MMDU2026REG0358,MMDU,MMICTBM,CS,BCA,Cloud,Male,2002-03-13,22,OBC,No,Bihar,Indian,2-4 LPA,Graduate,Farmer,Yes,Yes,Govt,65.98,State,92.76,CBSE,Commerce,76,6522,Merit,0,2025-26,VI,BCA601,Final Semester,Core,4,3.29,FAC109,120,98,98,High,41,36,0.98,5,4,0.84,91,60,63,260,58,Flat,60,63,61,227,76.61,B,6.4,7.44,6.93,Pass,2,6.3,5.5,5,Yes,49,Yes,Low,3,5,80,Visual,69,71,17,3.89,35,72,Online,4.06,30,11,2,4,No
359,BCA0359,MMDU2026REG0359,MMDU,MMICTBM,CS,BCA,Cyber Security,Male,2002-06-12,22,ST,No,Bihar,Indian,4-6 LPA,10th,Farmer,Yes,No,NA,87.02,CBSE,69.73,State,Commerce,78,2340,Merit,1,2025-26,VI,BCA601,Final Semester,Core,4,4.32,FAC110,120,79,79,Medium,52,33,0.97,5,0,0.61,91,57,61,185,45,Down,66,70,74,182,86.12,C,8.1,7.76,7.05,Pass,2,3.5,6.1,3,No,58,No,High,5,2,69,Visual,81,80,6,4.95,31,33,Online,4.64,28,37,10,0,Yes
360,BCA0360,MMDU2026REG0360,MMDU,MMICTBM,CS,BCA,Cloud,Male,2002-12-27,23,SC,Yes,UP,Indian,<2 LPA,Graduate,Farmer,No,Yes,Private,68.12,ICSE,90.22,State,Arts,65,1783,Management,0,2025-26,VI,BCA601,Final Semester,Core,4,3.64,FAC118,120,77,77,Medium,57,42,0.71,2,2,0.85,69,87,90,205,51,Down,89,67,60,195,67.46,A+,9.4,8.71,7.54,Pass,0,5.2,7.2,4.3,Yes,20,No,High,5,3,60,Auditory,40,51,18,4.99,25,76,Online,4.27,22,11,5,2,Yes
361,BCA0361,MMDU2026REG0361,MMDU,MMICTBM,CS,BCA,Cloud,Male,2002-12-25,24,OBC,No,Punjab,Indian,4-6 LPA,Post-Graduate,Teacher,No,No,NA,91.3,CBSE,89.39,State,Commerce,82,5244,Management,2,2025-26,VI,BCA601,Final Semester,Core,4,3.62,FAC106,120,61,61,Low,46,42,0.85,4,1,0.66,71,66,66,217,48,Up,56,89,62,223,61.49,A,8.6,5.83,6.19,Pass,0,5.3,6.4,6.6,No,45,No,Medium,1,3,68,Reading,62,58,11,3.7,38,70,Blended,4.39,26,18,4,4,Yes
362,BCA0362,MMDU2026REG0362,MMDU,MMICTBM,CS,BCA,AI,Female,2003-05-08,24,ST,Yes,Punjab,Indian,2-4 LPA,10th,Business,No,No,Govt,85.46,State,82.01,State,Commerce,68,7132,Quota,0,2025-26,VI,BCA601,Final Semester,Core,4,3.18,FAC114,120,86,86,High,28,30,0.8,2,7,0.62,70,60,63,209,2,Down,75,66,82,251,85.17,B,7.6,8.03,8.54,Pass,2,7,7.5,2.7,No,39,Yes,Medium,5,4,87,Visual,83,84,10,4.88,20,48,Blended,3.98,14,19,8,5,Yes
363,BCA0363,MMDU2026REG0363,MMDU,MMICTBM,CS,BCA,Cloud,Male,2004-05-01,22,SC,Yes,UP,Indian,<2 LPA,10th,Service,No,No,Govt,90.39,CBSE,63.48,CBSE,Arts,64,3545,Management,0,2025-26,VI,BCA601,Final Semester,Core,4,3.32,FAC112,120,100,100,High,48,33,0.95,0,10,0.68,78,68,68,194,2,Up,60,68,65,195,71.79,B+,8.9,9.21,7.37,Pass,2,5.1,6.6,6.1,No,21,No,Low,4,3,61,Kinesthetic,40,42,8,4.85,16,76,Traditional,3.55,16,9,4,0,No
364,BCA0364,MMDU2026REG0364,MMDU,MMICTBM,CS,BCA,AI,Female,2003-05-10,21,SC,Yes,Punjab,Indian,2-4 LPA,Graduate,Teacher,No,Yes,Govt,70.29,CBSE,62.21,State,Arts,50,6389,Quota,2,2025-26,VI,BCA601,Final Semester,Core,4,3.17,FAC104,120,76,76,Medium,34,41,0.94,3,9,0.83,87,86,69,186,16,Up,59,82,73,184,80.8,A+,8.7,8.62,6.73,Pass,0,8,6.5,6.7,Yes,14,No,Low,5,3,63,Kinesthetic,63,77,9,3.86,17,77,Traditional,4.66,13,37,5,3,Yes
365,BCA0365,MMDU2026REG0365,MMDU,MMICTBM,CS,BCA,Cloud,Female,2002-10-02,22,OBC,No,Bihar,Indian,<2 LPA,Graduate,Farmer,No,No,Govt,77.73,ICSE,56.64,CBSE,Arts,67,3752,Quota,0,2025-26,VI,BCA601,Final Semester,Core,4,3.75,FAC110,120,93,93,High,58,24,0.73,4,7,0.84,72,62,79,187,46,Up,66,71,69,269,69.43,A,7.1,8.27,6.82,Pass,2,5.6,6.6,4.1,No,44,Yes,Medium,2,2,41,Auditory,54,42,18,4.48,39,74,Online,4.42,19,9,10,3,No
366,BCA0366,MMDU2026REG0366,MMDU,MMICTBM,CS,BCA,Cyber Security,Female,2004-09-08,21,OBC,Yes,UP,Indian,4-6 LPA,10th,Business,Yes,No,Private,90.55,State,85.82,CBSE,Science,90,4273,Management,0,2025-26,VI,BCA601,Final Semester,Core,4,3.59,FAC111,120,77,77,Medium,54,22,0.77,4,1,0.95,74,75,58,202,41,Up,75,65,67,250,73.8,B+,6.3,7.71,7.81,Pass,2,6.1,5.1,6.8,Yes,52,Yes,Low,4,1,71,Auditory,87,56,19,4.3,26,55,Traditional,3.82,26,35,10,4,Yes
367,BCA0367,MMDU2026REG0367,MMDU,MMICTBM,CS,BCA,Cyber Security,Male,2003-08-05,23,ST,Yes,Punjab,Indian,2-4 LPA,Post-Graduate,Farmer,Yes,Yes,NA,67.07,State,94.38,CBSE,Arts,53,5257,Merit,1,2025-26,VI,BCA601,Final Semester,Core,4,3.86,FAC111,120,66,66,Low,31,29,0.78,2,5,0.65,68,58,89,202,56,Flat,63,65,85,269,60.7,B,9,7.64,6.95,Pass,1,2.4,6.7,6.7,Yes,54,No,Medium,3,1,45,Visual,88,41,17,3.84,40,30,Blended,3.66,19,20,4,0,No
368,BCA0368,MMDU2026REG0368,MMDU,MMICTBM,CS,BCA,Cyber Security,Female,2003-03-19,24,GEN,Yes,Bihar,Indian,6-8 LPA,Graduate,Farmer,No,Yes,Govt,78.04,CBSE,78.22,CBSE,Science,87,2933,Merit,2,2025-26,VI,BCA601,Final Semester,Core,4,3.68,FAC115,120,85,85,High,50,33,0.82,2,10,0.98,95,78,61,255,20,Flat,63,63,64,269,65.23,B,9.5,6.44,6.2,Pass,1,7.2,7.6,3.3,Yes,32,Yes,High,1,2,55,Reading,73,88,14,4.2,36,63,Blended,4.86,26,12,10,2,No
369,BCA0369,MMDU2026REG0369,MMDU,MMICTBM,CS,BCA,AI,Female,2002-08-17,23,GEN,No,Punjab,Indian,<2 LPA,10th,Teacher,Yes,Yes,Private,91.27,State,91.68,CBSE,Commerce,67,6675,Merit,0,2025-26,VI,BCA601,Final Semester,Core,4,3.22,FAC106,120,65,65,Low,46,23,0.72,3,2,0.87,65,65,67,266,34,Up,67,76,61,203,69.26,A+,7.2,5.57,7.38,Pass,1,3.2,5.6,3.7,No,5,No,High,1,2,52,Kinesthetic,54,62,15,4.2,19,76,Blended,3.9,20,33,9,3,No
370,BCA0370,MMDU2026REG0370,MMDU,MMICTBM,CS,BCA,Cyber Security,Female,2003-08-21,21,SC,Yes,UP,Indian,2-4 LPA,10th,Farmer,Yes,Yes,NA,68.63,CBSE,65.05,CBSE,Commerce,53,3085,Merit,1,2025-26,VI,BCA601,Final Semester,Core,4,3.34,FAC110,120,87,87,High,50,33,0.92,4,4,0.76,69,77,84,181,30,Down,68,68,65,214,84.3,B,7.5,8.44,6.44,Pass,2,3,5,5.9,No,14,No,Low,1,3,42,Kinesthetic,51,70,11,4.01,28,50,Traditional,4.25,9,29,6,2,No
371,BCA0371,MMDU2026REG0371,MMDU,MMICTBM,CS,BCA,Cyber Security,Female,2002-12-08,21,GEN,Yes,Haryana,Indian,4-6 LPA,Post-Graduate,Farmer,No,No,Govt,62.17,CBSE,87.26,State,Commerce,87,7900,Quota,0,2025-26,VI,BCA601,Final Semester,Core,4,4.39,FAC119,120,95,95,High,53,28,0.96,1,4,0.84,69,78,74,247,50,Down,89,84,65,233,73.64,B,6.2,6.98,6.82,Pass,2,2.2,7.2,5.6,Yes,46,No,Medium,1,4,46,Visual,62,81,9,3.95,15,40,Online,4.63,23,35,6,0,Yes
372,BCA0372,MMDU2026REG0372,MMDU,MMICTBM,CS,BCA,Cyber Security,Male,2003-01-08,23,SC,No,Bihar,Indian,2-4 LPA,Graduate,Business,No,No,Private,71.47,CBSE,71.71,CBSE,Arts,85,3113,Merit,2,2025-26,VI,BCA601,Final Semester,Core,4,4.23,FAC101,120,70,70,Low,36,35,0.79,0,7,0.83,61,78,82,236,55,Down,65,55,63,249,82.4,A,7.9,8.44,8.63,Pass,1,6.2,5.4,5.2,No,6,Yes,Medium,1,3,56,Reading,62,64,8,4.45,37,47,Blended,4.96,12,37,5,3,No
373,BCA0373,MMDU2026REG0373,MMDU,MMICTBM,CS,BCA,Cyber Security,Male,2002-08-28,24,SC,No,Haryana,Indian,<2 LPA,Graduate,Farmer,No,No,NA,72.13,ICSE,94.67,CBSE,Science,63,2182,Management,2,2025-26,VI,BCA601,Final Semester,Core,4,3.55,FAC120,120,83,83,Medium,54,33,0.74,2,10,0.63,95,67,78,250,58,Flat,71,55,87,199,75.78,B+,6.5,7.88,6.95,Pass,0,4.3,7.7,3.6,No,48,No,Low,2,5,42,Visual,82,69,6,4.18,16,36,Online,4.25,13,32,8,3,Yes
374,BCA0374,MMDU2026REG0374,MMDU,MMICTBM,CS,BCA,AI,Male,2003-11-17,24,SC,Yes,Bihar,Indian,4-6 LPA,10th,Service,No,No,Private,70.56,ICSE,83.45,CBSE,Science,77,1727,Management,0,2025-26,VI,BCA601,Final Semester,Core,4,4.03,FAC103,120,77,77,Medium,57,45,0.79,5,3,0.65,92,85,71,256,29,Up,71,56,76,237,78.53,C,8.9,8.07,6.05,Pass,1,4,5.2,2.5,Yes,9,No,High,5,4,57,Reading,41,47,13,4.61,29,33,Online,3.86,17,40,6,2,Yes
375,BCA0375,MMDU2026REG0375,MMDU,MMICTBM,CS,BCA,AI,Female,2002-02-09,24,GEN,Yes,Punjab,Indian,4-6 LPA,10th,Farmer,No,Yes,Govt,72.8,State,58.67,CBSE,Science,86,5696,Management,0,2025-26,VI,BCA601,Final Semester,Core,4,4.37,FAC107,120,61,61,Low,57,35,0.89,4,8,0.9,95,78,87,218,22,Flat,67,75,89,223,82.13,A,7.6,5.78,7.3,Pass,1,7.6,5.4,4.1,No,10,Yes,Medium,1,3,84,Reading,80,72,17,4.6,31,46,Blended,3.73,26,16,2,2,Yes
376,BCA0376,MMDU2026REG0376,MMDU,MMICTBM,CS,BCA,Cloud,Male,2003-12-15,23,OBC,No,Bihar,Indian,4-6 LPA,Graduate,Farmer,No,Yes,NA,64.54,ICSE,57.56,State,Science,56,7230,Quota,1,2025-26,VI,BCA601,Final Semester,Core,4,4.35,FAC109,120,69,69,Low,44,38,0.97,1,11,0.99,70,73,72,187,55,Down,66,70,71,236,84.98,A+,7,8.97,8.34,Pass,0,5.6,6.5,3.9,Yes,5,Yes,Medium,3,5,69,Kinesthetic,65,71,15,3.51,23,31,Blended,4.1,11,36,4,4,No
377,BCA0377,MMDU2026REG0377,MMDU,MMICTBM,CS,BCA,Cyber Security,Male,2004-07-19,24,GEN,Yes,Bihar,Indian,2-4 LPA,Graduate,Teacher,No,Yes,Private,83.57,ICSE,84.44,CBSE,Science,88,7560,Merit,2,2025-26,VI,BCA601,Final Semester,Core,4,3.04,FAC115,120,92,92,High,48,22,0.79,2,6,0.68,61,61,88,244,9,Down,78,88,66,256,65.89,B,8.3,7.47,8.66,Pass,1,2.5,5.9,3.7,Yes,9,No,Medium,2,5,86,Reading,88,85,8,3.7,33,50,Online,3.9,30,7,3,1,Yes
378,BCA0378,MMDU2026REG0378,MMDU,MMICTBM,CS,BCA,Cyber Security,Female,2004-10-02,21,OBC,No,Punjab,Indian,<2 LPA,Graduate,Service,Yes,Yes,Govt,64.73,State,69.36,State,Science,58,1047,Merit,0,2025-26,VI,BCA601,Final Semester,Core,4,3.39,FAC102,120,89,89,High,33,33,0.92,4,9,0.96,91,78,60,213,21,Flat,80,89,69,200,80.01,A+,9.1,5.44,8.08,Pass,2,2.2,6.1,7,Yes,40,Yes,Low,3,4,47,Auditory,57,66,16,4.63,17,41,Online,3.76,28,7,9,1,Yes
379,BCA0379,MMDU2026REG0379,MMDU,MMICTBM,CS,BCA,Data Science,Female,2002-01-06,21,OBC,No,UP,Indian,4-6 LPA,Post-Graduate,Business,No,No,Govt,63.5,ICSE,89.98,State,Commerce,79,5622,Merit,1,2025-26,VI,BCA601,Final Semester,Core,4,4.2,FAC110,120,96,96,High,21,28,0.79,3,12,0.96,86,62,70,185,45,Down,77,70,64,254,76.96,A+,8.7,7.53,6.07,Pass,0,6.6,8,4.3,Yes,28,No,High,1,4,75,Visual,89,57,5,3.7,23,38,Online,3.73,28,5,1,3,No
380,BCA0380,MMDU2026REG0380,MMDU,MMICTBM,CS,BCA,AI,Female,2003-02-25,24,OBC,No,UP,Indian,4-6 LPA,10th,Business,No,Yes,NA,78.45,CBSE,82.8,CBSE,Commerce,90,7819,Quota,1,2025-26,VI,BCA601,Final Semester,Core,4,3.04,FAC117,120,72,72,Low,56,39,0.85,3,11,0.73,75,57,60,199,31,Down,60,86,70,255,81.88,A,6.7,5.75,6.54,Pass,2,7.5,7.8,6.7,No,7,No,High,4,4,50,Reading,77,52,3,3.76,38,34,Traditional,4,28,23,8,5,Yes
381,BCA0381,MMDU2026REG0381,MMDU,MMICTBM,CS,BCA,Cloud,Female,2004-06-05,22,ST,Yes,Bihar,Indian,4-6 LPA,10th,Business,No,No,Private,76.94,State,90.22,State,Commerce,63,4785,Quota,2,2025-26,VI,BCA601,Final Semester,Core,4,4.06,FAC104,120,82,82,Medium,59,22,0.96,5,3,0.81,66,63,80,191,40,Up,71,64,89,194,79.4,A+,9.1,5.68,6.77,Pass,0,7.8,5.2,6.6,No,22,Yes,High,1,4,61,Reading,43,71,9,3.97,21,78,Traditional,4.28,15,22,1,3,No
382,BCA0382,MMDU2026REG0382,MMDU,MMICTBM,CS,BCA,Cloud,Female,2003-08-12,21,ST,No,Bihar,Indian,6-8 LPA,Graduate,Farmer,Yes,No,Private,94.62,ICSE,72.74,State,Arts,60,3671,Quota,1,2025-26,VI,BCA601,Final Semester,Core,4,3.75,FAC116,120,70,70,Low,21,25,0.8,2,0,0.91,90,89,61,262,21,Flat,83,73,58,226,61.68,B,8.9,7.68,7.35,Pass,1,2.4,6.7,3.5,Yes,50,Yes,Low,1,2,46,Kinesthetic,78,78,13,3.88,34,74,Blended,3.79,27,17,7,5,Yes
383,BCA0383,MMDU2026REG0383,MMDU,MMICTBM,CS,BCA,Data Science,Female,2002-06-25,21,ST,No,Punjab,Indian,4-6 LPA,Post-Graduate,Farmer,Yes,Yes,Private,88.42,ICSE,73.82,CBSE,Commerce,80,1256,Merit,2,2025-26,VI,BCA601,Final Semester,Core,4,4.1,FAC106,120,93,93,High,29,20,0.87,2,4,0.71,82,80,66,247,58,Flat,58,70,66,196,88.53,C,9.3,8.31,8.39,Pass,0,2.3,5.4,7,Yes,32,Yes,Medium,3,3,67,Reading,62,54,7,4.18,29,62,Traditional,3.97,6,30,5,5,Yes
384,BCA0384,MMDU2026REG0384,MMDU,MMICTBM,CS,BCA,Cyber Security,Male,2005-04-15,21,GEN,Yes,UP,Indian,4-6 LPA,Post-Graduate,Farmer,Yes,Yes,NA,77.75,CBSE,72.97,CBSE,Science,55,6762,Merit,2,2025-26,VI,BCA601,Final Semester,Core,4,3.98,FAC114,120,67,67,Low,53,43,0.85,2,0,0.62,81,69,72,248,36,Down,69,90,58,199,87.2,B,6.1,6.29,6.02,Pass,0,3.4,7,6,No,23,Yes,Medium,3,2,68,Reading,70,61,14,4.66,25,30,Traditional,4.66,26,5,5,3,Yes
385,BCA0385,MMDU2026REG0385,MMDU,MMICTBM,CS,BCA,Cyber Security,Female,2002-06-19,22,SC,No,Bihar,Indian,2-4 LPA,10th,Teacher,No,No,NA,78.77,ICSE,91.02,CBSE,Arts,71,6305,Quota,1,2025-26,VI,BCA601,Final Semester,Core,4,3.61,FAC113,120,100,100,High,46,38,0.99,5,5,0.63,88,60,83,187,42,Down,90,64,58,214,69.09,B,8.3,7.4,8.84,Pass,1,8,7.8,5.7,Yes,38,Yes,Low,2,1,45,Auditory,75,88,17,4.44,35,70,Online,4.53,19,39,5,4,Yes
386,BCA0386,MMDU2026REG0386,MMDU,MMICTBM,CS,BCA,Cloud,Male,2003-03-17,21,OBC,Yes,UP,Indian,4-6 LPA,Post-Graduate,Service,Yes,No,NA,73.6,ICSE,60.23,State,Science,66,2291,Merit,2,2025-26,VI,BCA601,Final Semester,Core,4,3.46,FAC120,120,93,93,High,55,28,0.72,2,5,0.73,75,71,67,219,50,Flat,90,74,71,240,81.06,B,8,9.34,8.87,Pass,2,7.9,7,5.7,Yes,54,No,High,4,4,42,Reading,67,76,15,4.86,33,71,Online,3.72,15,32,0,1,No
387,BCA0387,MMDU2026REG0387,MMDU,MMICTBM,CS,BCA,Cyber Security,Female,2004-01-08,22,SC,Yes,UP,Indian,4-6 LPA,10th,Teacher,Yes,No,NA,84.29,ICSE,88.57,CBSE,Arts,63,2779,Management,0,2025-26,VI,BCA601,Final Semester,Core,4,4.19,FAC119,120,61,61,Low,38,43,0.87,5,10,0.78,61,58,70,218,14,Down,74,74,69,207,67.35,B,8,7.54,8.02,Pass,2,6.5,7.8,6.4,No,25,Yes,Low,4,2,61,Reading,82,40,5,4.98,17,75,Blended,4.74,27,7,5,2,No
388,BCA0388,MMDU2026REG0388,MMDU,MMICTBM,CS,BCA,Data Science,Male,2002-05-20,23,SC,No,Haryana,Indian,<2 LPA,10th,Business,Yes,Yes,NA,61.72,CBSE,68.47,CBSE,Arts,90,7282,Quota,2,2025-26,VI,BCA601,Final Semester,Core,4,4.29,FAC115,120,68,68,Low,26,38,0.71,0,3,0.87,81,65,59,257,10,Flat,70,86,64,246,87.09,B+,7.4,8.4,7.54,Pass,2,3.6,6.2,5.8,Yes,16,No,Low,3,2,45,Reading,69,83,11,3.61,34,66,Online,4.49,17,23,1,3,No
389,BCA0389,MMDU2026REG0389,MMDU,MMICTBM,CS,BCA,AI,Female,2003-02-09,23,OBC,Yes,Bihar,Indian,4-6 LPA,Graduate,Service,Yes,Yes,Private,69.07,State,90.08,State,Science,66,7187,Management,1,2025-26,VI,BCA601,Final Semester,Core,4,3.24,FAC111,120,66,66,Low,45,28,0.87,1,0,0.72,61,84,82,250,24,Flat,64,76,83,184,69.59,B+,9.5,5.18,8.14,Pass,2,5.6,5.1,4.9,No,11,Yes,Medium,3,1,81,Reading,54,90,8,4.72,26,42,Blended,4.88,6,37,4,4,No
390,BCA0390,MMDU2026REG0390,MMDU,MMICTBM,CS,BCA,Cloud,Male,2004-08-12,21,GEN,No,Bihar,Indian,2-4 LPA,Graduate,Service,Yes,Yes,NA,67.45,State,78.62,State,Commerce,53,6124,Management,1,2025-26,VI,BCA601,Final Semester,Core,4,4.18,FAC112,120,100,100,High,59,33,0.94,1,0,0.67,64,79,71,264,24,Down,72,68,65,253,67.67,B+,7.1,8.63,7.09,Pass,0,2.2,6.3,6.8,Yes,58,No,Medium,4,2,71,Kinesthetic,53,79,16,4.99,39,74,Traditional,3.75,12,36,4,2,No
391,BCA0391,MMDU2026REG0391,MMDU,MMICTBM,CS,BCA,AI,Female,2002-04-05,22,SC,No,UP,Indian,2-4 LPA,Post-Graduate,Service,No,Yes,NA,92.25,State,77.81,State,Arts,55,6994,Quota,1,2025-26,VI,BCA601,Final Semester,Core,4,4.37,FAC116,120,69,69,Low,47,38,0.88,2,1,0.61,82,74,76,228,8,Up,72,83,82,270,69.72,B,9.3,5.82,8.64,Pass,1,4.9,7,2.5,Yes,26,No,Low,4,2,43,Reading,79,90,3,3.75,27,56,Blended,4.98,6,10,0,0,No
392,BCA0392,MMDU2026REG0392,MMDU,MMICTBM,CS,BCA,Data Science,Female,2002-11-12,24,ST,No,UP,Indian,6-8 LPA,10th,Farmer,Yes,No,Private,81.46,State,79.56,State,Science,74,2118,Merit,1,2025-26,VI,BCA601,Final Semester,Core,4,4.24,FAC118,120,80,80,Medium,52,29,0.91,4,0,0.95,86,69,70,247,22,Down,57,56,57,254,81.84,B,6.2,8.77,7.48,Pass,1,4.1,5.9,6.9,Yes,41,Yes,Low,4,1,89,Visual,89,52,20,4.2,19,64,Traditional,4.37,30,17,2,4,No
393,BCA0393,MMDU2026REG0393,MMDU,MMICTBM,CS,BCA,Cloud,Male,2003-02-20,22,GEN,No,Punjab,Indian,2-4 LPA,Post-Graduate,Business,No,No,Private,69.41,ICSE,74.54,State,Commerce,69,7015,Merit,0,2025-26,VI,BCA601,Final Semester,Core,4,3.41,FAC111,120,96,96,High,51,21,0.9,4,12,0.91,93,61,57,219,35,Up,66,80,79,205,60.8,A,7.2,5.33,6.83,Pass,0,5.7,7.6,2.9,No,31,No,Low,2,1,59,Kinesthetic,61,53,17,4.82,25,45,Traditional,4.79,16,22,4,1,Yes
394,BCA0394,MMDU2026REG0394,MMDU,MMICTBM,CS,BCA,Data Science,Male,2004-01-15,24,ST,No,UP,Indian,4-6 LPA,Post-Graduate,Farmer,Yes,Yes,Private,89.89,ICSE,85.8,State,Science,70,2766,Quota,2,2025-26,VI,BCA601,Final Semester,Core,4,3.96,FAC106,120,76,76,Medium,27,31,0.86,1,5,0.6,65,71,58,202,56,Down,68,70,73,237,68.3,A,9.3,6.51,6.62,Pass,2,5.9,5.8,6.3,Yes,58,Yes,Low,3,4,55,Kinesthetic,86,85,7,3.61,35,61,Blended,3.54,11,13,9,5,Yes
395,BCA0395,MMDU2026REG0395,MMDU,MMICTBM,CS,BCA,AI,Male,2002-10-09,23,GEN,No,Haryana,Indian,<2 LPA,Post-Graduate,Teacher,No,No,NA,80.99,State,90.56,CBSE,Commerce,52,7391,Management,0,2025-26,VI,BCA601,Final Semester,Core,4,3.49,FAC117,120,67,67,Low,34,24,0.8,4,8,0.73,61,63,70,181,43,Up,85,90,82,182,83.17,B,8.7,9.29,7.28,Pass,0,6.3,5.8,5.8,Yes,28,Yes,High,2,2,61,Kinesthetic,54,70,17,4.32,25,37,Blended,3.95,12,16,3,1,No
396,BCA0396,MMDU2026REG0396,MMDU,MMICTBM,CS,BCA,Cyber Security,Male,2002-08-24,21,OBC,No,UP,Indian,6-8 LPA,10th,Business,Yes,Yes,NA,63.41,ICSE,90.09,State,Commerce,74,6740,Management,2,2025-26,VI,BCA601,Final Semester,Core,4,3.24,FAC113,120,97,97,High,42,33,0.72,0,5,0.78,64,71,87,211,36,Flat,85,69,71,206,82.48,A+,6.6,6.14,8.67,Pass,2,3.9,6.6,6,No,43,No,High,2,4,57,Visual,76,60,3,4.72,23,55,Online,4.13,28,5,2,1,Yes
397,BCA0397,MMDU2026REG0397,MMDU,MMICTBM,CS,BCA,Data Science,Male,2003-12-08,23,ST,No,UP,Indian,<2 LPA,10th,Farmer,No,Yes,Govt,90.91,State,81.91,State,Science,69,1913,Quota,2,2025-26,VI,BCA601,Final Semester,Core,4,3.23,FAC107,120,73,73,Low,45,26,0.72,4,11,0.65,72,58,79,192,28,Flat,85,84,60,260,66.76,C,6.7,8.59,6.68,Pass,0,4.3,5.8,3.6,No,58,Yes,High,3,5,54,Visual,40,81,7,4.24,36,36,Blended,3.83,19,36,0,5,Yes
398,BCA0398,MMDU2026REG0398,MMDU,MMICTBM,CS,BCA,Cloud,Male,2002-11-10,24,GEN,Yes,Punjab,Indian,<2 LPA,10th,Farmer,No,Yes,Govt,70.51,ICSE,82.17,State,Commerce,51,3615,Management,1,2025-26,VI,BCA601,Final Semester,Core,4,3.7,FAC113,120,95,95,High,36,20,0.99,3,8,0.73,60,56,68,264,11,Down,57,79,87,201,70.57,A+,7.2,7.48,8.47,Pass,2,2.8,5.9,6.3,No,21,No,High,1,2,69,Kinesthetic,51,40,20,3.79,31,65,Online,4.24,8,5,5,1,Yes
399,BCA0399,MMDU2026REG0399,MMDU,MMICTBM,CS,BCA,Cyber Security,Male,2004-02-24,21,GEN,No,Bihar,Indian,2-4 LPA,10th,Service,No,No,NA,79.55,CBSE,63.95,CBSE,Commerce,70,6220,Management,2,2025-26,VI,BCA601,Final Semester,Core,4,3.82,FAC119,120,84,84,Medium,44,28,0.97,4,12,0.81,76,82,86,207,49,Flat,67,76,69,184,89.66,C,8.5,9.36,6.53,Pass,2,6.5,6.2,2.1,No,19,No,High,3,3,49,Visual,58,45,17,4.81,28,35,Blended,4.7,7,37,9,1,Yes
400,BCA0400,MMDU2026REG0400,MMDU,MMICTBM,CS,BCA,AI,Male,2003-08-12,22,OBC,Yes,Punjab,Indian,<2 LPA,10th,Farmer,Yes,Yes,Govt,72.02,State,68.3,State,Science,59,6166,Quota,0,2025-26,VI,BCA601,Final Semester,Core,4,3.08,FAC114,120,81,81,Medium,60,45,0.81,3,4,0.73,77,88,58,203,54,Down,72,85,70,232,89.37,A,8.8,9.29,7.86,Pass,2,2.8,7.2,4.4,Yes,29,No,Low,2,3,48,Kinesthetic,87,89,4,4.65,28,67,Traditional,3.7,18,13,1,0,No
401,BCA0401,MMDU2026REG0401,MMDU,MMICTBM,CS,BCA,Cyber Security,Male,2002-04-04,24,ST,Yes,Punjab,Indian,6-8 LPA,10th,Service,No,Yes,Govt,73.37,ICSE,71.82,State,Arts,52,4900,Merit,1,2025-26,VI,BCA601,Final Semester,Core,4,4.44,FAC112,120,68,68,Low,50,36,0.83,1,4,0.88,88,87,80,225,29,Up,85,81,73,258,64.98,A+,7.5,5.93,7.86,Pass,2,6.9,5.2,5.2,No,32,Yes,Medium,4,3,89,Auditory,50,51,13,4.16,28,60,Online,4.04,12,7,2,0,No
402,BCA0402,MMDU2026REG0402,MMDU,MMICTBM,CS,BCA,AI,Male,2002-04-25,24,GEN,No,UP,Indian,4-6 LPA,10th,Farmer,No,No,Govt,79.29,State,78.49,CBSE,Commerce,62,5003,Merit,0,2025-26,VI,BCA601,Final Semester,Core,4,3.74,FAC117,120,84,84,Medium,27,28,0.85,5,2,0.64,74,61,64,189,27,Down,71,75,89,249,70.87,C,8,7.17,7.86,Pass,1,2.4,5.1,3.8,Yes,50,No,High,5,5,81,Reading,85,80,14,4.26,30,69,Traditional,3.62,28,36,8,2,Yes
403,BCA0403,MMDU2026REG0403,MMDU,MMICTBM,CS,BCA,Data Science,Male,2003-04-07,24,SC,Yes,Punjab,Indian,2-4 LPA,Post-Graduate,Service,No,Yes,NA,89.29,ICSE,94.13,State,Arts,67,4624,Management,1,2025-26,VI,BCA601,Final Semester,Core,4,4.47,FAC106,120,77,77,Medium,28,27,0.94,1,12,0.61,88,87,70,248,48,Flat,79,58,66,220,70.94,A+,7,6.65,8.02,Pass,1,7.3,7.4,3.2,Yes,30,Yes,High,4,2,42,Auditory,52,88,8,3.85,31,37,Blended,4.87,18,18,7,3,Yes
404,BCA0404,MMDU2026REG0404,MMDU,MMICTBM,CS,BCA,Data Science,Male,2002-09-07,21,OBC,No,Haryana,Indian,<2 LPA,10th,Business,No,Yes,NA,88.14,State,77.89,State,Commerce,62,7038,Management,2,2025-26,VI,BCA601,Final Semester,Core,4,4.09,FAC109,120,79,79,Medium,24,29,0.94,3,5,0.99,73,87,90,269,15,Flat,86,83,75,259,65.36,A,8.4,6.16,8.48,Pass,0,4.1,7.4,6.7,Yes,38,Yes,High,3,2,60,Reading,43,83,18,3.7,15,54,Traditional,3.53,22,33,6,1,No
405,BCA0405,MMDU2026REG0405,MMDU,MMICTBM,CS,BCA,Data Science,Male,2004-03-17,21,GEN,Yes,Punjab,Indian,6-8 LPA,10th,Business,Yes,Yes,NA,88.83,CBSE,56.75,CBSE,Science,87,3031,Management,1,2025-26,VI,BCA601,Final Semester,Core,4,3.17,FAC106,120,60,60,Low,23,36,0.76,2,5,0.82,63,58,58,225,1,Up,77,81,58,252,82.91,B+,8,8.03,7.27,Pass,1,7.7,7.8,4.2,No,34,Yes,Low,3,5,45,Kinesthetic,61,49,5,3.81,39,38,Blended,4.33,12,23,4,2,No
406,BCA0406,MMDU2026REG0406,MMDU,MMICTBM,CS,BCA,AI,Male,2004-04-24,22,SC,No,Punjab,Indian,<2 LPA,Post-Graduate,Teacher,Yes,No,Govt,94.53,State,76.82,State,Science,60,6971,Merit,2,2025-26,VI,BCA601,Final Semester,Core,4,4.08,FAC112,120,99,99,High,30,36,0.95,4,3,0.72,73,74,76,230,57,Down,63,57,85,266,84.97,A,8.3,8.55,6.82,Pass,2,5.9,5.6,2,No,45,No,High,3,2,46,Auditory,50,75,4,3.6,32,30,Online,4.28,21,6,9,4,Yes
407,BCA0407,MMDU2026REG0407,MMDU,MMICTBM,CS,BCA,Data Science,Male,2004-10-15,22,ST,Yes,Punjab,Indian,<2 LPA,10th,Business,Yes,Yes,Govt,75.89,ICSE,73.72,CBSE,Arts,72,1548,Management,1,2025-26,VI,BCA601,Final Semester,Core,4,3.89,FAC111,120,65,65,Low,59,30,0.9,1,4,0.77,67,60,57,230,47,Flat,61,71,82,260,80.68,B,7.4,8.96,6.66,Pass,0,6.9,5.8,3.8,Yes,14,Yes,Low,1,3,61,Kinesthetic,78,48,9,3.75,33,47,Blended,4.39,22,33,4,4,No
408,BCA0408,MMDU2026REG0408,MMDU,MMICTBM,CS,BCA,Cyber Security,Male,2004-09-25,21,SC,Yes,Bihar,Indian,6-8 LPA,Graduate,Teacher,Yes,Yes,Private,70.56,State,69.22,CBSE,Commerce,78,5510,Merit,0,2025-26,VI,BCA601,Final Semester,Core,4,4.5,FAC117,120,82,82,Medium,60,36,0.84,3,9,0.78,74,67,86,244,23,Up,64,72,80,254,75.24,B,8.6,9.3,7.13,Pass,2,5,8,4.6,No,30,Yes,High,1,3,66,Kinesthetic,54,48,17,4.62,24,64,Traditional,4.61,10,5,4,3,Yes
409,BCA0409,MMDU2026REG0409,MMDU,MMICTBM,CS,BCA,Cloud,Female,2004-09-23,24,ST,Yes,Punjab,Indian,<2 LPA,Post-Graduate,Teacher,Yes,Yes,Private,60.47,State,90.88,CBSE,Commerce,88,4048,Management,1,2025-26,VI,BCA601,Final Semester,Core,4,3.15,FAC109,120,95,95,High,22,20,0.86,5,2,0.94,77,87,57,262,59,Down,82,62,72,210,85.13,C,8.8,6.49,7.2,Pass,2,2.8,5.5,6.1,Yes,41,No,Low,4,3,71,Reading,65,66,6,4.72,39,56,Online,3.92,24,10,8,4,No
410,BCA0410,MMDU2026REG0410,MMDU,MMICTBM,CS,BCA,Cloud,Female,2002-09-07,21,GEN,Yes,UP,Indian,4-6 LPA,10th,Service,No,Yes,Private,88.46,ICSE,77.08,CBSE,Arts,72,5172,Quota,1,2025-26,VI,BCA601,Final Semester,Core,4,4.24,FAC119,120,71,71,Low,43,23,0.95,4,0,0.64,66,86,56,190,56,Flat,66,62,70,257,83.05,B,6.9,8.94,6.64,Pass,1,2.5,5,3.8,No,48,Yes,Medium,3,5,48,Auditory,40,43,17,4.61,15,59,Online,4.37,20,26,10,4,No
411,BCA0411,MMDU2026REG0411,MMDU,MMICTBM,CS,BCA,Cloud,Male,2002-11-16,24,GEN,Yes,Bihar,Indian,4-6 LPA,Graduate,Business,No,No,Private,75.43,State,78.78,CBSE,Commerce,81,6957,Quota,0,2025-26,VI,BCA601,Final Semester,Core,4,3.75,FAC116,120,64,64,Low,58,28,0.88,2,10,0.72,73,90,61,259,57,Down,73,68,80,218,88.94,A,9.1,6.41,6.59,Pass,0,7.5,8,3.5,No,6,No,Low,2,4,74,Reading,70,67,19,3.74,36,80,Online,4.45,7,31,5,1,No
412,BCA0412,MMDU2026REG0412,MMDU,MMICTBM,CS,BCA,AI,Female,2003-11-10,21,OBC,Yes,UP,Indian,4-6 LPA,Graduate,Farmer,No,No,Govt,78.25,CBSE,85.54,CBSE,Arts,78,3620,Merit,0,2025-26,VI,BCA601,Final Semester,Core,4,3.59,FAC107,120,78,78,Medium,38,45,0.85,2,6,0.71,76,55,55,263,60,Up,84,82,90,223,82.07,A,6.8,5.4,6.38,Pass,1,4,5.4,5.4,No,41,No,Medium,3,4,62,Reading,54,75,6,3.64,21,60,Traditional,3.69,17,38,8,5,Yes
413,BCA0413,MMDU2026REG0413,MMDU,MMICTBM,CS,BCA,Cyber Security,Male,2003-12-18,21,GEN,Yes,Bihar,Indian,2-4 LPA,10th,Farmer,No,Yes,Private,90.01,ICSE,81.93,CBSE,Commerce,57,6987,Quota,1,2025-26,VI,BCA601,Final Semester,Core,4,3.6,FAC109,120,79,79,Medium,47,35,0.96,1,11,0.81,71,66,77,197,12,Down,86,83,80,245,65.13,A+,7.4,6.77,6.69,Pass,1,5.1,5.1,2.8,Yes,8,Yes,High,5,2,45,Kinesthetic,59,71,17,3.67,19,66,Blended,4.84,26,33,3,5,Yes
414,BCA0414,MMDU2026REG0414,MMDU,MMICTBM,CS,BCA,Data Science,Female,2004-09-01,21,SC,Yes,UP,Indian,6-8 LPA,10th,Teacher,No,Yes,NA,68.76,CBSE,79.78,State,Arts,90,3016,Quota,0,2025-26,VI,BCA601,Final Semester,Core,4,4.23,FAC118,120,60,60,Low,37,32,0.91,5,7,0.87,78,83,69,214,20,Up,75,86,66,208,78.98,A+,6.6,6.97,6.65,Pass,2,6.3,6.4,5,Yes,17,No,Low,4,2,69,Visual,86,45,12,4.81,38,54,Online,4,9,12,8,2,No
415,BCA0415,MMDU2026REG0415,MMDU,MMICTBM,CS,BCA,Data Science,Male,2005-01-25,23,SC,Yes,Bihar,Indian,2-4 LPA,10th,Service,No,Yes,NA,65.26,State,66.01,CBSE,Science,52,1789,Merit,1,2025-26,VI,BCA601,Final Semester,Core,4,3.58,FAC115,120,95,95,High,44,21,0.84,5,0,0.99,64,85,67,239,10,Down,64,82,81,226,86.65,A+,9,7.1,8.35,Pass,0,7.1,6.8,2.2,Yes,58,Yes,High,1,5,44,Kinesthetic,87,55,6,3.52,17,63,Traditional,3.96,14,18,9,4,No
416,BCA0416,MMDU2026REG0416,MMDU,MMICTBM,CS,BCA,AI,Female,2005-02-18,22,OBC,Yes,Haryana,Indian,2-4 LPA,Graduate,Business,No,No,Govt,73.29,ICSE,64.63,State,Arts,89,1919,Merit,0,2025-26,VI,BCA601,Final Semester,Core,4,3.78,FAC118,120,72,72,Low,38,34,0.87,2,2,0.96,66,73,77,258,4,Up,83,83,56,181,87.48,C,6.8,7.06,7.53,Pass,2,2,5.8,2.7,No,57,No,Medium,5,5,40,Auditory,74,54,11,4.14,37,70,Online,4.45,23,23,6,3,No
417,BCA0417,MMDU2026REG0417,MMDU,MMICTBM,CS,BCA,AI,Female,2003-02-07,22,GEN,Yes,Punjab,Indian,<2 LPA,10th,Teacher,Yes,No,NA,76.92,State,66.8,CBSE,Arts,60,3361,Management,1,2025-26,VI,BCA601,Final Semester,Core,4,3.23,FAC113,120,67,67,Low,30,40,0.99,5,10,0.75,76,63,73,221,46,Up,71,74,57,235,60.23,C,7.1,6.44,8.78,Pass,1,4.7,7.3,3,No,50,No,High,3,2,76,Auditory,41,58,19,4.44,21,74,Traditional,4.99,16,39,2,2,No
418,BCA0418,MMDU2026REG0418,MMDU,MMICTBM,CS,BCA,Cloud,Male,2002-07-01,21,GEN,No,Haryana,Indian,2-4 LPA,10th,Farmer,No,Yes,Govt,61.23,State,85.82,CBSE,Science,61,7085,Merit,1,2025-26,VI,BCA601,Final Semester,Core,4,3.31,FAC105,120,85,85,High,60,27,0.91,0,7,0.97,79,81,75,260,37,Up,77,76,71,223,80.27,C,7.5,8.25,8.47,Pass,2,4.3,6.8,6.8,No,14,Yes,Medium,1,2,80,Reading,86,66,5,4.91,38,72,Traditional,4.19,13,22,7,2,Yes
419,BCA0419,MMDU2026REG0419,MMDU,MMICTBM,CS,BCA,Cloud,Female,2004-01-13,23,ST,Yes,Punjab,Indian,<2 LPA,Post-Graduate,Teacher,Yes,No,NA,63.43,State,85.84,State,Arts,66,5246,Management,1,2025-26,VI,BCA601,Final Semester,Core,4,3.88,FAC106,120,71,71,Low,44,24,0.83,5,1,0.78,92,83,69,222,50,Down,81,70,87,199,62.62,B,6.9,6.85,7.91,Pass,1,2.3,7.5,4.4,Yes,53,No,Low,1,3,64,Auditory,40,49,7,3.74,36,41,Online,4.54,17,30,7,3,No
420,BCA0420,MMDU2026REG0420,MMDU,MMICTBM,CS,BCA,Cyber Security,Male,2004-04-24,23,SC,Yes,Haryana,Indian,6-8 LPA,10th,Service,Yes,No,Govt,61.78,ICSE,84.22,CBSE,Commerce,64,1579,Quota,2,2025-26,VI,BCA601,Final Semester,Core,4,4.49,FAC106,120,68,68,Low,50,23,0.89,4,8,0.99,91,89,65,262,41,Flat,76,67,86,191,71.26,A,7.4,6.54,8.98,Pass,0,6.1,5,3.6,Yes,31,Yes,Medium,5,4,42,Kinesthetic,80,58,20,4.31,24,64,Traditional,4.15,26,30,5,2,Yes
421,BCA0421,MMDU2026REG0421,MMDU,MMICTBM,CS,BCA,Data Science,Male,2004-02-09,22,OBC,No,Haryana,Indian,4-6 LPA,10th,Teacher,Yes,Yes,Private,76.18,State,65.51,CBSE,Commerce,68,2083,Merit,1,2025-26,VI,BCA601,Final Semester,Core,4,3.98,FAC101,120,78,78,Medium,55,29,0.94,1,3,0.63,85,82,68,220,20,Down,79,69,72,195,62.68,A,6.3,5.33,7.71,Pass,2,7,6.1,2,No,19,No,Medium,1,5,73,Auditory,82,81,14,4.88,15,38,Blended,3.56,27,22,10,4,No
422,BCA0422,MMDU2026REG0422,MMDU,MMICTBM,CS,BCA,Cyber Security,Male,2003-06-19,21,SC,No,Bihar,Indian,4-6 LPA,Graduate,Service,Yes,Yes,Private,81.33,CBSE,80.36,CBSE,Arts,60,3054,Management,1,2025-26,VI,BCA601,Final Semester,Core,4,4.45,FAC112,120,74,74,Low,58,31,0.87,1,0,0.84,77,87,77,181,30,Down,77,80,80,236,73.27,C,9.2,5.24,8.56,Pass,1,3.3,5.7,6.4,No,40,Yes,High,5,4,85,Auditory,90,46,10,4.88,33,33,Blended,3.8,30,15,2,1,No
423,BCA0423,MMDU2026REG0423,MMDU,MMICTBM,CS,BCA,Cloud,Female,2002-10-17,22,ST,No,Haryana,Indian,4-6 LPA,Graduate,Teacher,Yes,No,NA,83.65,State,81.09,State,Commerce,87,7962,Quota,2,2025-26,VI,BCA601,Final Semester,Core,4,3.64,FAC118,120,74,74,Low,32,42,0.93,2,2,0.98,69,65,56,224,44,Flat,62,72,57,246,80.59,A+,8.8,9.49,6.68,Pass,1,6.1,6.1,6.3,Yes,21,No,Low,4,4,44,Auditory,74,72,13,4.38,22,71,Traditional,4.05,25,13,3,4,No
424,BCA0424,MMDU2026REG0424,MMDU,MMICTBM,CS,BCA,Data Science,Female,2005-01-15,23,SC,No,Punjab,Indian,<2 LPA,10th,Teacher,Yes,No,Private,71.5,CBSE,58.05,State,Commerce,79,5949,Management,0,2025-26,VI,BCA601,Final Semester,Core,4,3.42,FAC119,120,62,62,Low,57,34,0.89,5,12,0.79,61,63,84,219,48,Flat,83,78,66,261,77.55,C,6.5,8.63,7.37,Pass,2,5,5.6,3.1,Yes,8,Yes,Medium,2,2,41,Visual,56,44,16,4.55,21,36,Blended,4.02,13,33,9,3,No
425,BCA0425,MMDU2026REG0425,MMDU,MMICTBM,CS,BCA,Data Science,Male,2002-05-10,24,OBC,Yes,Punjab,Indian,<2 LPA,Graduate,Farmer,Yes,Yes,Private,74.23,State,85.95,CBSE,Commerce,85,2517,Merit,1,2025-26,VI,BCA601,Final Semester,Core,4,4.09,FAC104,120,72,72,Low,42,45,0.78,5,5,0.81,62,83,86,265,13,Flat,65,56,77,184,67.31,A,8.7,5.72,7.18,Pass,0,5.8,6.9,4.9,No,41,Yes,High,5,3,69,Kinesthetic,75,77,14,3.99,34,62,Traditional,4.99,5,13,3,2,Yes
426,BCA0426,MMDU2026REG0426,MMDU,MMICTBM,CS,BCA,AI,Male,2002-02-26,23,ST,No,Haryana,Indian,6-8 LPA,10th,Service,No,No,Private,88.54,CBSE,66.65,CBSE,Science,88,1645,Quota,2,2025-26,VI,BCA601,Final Semester,Core,4,3.19,FAC110,120,78,78,Medium,29,33,0.78,4,3,0.76,89,71,70,231,55,Down,81,57,68,247,65.7,A,8,5.8,6.42,Pass,0,5.1,5.4,6.2,No,55,Yes,High,3,2,56,Kinesthetic,54,59,14,4.22,31,57,Blended,4.63,5,23,2,2,No
427,BCA0427,MMDU2026REG0427,MMDU,MMICTBM,CS,BCA,Cloud,Male,2002-03-27,21,ST,Yes,Punjab,Indian,4-6 LPA,10th,Teacher,No,Yes,Govt,91.43,State,79.05,State,Arts,82,2957,Merit,1,2025-26,VI,BCA601,Final Semester,Core,4,4.09,FAC109,120,75,75,Medium,54,23,0.91,4,9,0.64,85,72,65,243,18,Down,74,63,73,237,63.75,A+,9.3,6.14,6.24,Pass,1,6.4,7,2.4,Yes,53,No,Medium,3,3,53,Auditory,56,87,5,4.24,19,65,Traditional,4.11,29,8,9,4,Yes
428,BCA0428,MMDU2026REG0428,MMDU,MMICTBM,CS,BCA,AI,Male,2002-04-30,22,ST,Yes,Punjab,Indian,2-4 LPA,Graduate,Business,Yes,No,Govt,70,ICSE,78.17,CBSE,Science,72,4032,Management,0,2025-26,VI,BCA601,Final Semester,Core,4,3.52,FAC117,120,67,67,Low,52,31,0.89,0,8,0.71,76,71,73,204,4,Down,68,82,77,232,86.62,A+,7,5.99,6.38,Pass,0,2.2,5.7,6,Yes,8,No,Medium,2,4,45,Kinesthetic,63,71,10,4.51,19,70,Online,4.23,10,18,9,5,No
429,BCA0429,MMDU2026REG0429,MMDU,MMICTBM,CS,BCA,Data Science,Female,2004-09-08,23,OBC,Yes,Haryana,Indian,<2 LPA,Post-Graduate,Service,No,No,NA,65.64,ICSE,90.97,State,Science,55,2492,Management,2,2025-26,VI,BCA601,Final Semester,Core,4,4.07,FAC118,120,92,92,High,22,28,0.72,1,5,0.96,61,66,71,235,2,Flat,67,60,60,245,78.56,B+,6.3,8.42,7.18,Pass,0,7.4,6.3,2.5,No,56,Yes,High,4,5,70,Kinesthetic,60,40,16,4.76,21,34,Online,3.73,6,15,4,2,No
430,BCA0430,MMDU2026REG0430,MMDU,MMICTBM,CS,BCA,Data Science,Male,2003-07-20,24,ST,Yes,Punjab,Indian,6-8 LPA,Post-Graduate,Teacher,Yes,No,NA,92.43,State,81.66,CBSE,Arts,64,4810,Quota,0,2025-26,VI,BCA601,Final Semester,Core,4,3.94,FAC114,120,100,100,High,47,22,0.72,5,12,0.77,84,80,84,237,26,Up,81,68,64,253,85.38,C,8.9,5.73,8.58,Pass,1,2,6.9,4.1,No,33,Yes,Medium,5,4,87,Reading,51,71,10,3.58,37,43,Traditional,4.12,12,11,7,1,Yes
431,BCA0431,MMDU2026REG0431,MMDU,MMICTBM,CS,BCA,Data Science,Female,2004-11-24,24,OBC,No,UP,Indian,2-4 LPA,Post-Graduate,Service,Yes,Yes,NA,78.43,State,67.42,CBSE,Arts,60,1031,Merit,1,2025-26,VI,BCA601,Final Semester,Core,4,4.3,FAC119,120,79,79,Medium,28,33,0.8,0,8,0.98,65,77,86,240,45,Flat,70,74,87,229,78.74,B+,6.6,7.47,6.77,Pass,1,4.1,7.8,4.1,No,38,No,High,5,5,79,Kinesthetic,73,78,10,3.81,35,47,Online,4.46,15,37,3,1,Yes
432,BCA0432,MMDU2026REG0432,MMDU,MMICTBM,CS,BCA,AI,Male,2002-01-02,21,SC,Yes,UP,Indian,6-8 LPA,10th,Teacher,No,No,NA,64.89,ICSE,72.3,CBSE,Commerce,80,3744,Quota,1,2025-26,VI,BCA601,Final Semester,Core,4,3.74,FAC103,120,78,78,Medium,41,35,0.88,5,3,0.82,87,61,81,234,40,Down,84,77,69,233,70.11,B+,8.7,6.28,8.72,Pass,0,2.1,5.1,3.1,Yes,52,Yes,High,4,2,74,Visual,66,49,11,3.8,37,40,Blended,3.58,29,18,1,0,Yes
433,BCA0433,MMDU2026REG0433,MMDU,MMICTBM,CS,BCA,Cloud,Male,2003-05-09,24,GEN,No,UP,Indian,<2 LPA,Graduate,Teacher,Yes,No,Private,80.75,State,75.2,State,Science,51,7577,Management,1,2025-26,VI,BCA601,Final Semester,Core,4,4.41,FAC102,120,88,88,High,44,25,0.81,3,3,0.98,80,63,74,263,36,Down,55,84,67,214,74.43,C,9.3,8.48,8.88,Pass,2,7.1,5.8,5,No,41,Yes,Medium,1,5,76,Auditory,88,47,10,3.89,28,42,Traditional,3.56,8,35,8,2,No
434,BCA0434,MMDU2026REG0434,MMDU,MMICTBM,CS,BCA,Cyber Security,Male,2002-06-16,23,OBC,Yes,UP,Indian,6-8 LPA,10th,Farmer,Yes,No,Private,85.72,State,86.51,State,Commerce,72,6576,Merit,1,2025-26,VI,BCA601,Final Semester,Core,4,3.58,FAC116,120,85,85,High,39,24,0.74,3,0,0.76,85,89,56,194,35,Down,70,67,59,254,79.35,C,8.6,6.12,7.22,Pass,1,4,5.4,4.9,No,59,Yes,Low,5,5,76,Kinesthetic,69,89,15,4.88,17,79,Traditional,4.67,7,6,7,3,No
435,BCA0435,MMDU2026REG0435,MMDU,MMICTBM,CS,BCA,Data Science,Male,2005-02-06,24,OBC,No,Haryana,Indian,6-8 LPA,Post-Graduate,Business,No,No,Govt,88.16,State,64.46,CBSE,Commerce,73,1081,Management,1,2025-26,VI,BCA601,Final Semester,Core,4,3.21,FAC116,120,78,78,Medium,32,35,0.71,3,5,0.98,84,76,70,196,2,Up,71,79,78,196,73.15,B+,7.8,5.99,8.57,Pass,1,4.8,5.7,6.4,Yes,24,Yes,Low,5,2,65,Visual,47,72,20,4.21,39,73,Traditional,3.6,7,6,1,2,No
436,BCA0436,MMDU2026REG0436,MMDU,MMICTBM,CS,BCA,Cyber Security,Male,2004-08-12,21,GEN,No,Bihar,Indian,4-6 LPA,10th,Business,Yes,Yes,Govt,86.36,ICSE,87.84,State,Arts,83,4218,Merit,0,2025-26,VI,BCA601,Final Semester,Core,4,4.34,FAC114,120,89,89,High,48,26,0.92,4,7,0.86,86,82,57,224,38,Down,88,74,57,185,65.11,A+,9.2,7.37,8.94,Pass,0,4.4,6.1,4.3,No,51,Yes,Medium,3,3,48,Visual,54,76,8,4.08,15,61,Blended,3.81,12,40,4,4,No
437,BCA0437,MMDU2026REG0437,MMDU,MMICTBM,CS,BCA,Cyber Security,Male,2004-09-11,24,GEN,Yes,Bihar,Indian,<2 LPA,Post-Graduate,Teacher,No,No,Govt,76.74,ICSE,90.89,State,Commerce,63,2348,Merit,1,2025-26,VI,BCA601,Final Semester,Core,4,3.51,FAC115,120,69,69,Low,22,35,0.72,1,9,0.81,61,64,66,194,24,Up,74,81,63,210,61.63,A+,7.4,6.73,7.5,Pass,1,3.4,5.3,3.6,No,35,No,Low,5,1,86,Reading,51,78,15,4.58,19,56,Traditional,4.81,20,23,6,3,Yes
438,BCA0438,MMDU2026REG0438,MMDU,MMICTBM,CS,BCA,Data Science,Male,2002-01-09,23,OBC,No,Punjab,Indian,2-4 LPA,Graduate,Teacher,No,No,Govt,88.98,ICSE,85.56,CBSE,Science,68,3465,Management,1,2025-26,VI,BCA601,Final Semester,Core,4,4.01,FAC110,120,60,60,Low,36,32,0.99,3,8,0.73,91,59,63,235,24,Flat,84,76,83,245,65.08,C,9.4,7.31,7.63,Pass,0,7.8,6,6.2,Yes,51,No,High,4,5,71,Kinesthetic,88,85,13,4.25,17,45,Blended,4.02,12,35,7,3,No
439,BCA0439,MMDU2026REG0439,MMDU,MMICTBM,CS,BCA,Cloud,Female,2004-08-22,21,OBC,Yes,Haryana,Indian,<2 LPA,10th,Farmer,No,Yes,Private,71.35,ICSE,86.53,CBSE,Arts,55,2872,Management,1,2025-26,VI,BCA601,Final Semester,Core,4,3.91,FAC102,120,65,65,Low,26,26,0.92,4,10,0.64,92,71,89,268,41,Up,56,88,74,247,72.76,B,6.5,6.7,7.09,Pass,0,2.3,5.2,3.5,Yes,40,No,Low,3,2,89,Visual,86,64,15,3.91,18,74,Traditional,4.06,23,20,7,4,No
440,BCA0440,MMDU2026REG0440,MMDU,MMICTBM,CS,BCA,Cloud,Male,2004-11-05,24,GEN,No,UP,Indian,4-6 LPA,Graduate,Business,No,Yes,Private,72.02,CBSE,67.32,CBSE,Science,60,1542,Merit,2,2025-26,VI,BCA601,Final Semester,Core,4,4.03,FAC116,120,60,60,Low,59,23,0.87,0,3,0.82,77,58,90,195,34,Flat,85,78,73,257,83.6,C,7.9,8.5,6.86,Pass,2,7.4,6.6,5.2,Yes,13,No,Low,1,3,87,Kinesthetic,48,64,12,3.56,40,52,Blended,4.25,16,24,7,4,No
441,BCA0441,MMDU2026REG0441,MMDU,MMICTBM,CS,BCA,Cloud,Female,2003-05-30,21,SC,No,Punjab,Indian,4-6 LPA,Post-Graduate,Teacher,Yes,Yes,NA,66.96,ICSE,88.3,CBSE,Commerce,89,6274,Merit,0,2025-26,VI,BCA601,Final Semester,Core,4,4.24,FAC109,120,94,94,High,37,25,0.85,2,7,0.75,81,89,65,250,7,Flat,68,71,78,264,86.71,B,7.5,5.92,8.31,Pass,2,5.8,5.6,4.6,Yes,11,Yes,Medium,2,1,77,Visual,40,68,12,4.31,18,58,Traditional,3.51,13,37,9,4,Yes
442,BCA0442,MMDU2026REG0442,MMDU,MMICTBM,CS,BCA,Cyber Security,Male,2002-04-27,22,OBC,Yes,Bihar,Indian,<2 LPA,Graduate,Business,Yes,No,NA,74.25,CBSE,75.08,State,Commerce,76,6003,Management,1,2025-26,VI,BCA601,Final Semester,Core,4,4,FAC103,120,91,91,High,43,21,0.75,0,6,0.63,89,64,77,212,59,Flat,77,55,79,217,74.23,B+,9.4,6.18,6.64,Pass,2,7.7,7.3,3.1,No,50,No,High,1,2,72,Auditory,70,78,4,3.98,39,50,Blended,4.2,11,23,7,2,No
443,BCA0443,MMDU2026REG0443,MMDU,MMICTBM,CS,BCA,AI,Male,2003-09-27,24,ST,Yes,Haryana,Indian,2-4 LPA,Graduate,Teacher,Yes,Yes,Govt,86.98,State,90.8,State,Science,73,5098,Quota,1,2025-26,VI,BCA601,Final Semester,Core,4,3.15,FAC112,120,90,90,High,26,41,0.9,2,12,0.98,80,86,57,188,14,Up,65,71,58,234,63,B,8.4,5.31,8.95,Pass,2,4.4,7,3.4,No,30,Yes,Low,5,3,61,Kinesthetic,86,40,10,4.88,19,66,Traditional,3.92,14,23,9,2,No
444,BCA0444,MMDU2026REG0444,MMDU,MMICTBM,CS,BCA,Cyber Security,Female,2004-04-07,23,OBC,No,Bihar,Indian,2-4 LPA,Post-Graduate,Teacher,Yes,No,Govt,72.71,State,56.33,CBSE,Science,53,1144,Management,2,2025-26,VI,BCA601,Final Semester,Core,4,4.38,FAC114,120,70,70,Low,48,37,0.83,0,2,0.71,80,75,71,266,59,Up,55,74,85,255,60.33,C,9.1,5.86,6.5,Pass,0,3.4,5.8,2.2,Yes,47,No,Low,3,4,54,Reading,73,69,10,4.54,40,77,Traditional,4.14,7,23,4,4,No
445,BCA0445,MMDU2026REG0445,MMDU,MMICTBM,CS,BCA,Cloud,Male,2002-12-03,21,OBC,Yes,Haryana,Indian,<2 LPA,10th,Farmer,No,No,Private,81.94,CBSE,75.16,CBSE,Science,56,2201,Quota,1,2025-26,VI,BCA601,Final Semester,Core,4,4.41,FAC110,120,98,98,High,20,25,0.99,5,11,0.73,64,82,75,244,50,Flat,80,74,65,240,63.88,B,6.7,5.3,8.05,Pass,2,3.1,6.5,6.1,Yes,50,No,Low,3,3,54,Reading,72,44,13,4.79,21,38,Blended,3.54,29,35,5,5,Yes
446,BCA0446,MMDU2026REG0446,MMDU,MMICTBM,CS,BCA,Cyber Security,Male,2004-09-18,22,GEN,No,Haryana,Indian,<2 LPA,Graduate,Business,Yes,Yes,Private,92.28,ICSE,69.55,CBSE,Arts,56,2165,Quota,1,2025-26,VI,BCA601,Final Semester,Core,4,3.25,FAC103,120,96,96,High,44,36,0.81,5,11,0.98,78,61,62,185,23,Down,72,82,90,186,73.97,C,6.2,9.14,7.28,Pass,2,3.9,6.4,5.2,No,20,Yes,Medium,1,5,46,Reading,59,46,17,4.04,37,39,Traditional,3.93,29,30,3,2,Yes
447,BCA0447,MMDU2026REG0447,MMDU,MMICTBM,CS,BCA,Cyber Security,Female,2002-03-02,23,OBC,No,Punjab,Indian,2-4 LPA,Graduate,Service,No,No,Private,84.91,CBSE,76.64,CBSE,Arts,60,5104,Merit,0,2025-26,VI,BCA601,Final Semester,Core,4,3.78,FAC109,120,87,87,High,34,22,0.87,1,8,0.69,86,90,83,265,9,Down,75,58,85,211,67.64,A+,7.2,8.17,8.94,Pass,0,5.6,7.5,5,Yes,54,No,High,4,1,44,Visual,47,67,18,5,17,61,Blended,3.63,21,37,1,0,No
448,BCA0448,MMDU2026REG0448,MMDU,MMICTBM,CS,BCA,AI,Male,2004-09-02,22,ST,Yes,Punjab,Indian,2-4 LPA,Post-Graduate,Farmer,No,Yes,NA,76.36,CBSE,75.85,CBSE,Arts,59,5698,Management,1,2025-26,VI,BCA601,Final Semester,Core,4,3.49,FAC108,120,68,68,Low,47,20,0.75,0,4,0.91,94,71,77,266,48,Down,83,60,75,262,78.95,C,9,7.9,6.32,Pass,2,4.1,5.9,3.6,No,19,No,Medium,3,2,68,Kinesthetic,41,71,15,3.82,31,53,Traditional,3.75,21,35,5,2,Yes
449,BCA0449,MMDU2026REG0449,MMDU,MMICTBM,CS,BCA,AI,Female,2002-01-15,22,OBC,Yes,Haryana,Indian,4-6 LPA,Post-Graduate,Business,No,No,Govt,75.27,State,93.34,CBSE,Science,75,4594,Quota,0,2025-26,VI,BCA601,Final Semester,Core,4,3.3,FAC101,120,81,81,Medium,21,25,0.77,1,3,0.9,83,82,56,238,20,Up,70,82,60,263,88.36,C,8.1,9.29,7.77,Pass,0,2.8,7,5.6,No,52,No,High,5,4,63,Visual,80,59,11,4.93,39,53,Online,4.26,17,8,3,3,No
450,BCA0450,MMDU2026REG0450,MMDU,MMICTBM,CS,BCA,AI,Female,2003-05-27,21,GEN,No,UP,Indian,4-6 LPA,Post-Graduate,Farmer,Yes,Yes,NA,86.07,ICSE,68.17,State,Science,87,5085,Quota,2,2025-26,VI,BCA601,Final Semester,Core,4,3.31,FAC110,120,70,70,Low,37,25,0.84,5,2,0.65,90,83,71,239,59,Flat,90,63,61,223,81.19,A,7.3,6.18,8.83,Pass,0,4,6.1,6,Yes,38,Yes,Medium,2,4,44,Kinesthetic,41,75,15,3.75,24,66,Online,4.05,7,14,2,2,Yes
451,BCA0451,MMDU2026REG0451,MMDU,MMICTBM,CS,BCA,Data Science,Male,2002-11-14,22,ST,No,Punjab,Indian,6-8 LPA,10th,Service,No,Yes,NA,93.88,ICSE,63.05,State,Arts,54,4497,Management,2,2025-26,VI,BCA601,Final Semester,Core,4,3.01,FAC108,120,68,68,Low,60,33,0.99,2,2,0.66,70,62,82,229,14,Flat,89,55,66,262,82.19,A+,9.3,6.37,7.78,Pass,2,4.8,7.8,4.5,No,9,Yes,Low,2,4,86,Visual,65,54,19,3.58,36,58,Online,4.01,17,32,1,2,No
452,BCA0452,MMDU2026REG0452,MMDU,MMICTBM,CS,BCA,Data Science,Male,2005-03-25,24,ST,Yes,Punjab,Indian,2-4 LPA,Post-Graduate,Service,Yes,Yes,NA,75,State,89.18,State,Science,90,4329,Merit,2,2025-26,VI,BCA601,Final Semester,Core,4,3.83,FAC113,120,78,78,Medium,40,33,0.86,5,11,0.85,74,56,87,225,8,Down,55,66,70,217,84.71,A+,8.6,9.22,7.55,Pass,0,7.9,7.9,5,No,55,Yes,Medium,5,1,51,Kinesthetic,85,47,14,4.33,30,39,Online,3.99,27,10,2,1,Yes
453,BCA0453,MMDU2026REG0453,MMDU,MMICTBM,CS,BCA,Cloud,Female,2004-12-04,21,GEN,No,UP,Indian,4-6 LPA,10th,Service,Yes,No,Private,68.08,CBSE,94.05,CBSE,Commerce,63,4303,Management,0,2025-26,VI,BCA601,Final Semester,Core,4,4.32,FAC107,120,99,99,High,57,26,0.96,5,5,0.83,74,59,72,237,29,Down,74,87,86,193,61.5,A,7,8.71,7.57,Pass,1,2.2,5,5.9,No,28,Yes,High,2,3,60,Reading,52,47,5,3.84,23,78,Blended,3.96,10,36,9,0,No
454,BCA0454,MMDU2026REG0454,MMDU,MMICTBM,CS,BCA,Cloud,Male,2003-01-13,22,GEN,No,Bihar,Indian,<2 LPA,Post-Graduate,Teacher,No,Yes,Private,76.34,State,64.93,CBSE,Science,51,7344,Quota,2,2025-26,VI,BCA601,Final Semester,Core,4,3.04,FAC109,120,93,93,High,23,26,0.79,4,5,0.66,75,75,73,210,6,Down,90,89,61,186,86.69,A+,7.4,8.75,6.62,Pass,1,6.7,6.6,6.8,Yes,38,Yes,High,5,3,77,Visual,77,80,17,4.29,20,47,Blended,4.41,16,5,8,3,Yes
455,BCA0455,MMDU2026REG0455,MMDU,MMICTBM,CS,BCA,AI,Female,2002-01-18,24,ST,Yes,Punjab,Indian,2-4 LPA,Graduate,Service,Yes,No,NA,67.09,ICSE,63.85,CBSE,Commerce,65,3840,Management,1,2025-26,VI,BCA601,Final Semester,Core,4,3.15,FAC105,120,75,75,Medium,44,35,0.79,0,4,0.89,92,84,66,233,51,Up,86,55,73,220,60.37,A+,7.4,6.27,6.3,Pass,2,2.6,7.5,4.3,Yes,15,Yes,Medium,2,5,88,Kinesthetic,56,88,11,3.9,27,60,Traditional,3.89,28,5,5,5,Yes
456,BCA0456,MMDU2026REG0456,MMDU,MMICTBM,CS,BCA,Cloud,Female,2003-12-05,22,ST,No,Punjab,Indian,2-4 LPA,10th,Teacher,No,No,Govt,87.18,State,87.12,CBSE,Arts,57,6726,Management,0,2025-26,VI,BCA601,Final Semester,Core,4,3.45,FAC119,120,94,94,High,38,23,0.79,0,11,0.78,71,64,78,194,11,Up,73,67,59,262,88.32,A,7.3,9.12,8.22,Pass,1,5.8,5.3,4.7,Yes,59,No,Medium,3,3,88,Auditory,90,59,15,4.2,24,80,Online,4.93,28,31,0,0,Yes
457,BCA0457,MMDU2026REG0457,MMDU,MMICTBM,CS,BCA,Data Science,Male,2004-04-20,23,OBC,No,Bihar,Indian,4-6 LPA,Graduate,Business,Yes,No,NA,91.44,State,59.45,State,Arts,56,6724,Quota,0,2025-26,VI,BCA601,Final Semester,Core,4,3.78,FAC117,120,95,95,High,57,42,0.97,1,9,0.72,78,56,80,180,11,Up,60,69,56,245,78.44,A,8.9,6.68,8.25,Pass,1,3.2,6.3,3.6,No,40,Yes,Medium,1,5,70,Visual,58,57,8,4.26,15,54,Traditional,4.12,7,25,10,4,No
458,BCA0458,MMDU2026REG0458,MMDU,MMICTBM,CS,BCA,Cloud,Female,2004-10-20,23,ST,Yes,Punjab,Indian,4-6 LPA,Post-Graduate,Teacher,No,Yes,NA,94.06,CBSE,59.41,State,Arts,59,4727,Merit,1,2025-26,VI,BCA601,Final Semester,Core,4,4.4,FAC102,120,65,65,Low,43,35,0.83,4,6,0.89,86,64,63,253,38,Up,56,73,58,207,82.83,B,8.1,5.26,7.24,Pass,0,5.3,6.6,2.6,Yes,30,Yes,Low,4,4,85,Auditory,53,77,7,3.6,28,79,Online,4.2,25,22,0,2,Yes
459,BCA0459,MMDU2026REG0459,MMDU,MMICTBM,CS,BCA,Cloud,Female,2003-11-08,22,ST,No,Punjab,Indian,2-4 LPA,Post-Graduate,Teacher,Yes,No,Private,76.37,CBSE,86.87,State,Commerce,65,6264,Merit,0,2025-26,VI,BCA601,Final Semester,Core,4,3.4,FAC114,120,83,83,Medium,20,37,0.84,1,8,0.87,62,65,75,189,57,Flat,70,58,70,259,74.56,C,8.2,7.78,8.97,Pass,1,3.9,5.3,3.8,Yes,40,Yes,Medium,1,3,87,Auditory,82,52,3,3.52,32,34,Traditional,4.32,18,23,10,2,No
460,BCA0460,MMDU2026REG0460,MMDU,MMICTBM,CS,BCA,AI,Female,2002-03-02,24,OBC,Yes,Bihar,Indian,<2 LPA,10th,Service,Yes,No,NA,72.72,State,93.97,CBSE,Arts,88,1643,Quota,1,2025-26,VI,BCA601,Final Semester,Core,4,3.56,FAC120,120,65,65,Low,58,21,0.7,5,0,0.89,86,85,80,260,6,Up,88,90,77,249,85.55,A,9.1,8.45,7.42,Pass,2,4,5.6,5.1,Yes,9,Yes,Medium,2,3,72,Auditory,86,71,5,4.87,39,69,Online,4.63,12,7,6,4,Yes
461,BCA0461,MMDU2026REG0461,MMDU,MMICTBM,CS,BCA,Data Science,Male,2003-10-15,23,SC,Yes,Haryana,Indian,<2 LPA,Graduate,Farmer,Yes,Yes,Govt,73.23,CBSE,81.24,CBSE,Commerce,75,5737,Management,0,2025-26,VI,BCA601,Final Semester,Core,4,4.46,FAC116,120,87,87,High,45,36,0.86,5,0,0.92,74,76,75,267,11,Down,88,88,76,235,81.85,B+,9.5,7.8,6.11,Pass,2,5.5,5.4,2.9,No,18,Yes,Low,2,5,59,Kinesthetic,72,40,7,4.77,37,59,Online,4.58,28,32,6,5,Yes
462,BCA0462,MMDU2026REG0462,MMDU,MMICTBM,CS,BCA,Cloud,Female,2005-03-09,21,SC,Yes,Punjab,Indian,6-8 LPA,10th,Business,Yes,Yes,Govt,92.07,ICSE,68.44,State,Arts,50,7272,Quota,2,2025-26,VI,BCA601,Final Semester,Core,4,4.46,FAC114,120,75,75,Medium,52,22,0.82,4,2,0.65,82,57,57,227,44,Down,77,87,75,182,88.02,A,6.8,8.13,7.69,Pass,1,4.9,5.4,4.3,Yes,37,Yes,Medium,4,5,88,Reading,82,85,16,3.91,31,33,Traditional,3.97,20,39,8,0,Yes
463,BCA0463,MMDU2026REG0463,MMDU,MMICTBM,CS,BCA,Cloud,Male,2002-04-16,22,GEN,Yes,Punjab,Indian,<2 LPA,Post-Graduate,Farmer,Yes,No,Govt,81.22,State,64.44,CBSE,Science,67,6834,Management,0,2025-26,VI,BCA601,Final Semester,Core,4,4.23,FAC103,120,86,86,High,51,43,0.84,1,4,0.65,67,84,78,269,44,Flat,58,80,61,243,84.42,A,6.5,8.35,6.62,Pass,2,5.6,7.5,5.1,No,54,Yes,Low,2,2,60,Auditory,76,58,16,3.9,32,36,Traditional,4.9,25,20,3,1,Yes
464,BCA0464,MMDU2026REG0464,MMDU,MMICTBM,CS,BCA,AI,Male,2004-09-07,21,GEN,No,Punjab,Indian,4-6 LPA,Graduate,Business,No,Yes,NA,67.89,CBSE,69.44,State,Arts,66,5420,Quota,2,2025-26,VI,BCA601,Final Semester,Core,4,3.61,FAC114,120,85,85,High,41,42,0.96,3,12,0.8,73,88,86,193,13,Flat,90,63,58,257,82.92,A+,6.3,6.76,7.08,Pass,1,3.3,6.6,2.4,Yes,9,Yes,Low,1,3,90,Kinesthetic,65,45,6,4.6,29,50,Online,4.69,17,32,3,3,No
465,BCA0465,MMDU2026REG0465,MMDU,MMICTBM,CS,BCA,Data Science,Female,2002-04-24,23,SC,No,Punjab,Indian,<2 LPA,10th,Teacher,No,No,NA,61.94,CBSE,69.8,CBSE,Science,89,6344,Merit,2,2025-26,VI,BCA601,Final Semester,Core,4,4.25,FAC118,120,91,91,High,52,23,0.88,2,4,0.86,92,87,81,199,32,Down,77,58,85,257,65.62,B,9.4,6.87,7.04,Pass,2,6.5,7.9,3.7,Yes,43,Yes,Low,3,3,64,Reading,67,80,18,3.62,22,62,Traditional,4.92,7,27,8,4,Yes
466,BCA0466,MMDU2026REG0466,MMDU,MMICTBM,CS,BCA,Data Science,Male,2004-03-08,23,SC,No,Bihar,Indian,<2 LPA,Post-Graduate,Farmer,Yes,No,Govt,80.48,CBSE,83.51,CBSE,Commerce,60,6630,Quota,1,2025-26,VI,BCA601,Final Semester,Core,4,4.23,FAC102,120,69,69,Low,35,24,0.89,5,10,0.67,72,79,74,253,23,Down,82,57,75,235,71.77,B,9.4,6.05,8.9,Pass,1,7.7,6.9,6.2,Yes,44,No,Medium,3,1,82,Kinesthetic,46,72,15,3.97,30,76,Blended,4.2,5,15,0,4,No
467,BCA0467,MMDU2026REG0467,MMDU,MMICTBM,CS,BCA,Data Science,Male,2002-07-15,23,ST,No,Bihar,Indian,6-8 LPA,10th,Teacher,Yes,No,Govt,63.26,CBSE,64.01,State,Arts,83,5115,Merit,2,2025-26,VI,BCA601,Final Semester,Core,4,4.44,FAC120,120,75,75,Medium,28,24,0.78,2,12,0.91,84,70,72,238,1,Down,90,64,84,200,86.92,C,6.6,6.54,6.19,Pass,0,7.5,6.2,4.3,No,33,Yes,Medium,1,5,55,Kinesthetic,48,40,11,4.37,18,37,Traditional,4.14,10,40,4,2,No
468,BCA0468,MMDU2026REG0468,MMDU,MMICTBM,CS,BCA,Cloud,Male,2002-02-21,23,SC,Yes,Punjab,Indian,4-6 LPA,Post-Graduate,Farmer,Yes,Yes,Private,88.04,CBSE,68.66,CBSE,Arts,68,3459,Quota,0,2025-26,VI,BCA601,Final Semester,Core,4,3.63,FAC114,120,97,97,High,29,36,0.87,0,4,0.71,94,63,85,226,30,Down,76,68,61,194,82.19,A,9.2,9,8.01,Pass,1,6.3,6.4,4.7,Yes,23,Yes,Low,3,2,83,Kinesthetic,86,66,14,4.73,20,49,Blended,4.18,30,34,2,0,Yes
469,BCA0469,MMDU2026REG0469,MMDU,MMICTBM,CS,BCA,Data Science,Male,2004-07-16,21,ST,No,Haryana,Indian,<2 LPA,Post-Graduate,Business,No,No,Govt,73.11,ICSE,87.02,CBSE,Arts,67,2623,Quota,1,2025-26,VI,BCA601,Final Semester,Core,4,4.47,FAC110,120,89,89,High,31,41,0.97,4,12,0.95,66,80,63,228,49,Down,66,76,69,268,79.3,A,9,8.5,8.09,Pass,0,7.4,6.3,4.9,No,12,Yes,High,3,2,65,Auditory,52,76,15,3.8,17,32,Online,4.51,9,38,1,0,No
470,BCA0470,MMDU2026REG0470,MMDU,MMICTBM,CS,BCA,Cyber Security,Female,2004-08-19,23,OBC,Yes,Bihar,Indian,6-8 LPA,10th,Farmer,No,Yes,NA,81.84,ICSE,90.77,State,Commerce,73,6816,Merit,1,2025-26,VI,BCA601,Final Semester,Core,4,3.74,FAC108,120,87,87,High,55,33,0.89,3,6,0.65,92,90,70,202,39,Down,56,63,75,208,83.13,A,7.3,6.43,6.2,Pass,0,6.4,8,5.7,No,34,Yes,Low,1,5,63,Visual,87,51,9,3.67,21,77,Blended,4.98,21,40,10,0,Yes
471,BCA0471,MMDU2026REG0471,MMDU,MMICTBM,CS,BCA,Cloud,Male,2002-08-26,24,GEN,Yes,UP,Indian,4-6 LPA,Post-Graduate,Service,Yes,No,NA,86.61,ICSE,86.36,CBSE,Arts,78,1988,Quota,0,2025-26,VI,BCA601,Final Semester,Core,4,3.37,FAC116,120,99,99,High,40,38,0.8,0,2,0.82,90,79,64,251,9,Up,85,65,61,181,67.29,C,9.5,5.03,8.34,Pass,2,6.3,5.9,5.9,Yes,50,Yes,High,3,5,69,Visual,84,79,8,4.7,32,71,Traditional,3.66,28,26,10,2,Yes
472,BCA0472,MMDU2026REG0472,MMDU,MMICTBM,CS,BCA,Data Science,Male,2002-05-13,21,ST,No,UP,Indian,<2 LPA,Post-Graduate,Service,No,No,Govt,64.54,ICSE,56.78,CBSE,Arts,64,1646,Quota,0,2025-26,VI,BCA601,Final Semester,Core,4,4.45,FAC108,120,93,93,High,47,36,0.78,4,5,0.8,65,81,71,263,46,Down,59,82,84,195,81.13,A+,8.7,5.76,6.48,Pass,1,2.8,5.9,3.9,No,20,Yes,High,3,2,71,Auditory,52,46,17,4.41,18,44,Traditional,3.67,22,21,10,1,Yes
473,BCA0473,MMDU2026REG0473,MMDU,MMICTBM,CS,BCA,Cyber Security,Female,2004-11-27,23,OBC,No,Haryana,Indian,6-8 LPA,Graduate,Service,No,No,Govt,84.75,CBSE,60.06,CBSE,Arts,61,1064,Quota,0,2025-26,VI,BCA601,Final Semester,Core,4,4.31,FAC117,120,76,76,Medium,31,38,0.85,5,0,0.92,89,59,70,262,32,Down,60,82,73,240,73.83,C,6.1,7.22,7.54,Pass,0,6.3,5.3,4.8,No,17,No,Medium,4,2,82,Kinesthetic,68,79,12,3.72,19,37,Online,4.99,18,20,6,0,Yes
474,BCA0474,MMDU2026REG0474,MMDU,MMICTBM,CS,BCA,Cloud,Male,2002-06-30,24,SC,Yes,UP,Indian,2-4 LPA,10th,Service,Yes,No,NA,83.23,State,86.3,State,Commerce,86,6712,Management,2,2025-26,VI,BCA601,Final Semester,Core,4,3.93,FAC116,120,77,77,Medium,48,33,0.88,3,5,0.72,60,82,81,186,9,Flat,57,56,70,194,63.84,B,9.2,5.83,7.84,Pass,2,4.7,5.6,3.6,No,21,No,Low,3,5,57,Auditory,61,54,12,4.67,38,52,Traditional,4.44,18,30,6,4,Yes
475,BCA0475,MMDU2026REG0475,MMDU,MMICTBM,CS,BCA,Cloud,Male,2004-06-10,23,ST,Yes,Bihar,Indian,<2 LPA,10th,Farmer,Yes,Yes,NA,92.24,CBSE,79.77,CBSE,Science,60,4998,Quota,0,2025-26,VI,BCA601,Final Semester,Core,4,4.15,FAC110,120,67,67,Low,42,40,0.74,3,0,0.83,65,64,65,192,45,Down,56,72,84,255,88.3,B+,7.6,6.07,8.9,Pass,2,3.3,6.4,3.7,Yes,47,Yes,High,1,5,87,Kinesthetic,73,77,14,4.24,30,59,Traditional,4.49,26,18,6,2,Yes
476,BCA0476,MMDU2026REG0476,MMDU,MMICTBM,CS,BCA,Data Science,Female,2004-12-14,24,ST,Yes,Bihar,Indian,<2 LPA,Post-Graduate,Teacher,Yes,No,NA,81.46,ICSE,67.49,CBSE,Commerce,61,4769,Management,0,2025-26,VI,BCA601,Final Semester,Core,4,4.41,FAC109,120,96,96,High,31,23,0.89,0,0,0.82,80,67,67,254,30,Down,86,81,64,195,63.01,B+,7.4,5.19,6.2,Pass,2,5.8,5.7,5.4,Yes,57,No,Medium,1,3,78,Kinesthetic,55,65,9,4.7,29,33,Traditional,4.01,16,38,8,1,Yes
477,BCA0477,MMDU2026REG0477,MMDU,MMICTBM,CS,BCA,Cloud,Male,2004-06-14,22,SC,No,UP,Indian,2-4 LPA,Graduate,Teacher,No,No,Govt,68.62,ICSE,65.9,State,Arts,61,3997,Merit,1,2025-26,VI,BCA601,Final Semester,Core,4,4.01,FAC120,120,84,84,Medium,42,23,0.78,1,3,0.75,89,75,60,224,52,Down,63,79,80,230,83.34,C,9.2,8.67,7.57,Pass,2,6.3,6.1,6.5,No,53,Yes,High,5,2,53,Visual,87,49,14,4.75,19,33,Blended,3.7,20,24,6,1,Yes
478,BCA0478,MMDU2026REG0478,MMDU,MMICTBM,CS,BCA,Data Science,Male,2002-02-23,21,OBC,Yes,Haryana,Indian,6-8 LPA,10th,Business,No,Yes,NA,87.47,State,75.76,CBSE,Science,53,4675,Management,2,2025-26,VI,BCA601,Final Semester,Core,4,4.29,FAC111,120,66,66,Low,38,29,0.78,2,8,0.96,74,66,68,245,50,Up,87,79,70,202,86.11,A,7.4,7.11,8.32,Pass,0,5.8,7.5,5.3,Yes,11,Yes,Low,2,4,88,Reading,49,55,6,3.69,20,80,Online,3.52,17,14,5,2,No
479,BCA0479,MMDU2026REG0479,MMDU,MMICTBM,CS,BCA,Cloud,Female,2002-08-22,21,ST,Yes,UP,Indian,6-8 LPA,Graduate,Service,No,No,NA,65.84,CBSE,67.42,State,Science,51,4598,Management,2,2025-26,VI,BCA601,Final Semester,Core,4,4.11,FAC109,120,77,77,Medium,22,22,0.88,1,9,0.64,67,77,69,230,19,Down,60,87,70,253,76.8,A,7.2,8.42,8.37,Pass,2,7.5,5.2,4.2,No,49,Yes,Medium,4,5,80,Reading,51,50,20,3.92,30,42,Traditional,4.09,27,30,0,1,Yes
480,BCA0480,MMDU2026REG0480,MMDU,MMICTBM,CS,BCA,Cloud,Male,2004-06-19,21,GEN,No,UP,Indian,4-6 LPA,Graduate,Teacher,No,Yes,Private,89.21,State,78.21,State,Arts,81,2545,Management,1,2025-26,VI,BCA601,Final Semester,Core,4,4.04,FAC117,120,75,75,Medium,52,42,0.88,1,12,0.66,63,57,61,242,57,Up,81,59,65,248,77.77,A,7.3,6.2,8.92,Pass,0,5.4,7.4,4.4,Yes,58,No,High,5,3,72,Reading,64,67,14,3.67,33,42,Online,4.76,23,23,1,5,Yes
481,BCA0481,MMDU2026REG0481,MMDU,MMICTBM,CS,BCA,Data Science,Male,2003-06-14,23,SC,Yes,Haryana,Indian,6-8 LPA,10th,Teacher,No,Yes,NA,80.37,State,74.52,State,Commerce,61,2369,Management,0,2025-26,VI,BCA601,Final Semester,Core,4,3.24,FAC103,120,77,77,Medium,46,21,0.92,0,2,0.68,92,87,73,241,20,Flat,61,75,84,260,70.33,A,8.2,5.51,7.64,Pass,0,7,5.3,4.8,No,17,Yes,Medium,4,4,50,Visual,62,41,16,3.53,18,39,Online,4.17,21,13,0,3,No
482,BCA0482,MMDU2026REG0482,MMDU,MMICTBM,CS,BCA,AI,Female,2004-07-25,24,SC,No,Bihar,Indian,6-8 LPA,Post-Graduate,Teacher,No,Yes,NA,71.96,State,73.64,State,Science,73,7432,Quota,1,2025-26,VI,BCA601,Final Semester,Core,4,4.27,FAC113,120,70,70,Low,47,25,0.78,3,4,0.94,79,71,83,193,60,Down,65,88,87,206,80.73,A,8,7.25,6.45,Pass,1,7.5,6.2,5.5,No,57,Yes,High,3,4,83,Kinesthetic,87,42,9,4.18,27,32,Online,4.82,16,11,0,4,Yes
483,BCA0483,MMDU2026REG0483,MMDU,MMICTBM,CS,BCA,Data Science,Male,2003-04-18,23,SC,No,Punjab,Indian,<2 LPA,Graduate,Teacher,No,No,Govt,69.09,CBSE,71.67,CBSE,Commerce,88,5509,Quota,0,2025-26,VI,BCA601,Final Semester,Core,4,3.89,FAC115,120,75,75,Medium,57,39,0.75,3,0,0.65,79,76,79,262,57,Up,90,75,68,191,62.56,B,8.2,6.68,7.46,Pass,1,6,7.6,5.2,Yes,17,No,High,4,1,65,Auditory,82,70,19,4.93,25,64,Traditional,4.71,17,28,6,3,No
484,BCA0484,MMDU2026REG0484,MMDU,MMICTBM,CS,BCA,Cyber Security,Male,2004-02-27,24,ST,Yes,Bihar,Indian,4-6 LPA,Graduate,Teacher,Yes,Yes,NA,83.34,CBSE,90.96,State,Science,84,7963,Quota,0,2025-26,VI,BCA601,Final Semester,Core,4,3.95,FAC119,120,75,75,Medium,57,36,0.82,1,11,0.86,61,76,80,207,16,Flat,79,86,78,206,88.62,C,8.4,9.3,7.79,Pass,0,7.3,7.2,2.4,Yes,38,Yes,Low,2,2,85,Auditory,80,45,7,4.79,15,76,Traditional,3.54,22,28,8,0,Yes
485,BCA0485,MMDU2026REG0485,MMDU,MMICTBM,CS,BCA,AI,Male,2004-11-05,24,OBC,Yes,Punjab,Indian,6-8 LPA,Graduate,Business,Yes,Yes,Private,67.68,CBSE,55.54,State,Science,59,4570,Management,2,2025-26,VI,BCA601,Final Semester,Core,4,3.8,FAC108,120,87,87,High,60,32,0.75,0,6,0.84,87,79,84,225,40,Down,73,71,85,252,62.73,C,7,5.83,6.49,Pass,2,7.8,7.5,5.8,No,28,No,Low,1,5,42,Visual,43,84,6,3.74,26,44,Blended,4.59,8,8,7,5,Yes
486,BCA0486,MMDU2026REG0486,MMDU,MMICTBM,CS,BCA,AI,Female,2004-03-15,21,SC,No,UP,Indian,4-6 LPA,10th,Farmer,No,Yes,Private,79.64,CBSE,70.54,State,Commerce,90,7310,Management,0,2025-26,VI,BCA601,Final Semester,Core,4,3.1,FAC101,120,96,96,High,20,22,0.7,0,2,0.86,85,78,64,211,44,Down,61,61,83,180,86.27,C,8.8,6.37,6.69,Pass,0,2.7,6.9,6.2,Yes,11,No,Medium,1,3,66,Visual,42,76,14,3.87,30,47,Blended,4.8,29,6,3,1,Yes
487,BCA0487,MMDU2026REG0487,MMDU,MMICTBM,CS,BCA,Data Science,Male,2003-09-19,24,ST,No,Bihar,Indian,6-8 LPA,Post-Graduate,Farmer,Yes,No,Govt,63.7,State,72.94,CBSE,Arts,67,5925,Quota,2,2025-26,VI,BCA601,Final Semester,Core,4,3.33,FAC115,120,66,66,Low,26,43,0.8,2,1,0.86,67,87,65,211,12,Up,77,73,90,259,89.51,A,6.9,9.37,8.26,Pass,2,3.3,6.1,3.9,No,46,Yes,High,1,4,65,Kinesthetic,55,45,5,4.55,35,35,Online,3.96,5,19,5,0,Yes
488,BCA0488,MMDU2026REG0488,MMDU,MMICTBM,CS,BCA,Cyber Security,Male,2002-06-09,23,OBC,Yes,Bihar,Indian,<2 LPA,Graduate,Service,No,Yes,Private,61.72,State,84.89,CBSE,Commerce,65,4276,Merit,2,2025-26,VI,BCA601,Final Semester,Core,4,4.07,FAC119,120,86,86,High,31,38,0.88,4,11,0.95,72,62,79,228,39,Up,73,59,89,187,62.15,A,9.2,9.3,6.33,Pass,1,7.3,7.1,3.6,No,19,No,Medium,5,5,72,Reading,73,87,7,4.26,19,32,Blended,3.98,25,8,4,5,Yes
489,BCA0489,MMDU2026REG0489,MMDU,MMICTBM,CS,BCA,Data Science,Female,2003-08-11,22,OBC,No,UP,Indian,<2 LPA,Graduate,Farmer,No,No,Govt,67.24,CBSE,76.55,State,Science,52,6368,Management,2,2025-26,VI,BCA601,Final Semester,Core,4,4.12,FAC116,120,95,95,High,29,37,0.81,5,10,0.87,71,88,85,270,3,Flat,55,60,78,202,78.33,B,6.1,7.06,6.84,Pass,2,3.7,5.8,6.2,No,59,No,High,1,5,61,Auditory,61,56,17,4.32,39,62,Online,4.86,22,22,6,5,Yes
490,BCA0490,MMDU2026REG0490,MMDU,MMICTBM,CS,BCA,Cloud,Male,2004-10-31,21,GEN,Yes,Punjab,Indian,4-6 LPA,Graduate,Business,No,Yes,Govt,72.06,CBSE,64.13,CBSE,Commerce,81,5577,Merit,2,2025-26,VI,BCA601,Final Semester,Core,4,3.95,FAC103,120,78,78,Medium,44,24,0.88,4,3,0.67,60,64,73,234,57,Flat,66,67,84,243,66.42,A,8.2,7.94,8.39,Pass,0,6,5.8,5.5,Yes,8,No,Low,1,2,86,Kinesthetic,76,89,11,4.43,23,46,Online,3.67,11,40,7,1,Yes
491,BCA0491,MMDU2026REG0491,MMDU,MMICTBM,CS,BCA,AI,Female,2002-05-16,24,OBC,Yes,Haryana,Indian,2-4 LPA,Graduate,Teacher,Yes,No,Private,92.54,State,62.13,State,Commerce,50,6349,Merit,0,2025-26,VI,BCA601,Final Semester,Core,4,3.51,FAC119,120,65,65,Low,41,40,0.81,4,7,0.74,69,77,81,229,22,Up,62,62,86,212,78.18,A+,8.3,9.06,7.49,Pass,0,4.2,6.2,4.8,No,32,No,High,2,1,83,Visual,54,55,5,4.43,19,61,Online,4.38,20,28,2,5,No
492,BCA0492,MMDU2026REG0492,MMDU,MMICTBM,CS,BCA,Data Science,Male,2002-09-06,21,SC,Yes,Bihar,Indian,<2 LPA,Post-Graduate,Teacher,Yes,No,NA,87.82,CBSE,62,State,Arts,71,2711,Quota,2,2025-26,VI,BCA601,Final Semester,Core,4,3.42,FAC115,120,93,93,High,38,36,0.85,0,10,0.62,72,78,55,227,49,Flat,65,74,68,216,67.57,C,7.5,6.46,8.2,Pass,2,6.8,5.2,3.8,No,39,Yes,Medium,4,4,45,Reading,68,63,3,3.65,25,48,Blended,4.29,29,13,4,2,Yes
493,BCA0493,MMDU2026REG0493,MMDU,MMICTBM,CS,BCA,Cyber Security,Female,2002-05-17,23,GEN,Yes,Haryana,Indian,6-8 LPA,10th,Farmer,Yes,No,Govt,62.06,ICSE,74.28,CBSE,Science,62,5098,Quota,0,2025-26,VI,BCA601,Final Semester,Core,4,3.92,FAC104,120,63,63,Low,55,40,0.8,2,6,0.66,83,88,60,240,48,Flat,87,67,58,227,81.24,C,8.7,7.45,8.57,Pass,2,5.3,6.3,3.9,No,34,No,Low,5,1,55,Auditory,67,85,13,4.21,36,79,Online,4.56,30,38,3,3,Yes
494,BCA0494,MMDU2026REG0494,MMDU,MMICTBM,CS,BCA,Data Science,Male,2004-02-16,23,ST,Yes,UP,Indian,<2 LPA,10th,Business,No,Yes,Private,79.14,ICSE,76.68,State,Science,88,1148,Merit,1,2025-26,VI,BCA601,Final Semester,Core,4,3.2,FAC101,120,95,95,High,37,37,0.89,2,6,0.74,93,86,87,215,14,Down,79,56,76,267,61.95,A,7.9,7.85,6.87,Pass,2,3.4,5.2,2.9,No,19,No,Low,3,4,41,Visual,83,69,20,3.68,17,79,Online,4.93,6,15,6,2,Yes
495,BCA0495,MMDU2026REG0495,MMDU,MMICTBM,CS,BCA,AI,Male,2002-04-09,22,SC,Yes,UP,Indian,<2 LPA,Graduate,Teacher,Yes,No,NA,93.37,CBSE,62,CBSE,Science,85,2666,Merit,1,2025-26,VI,BCA601,Final Semester,Core,4,3.75,FAC112,120,65,65,Low,54,21,0.87,2,11,0.73,88,59,73,229,19,Up,61,65,60,222,65.39,B,7.6,8.72,7.23,Pass,2,4.3,6.3,6.5,No,40,Yes,Low,3,4,86,Auditory,77,48,4,4.91,37,58,Blended,4.06,9,37,1,1,Yes
496,BCA0496,MMDU2026REG0496,MMDU,MMICTBM,CS,BCA,Cyber Security,Female,2004-02-20,22,ST,No,Bihar,Indian,<2 LPA,10th,Teacher,No,No,Private,77.57,State,84.03,CBSE,Arts,76,5741,Quota,2,2025-26,VI,BCA601,Final Semester,Core,4,4.25,FAC118,120,97,97,High,60,42,0.87,0,8,0.89,78,79,72,248,56,Up,69,65,56,192,62.12,B+,6.8,8.55,8.36,Pass,2,6.1,7.8,2,No,18,Yes,High,3,4,43,Visual,42,86,9,3.67,23,53,Traditional,4.94,23,40,4,1,Yes
497,BCA0497,MMDU2026REG0497,MMDU,MMICTBM,CS,BCA,Cloud,Male,2002-09-09,24,OBC,No,UP,Indian,2-4 LPA,Graduate,Business,Yes,No,Private,77.07,CBSE,57.22,State,Arts,83,1563,Management,1,2025-26,VI,BCA601,Final Semester,Core,4,4.27,FAC120,120,100,100,High,57,20,0.8,5,4,0.65,88,81,78,185,20,Flat,71,60,58,225,85.94,C,7.3,8.51,7.18,Pass,0,6.8,7.6,3.4,Yes,24,Yes,High,3,5,80,Reading,42,51,8,3.79,23,66,Online,4.17,13,5,3,3,No
498,BCA0498,MMDU2026REG0498,MMDU,MMICTBM,CS,BCA,Cyber Security,Male,2003-02-18,22,SC,Yes,Haryana,Indian,4-6 LPA,Post-Graduate,Teacher,No,Yes,Private,83.4,State,67.59,CBSE,Arts,68,4562,Management,0,2025-26,VI,BCA601,Final Semester,Core,4,3.35,FAC109,120,97,97,High,28,31,0.95,0,7,0.95,74,81,68,258,17,Up,57,66,58,255,60.32,A,8.8,8.15,8.81,Pass,0,2,6.6,5,Yes,21,Yes,Medium,4,3,50,Reading,81,81,4,4.03,26,69,Online,4.73,26,16,2,0,Yes
499,BCA0499,MMDU2026REG0499,MMDU,MMICTBM,CS,BCA,Data Science,Male,2003-08-24,22,ST,No,Bihar,Indian,<2 LPA,Graduate,Teacher,No,Yes,Private,77.31,CBSE,75.05,CBSE,Science,73,7477,Quota,0,2025-26,VI,BCA601,Final Semester,Core,4,3.72,FAC109,120,86,86,High,31,20,0.9,1,8,0.62,94,57,55,250,4,Down,75,77,59,269,61.34,B,7.7,9.14,6.82,Pass,0,2.5,6.1,5.7,No,15,Yes,Low,4,5,53,Reading,40,78,7,4.42,16,49,Online,3.91,26,17,4,1,Yes
500,BCA0500,MMDU2026REG0500,MMDU,MMICTBM,CS,BCA,Cyber Security,Female,2003-06-17,24,SC,Yes,UP,Indian,6-8 LPA,Graduate,Business,No,No,NA,71.29,State,92.85,CBSE,Arts,53,7944,Merit,1,2025-26,VI,BCA601,Final Semester,Core,4,3.84,FAC113,120,88,88,High,57,44,0.92,5,0,0.86,76,73,67,220,31,Down,89,81,80,224,63.52,A,8.8,6.07,7.08,Pass,0,4.6,6.6,4.2,Yes,51,No,Low,3,5,75,Visual,63,84,9,3.6,37,77,Online,3.71,11,40,10,0,Yes
501,BCA0501,MMDU2026REG0501,MMDU,MMICTBM,CS,BCA,Cloud,Male,2004-10-13,23,ST,Yes,UP,Indian,2-4 LPA,Post-Graduate,Farmer,No,No,NA,68.97,State,86.88,CBSE,Commerce,59,1532,Quota,0,2025-26,VI,BCA601,Final Semester,Core,4,3.68,FAC105,120,72,72,Low,40,38,0.92,2,6,0.96,87,68,78,263,48,Down,70,80,84,251,64.02,B+,7.2,6.28,6.15,Pass,0,6.3,7.3,4.9,Yes,7,Yes,Medium,1,3,90,Kinesthetic,59,74,5,4.46,27,76,Blended,3.88,14,24,5,1,Yes
502,BCA0502,MMDU2026REG0502,MMDU,MMICTBM,CS,BCA,Cloud,Female,2003-09-13,24,GEN,No,Bihar,Indian,<2 LPA,Graduate,Service,No,No,Private,84.63,CBSE,57.03,CBSE,Arts,90,1485,Quota,2,2025-26,VI,BCA601,Final Semester,Core,4,4.24,FAC112,120,78,78,Medium,57,36,0.8,3,6,0.79,84,83,74,236,54,Up,68,76,65,261,86.02,C,6.7,7.45,7.67,Pass,2,5.6,6,5.7,No,60,Yes,Low,1,1,67,Visual,66,67,18,4.95,21,41,Blended,4.6,15,38,10,5,Yes
503,BCA0503,MMDU2026REG0503,MMDU,MMICTBM,CS,BCA,AI,Male,2005-03-13,22,GEN,No,Haryana,Indian,6-8 LPA,Graduate,Business,No,No,NA,76.41,State,72.84,CBSE,Science,79,6583,Merit,2,2025-26,VI,BCA601,Final Semester,Core,4,3.27,FAC101,120,95,95,High,29,41,0.81,2,1,0.8,64,63,55,226,59,Up,64,87,60,233,80.66,B,6.5,5.58,6.28,Pass,1,5.2,6.2,2.3,Yes,59,No,Medium,2,3,52,Reading,89,66,11,3.96,17,54,Online,3.86,27,24,5,3,No
504,BCA0504,MMDU2026REG0504,MMDU,MMICTBM,CS,BCA,Data Science,Male,2003-03-15,23,ST,No,Bihar,Indian,6-8 LPA,10th,Teacher,Yes,No,NA,86.41,State,69.99,CBSE,Science,85,5407,Merit,2,2025-26,VI,BCA601,Final Semester,Core,4,3.93,FAC115,120,97,97,High,58,26,0.75,3,3,0.79,83,77,76,234,40,Flat,64,89,90,221,63.51,A,9.3,7.16,6.56,Pass,2,4.1,6.2,6.9,Yes,35,Yes,Medium,4,1,62,Auditory,83,84,5,3.72,38,33,Blended,4.85,21,5,8,5,No
505,BCA0505,MMDU2026REG0505,MMDU,MMICTBM,CS,BCA,Cloud,Female,2004-12-06,22,GEN,No,Bihar,Indian,<2 LPA,Post-Graduate,Business,Yes,No,Private,75.95,State,63.65,CBSE,Commerce,72,3406,Quota,1,2025-26,VI,BCA601,Final Semester,Core,4,3.11,FAC107,120,91,91,High,59,36,0.81,5,9,0.8,91,77,73,213,35,Down,81,77,84,255,67.92,C,6.6,5,8.82,Pass,1,6.2,6.2,6.5,No,12,No,Medium,4,4,82,Auditory,46,76,17,4.84,25,45,Online,4.64,14,17,2,0,No
506,BCA0506,MMDU2026REG0506,MMDU,MMICTBM,CS,BCA,Cyber Security,Female,2003-11-25,24,ST,No,Punjab,Indian,6-8 LPA,Post-Graduate,Business,No,Yes,Govt,66.78,ICSE,57.06,CBSE,Science,63,2827,Merit,2,2025-26,VI,BCA601,Final Semester,Core,4,3.47,FAC117,120,75,75,Medium,57,43,0.82,1,8,0.77,93,68,66,212,57,Flat,81,63,80,266,76.49,A,8,7.16,6.52,Pass,1,7.9,6.8,6.4,Yes,35,Yes,Medium,2,1,42,Auditory,76,77,15,3.75,33,52,Traditional,4.85,21,30,1,2,No
507,BCA0507,MMDU2026REG0507,MMDU,MMICTBM,CS,BCA,Data Science,Female,2002-03-11,22,SC,No,Haryana,Indian,2-4 LPA,Post-Graduate,Teacher,No,Yes,Govt,94.7,CBSE,74.29,CBSE,Science,85,5300,Quota,0,2025-26,VI,BCA601,Final Semester,Core,4,3.88,FAC117,120,91,91,High,37,43,0.89,5,0,0.71,80,82,57,259,11,Down,63,65,79,270,83.07,A,7.8,8.4,6.52,Pass,1,3.8,7.6,4.5,Yes,33,No,High,5,5,52,Visual,43,74,7,4.02,31,46,Online,3.57,22,29,1,5,Yes
508,BCA0508,MMDU2026REG0508,MMDU,MMICTBM,CS,BCA,Cloud,Male,2002-06-13,23,SC,No,UP,Indian,<2 LPA,10th,Business,Yes,No,Private,81.93,ICSE,56.56,State,Science,67,1484,Merit,2,2025-26,VI,BCA601,Final Semester,Core,4,3.39,FAC107,120,65,65,Low,58,36,0.77,5,3,0.99,75,73,79,183,20,Flat,66,78,61,227,66.76,A+,7.1,9.5,7.23,Pass,0,2.7,5.4,2.7,No,7,No,Medium,2,3,42,Visual,61,59,19,4.19,21,39,Traditional,4.94,8,31,4,2,Yes
509,BCA0509,MMDU2026REG0509,MMDU,MMICTBM,CS,BCA,AI,Female,2002-07-08,23,GEN,No,UP,Indian,<2 LPA,Graduate,Farmer,Yes,No,Govt,75.13,State,88.71,State,Arts,67,6181,Management,2,2025-26,VI,BCA601,Final Semester,Core,4,3.49,FAC103,120,74,74,Low,36,35,0.72,5,1,0.6,94,57,71,208,59,Down,90,68,78,219,83.31,A,9.4,5.79,6.63,Pass,2,4.7,7.4,5.7,Yes,27,No,High,1,4,62,Auditory,47,80,14,3.86,17,68,Blended,3.91,9,24,5,1,No
510,BCA0510,MMDU2026REG0510,MMDU,MMICTBM,CS,BCA,Cloud,Female,2003-05-12,21,ST,Yes,UP,Indian,4-6 LPA,Post-Graduate,Service,Yes,Yes,NA,88.52,ICSE,71.02,CBSE,Commerce,55,2263,Merit,0,2025-26,VI,BCA601,Final Semester,Core,4,4.23,FAC109,120,83,83,Medium,23,21,0.96,0,6,0.62,70,80,63,268,15,Down,69,59,65,205,88.11,B+,6.8,5.03,6.32,Pass,0,6.6,7.4,6.2,Yes,26,No,Medium,3,4,73,Kinesthetic,65,59,13,3.69,18,41,Traditional,4.37,11,19,1,3,No
511,BCA0511,MMDU2026REG0511,MMDU,MMICTBM,CS,BCA,AI,Male,2004-03-04,22,SC,Yes,Haryana,Indian,4-6 LPA,Graduate,Service,No,No,Govt,91.44,CBSE,83.85,State,Arts,74,4398,Management,0,2025-26,VI,BCA601,Final Semester,Core,4,4.01,FAC101,120,83,83,Medium,34,43,0.81,2,2,0.93,91,65,88,262,41,Flat,62,83,75,199,88.4,B+,8.8,5.46,8.75,Pass,0,5.6,6.1,2.6,Yes,5,No,Low,2,4,52,Reading,54,40,16,4.88,40,80,Traditional,3.71,6,39,0,3,Yes
512,BCA0512,MMDU2026REG0512,MMDU,MMICTBM,CS,BCA,Cyber Security,Female,2003-10-05,23,SC,No,Bihar,Indian,4-6 LPA,Post-Graduate,Farmer,No,No,Private,89.29,CBSE,94.76,State,Arts,52,7528,Quota,0,2025-26,VI,BCA601,Final Semester,Core,4,3.29,FAC117,120,100,100,High,28,37,0.76,0,4,0.8,95,58,55,249,41,Flat,74,83,67,215,70.74,C,6.3,6.31,7.75,Pass,1,6.8,5.4,5,No,35,Yes,Low,2,5,69,Visual,77,68,16,4.42,27,66,Online,4.96,21,14,2,4,No
513,BCA0513,MMDU2026REG0513,MMDU,MMICTBM,CS,BCA,Cyber Security,Male,2003-07-20,21,GEN,No,Haryana,Indian,4-6 LPA,Post-Graduate,Teacher,Yes,Yes,Private,71.49,CBSE,89.76,CBSE,Commerce,82,3656,Quota,0,2025-26,VI,BCA601,Final Semester,Core,4,3.82,FAC106,120,86,86,High,49,29,0.92,3,10,0.86,72,86,58,250,51,Up,76,89,74,184,64.38,A+,9.4,5.44,6.43,Pass,1,5.6,6.5,6.8,No,54,Yes,Medium,4,4,63,Kinesthetic,71,58,11,4.77,15,56,Traditional,3.93,14,11,2,4,No
514,BCA0514,MMDU2026REG0514,MMDU,MMICTBM,CS,BCA,Data Science,Male,2004-09-17,22,GEN,No,Bihar,Indian,2-4 LPA,Graduate,Farmer,Yes,Yes,NA,76.53,ICSE,90.16,CBSE,Commerce,56,4500,Management,1,2025-26,VI,BCA601,Final Semester,Core,4,3.1,FAC115,120,93,93,High,22,31,0.84,3,2,0.67,76,72,70,256,54,Flat,85,73,56,181,88,B,8.4,7.35,7.65,Pass,2,7.7,6.8,3.8,Yes,38,No,Low,1,1,85,Kinesthetic,71,63,13,4.36,36,46,Online,4.42,12,22,1,0,No
515,BCA0515,MMDU2026REG0515,MMDU,MMICTBM,CS,BCA,Cloud,Male,2003-02-19,22,ST,No,Haryana,Indian,4-6 LPA,Post-Graduate,Teacher,No,No,Govt,70.49,State,93.17,CBSE,Arts,58,7965,Management,2,2025-26,VI,BCA601,Final Semester,Core,4,3.63,FAC110,120,95,95,High,31,38,0.82,4,7,0.87,65,87,82,203,15,Down,55,62,80,192,77.02,A+,6.4,6.5,8.1,Pass,0,5.3,6.5,2.9,Yes,19,No,Medium,2,1,49,Visual,73,89,5,4.64,33,64,Online,3.66,25,8,5,3,No
516,BCA0516,MMDU2026REG0516,MMDU,MMICTBM,CS,BCA,AI,Female,2004-01-28,22,OBC,No,Haryana,Indian,<2 LPA,10th,Farmer,No,Yes,Private,91.72,ICSE,60.1,CBSE,Arts,76,7604,Merit,1,2025-26,VI,BCA601,Final Semester,Core,4,4.26,FAC106,120,82,82,Medium,30,39,0.94,0,5,0.62,79,82,83,255,52,Down,82,67,74,181,64.45,B,7.3,8.97,8.49,Pass,0,7.5,7.9,6.5,Yes,53,No,Low,5,3,76,Reading,55,49,5,4.26,30,35,Traditional,3.65,26,25,2,0,Yes
517,BCA0517,MMDU2026REG0517,MMDU,MMICTBM,CS,BCA,Cloud,Female,2002-11-04,24,SC,No,Bihar,Indian,2-4 LPA,Graduate,Service,No,No,Private,71.67,CBSE,58.36,State,Arts,72,3773,Quota,2,2025-26,VI,BCA601,Final Semester,Core,4,3.78,FAC118,120,74,74,Low,41,42,0.79,3,4,0.66,77,82,81,193,27,Flat,58,83,58,261,62.79,A,6,7.08,6.26,Pass,0,4.8,5.7,3.4,No,17,No,High,4,1,85,Auditory,67,75,5,3.81,30,44,Traditional,4.78,8,19,9,2,No
518,BCA0518,MMDU2026REG0518,MMDU,MMICTBM,CS,BCA,Cloud,Female,2003-01-11,21,SC,No,Bihar,Indian,6-8 LPA,10th,Business,No,No,Private,73.41,CBSE,84.66,CBSE,Commerce,74,5630,Management,1,2025-26,VI,BCA601,Final Semester,Core,4,3.2,FAC105,120,74,74,Low,29,22,0.89,4,6,0.71,68,79,69,232,24,Down,70,58,85,225,81.2,B,7.3,8.7,7.34,Pass,2,3,7.6,4,Yes,21,No,Low,1,3,46,Kinesthetic,70,86,11,4.25,18,55,Online,4.06,13,11,3,2,Yes
519,BCA0519,MMDU2026REG0519,MMDU,MMICTBM,CS,BCA,Cyber Security,Female,2003-04-22,24,SC,No,Bihar,Indian,<2 LPA,Graduate,Teacher,No,Yes,NA,70.72,ICSE,72.89,CBSE,Arts,68,3226,Quota,0,2025-26,VI,BCA601,Final Semester,Core,4,4.31,FAC117,120,70,70,Low,55,31,0.83,1,8,0.97,86,74,64,218,3,Up,60,82,90,227,64.65,C,8.3,8.15,8.48,Pass,1,7.9,6.1,5.9,No,35,Yes,Low,4,2,47,Visual,89,74,13,4.95,26,42,Online,3.97,6,8,9,0,Yes
520,BCA0520,MMDU2026REG0520,MMDU,MMICTBM,CS,BCA,Data Science,Male,2004-06-09,21,SC,Yes,UP,Indian,<2 LPA,Graduate,Business,No,No,NA,84.22,ICSE,70.12,CBSE,Science,63,2843,Quota,0,2025-26,VI,BCA601,Final Semester,Core,4,3.63,FAC118,120,70,70,Low,35,28,0.97,3,12,0.73,67,86,59,188,42,Up,83,65,66,244,81.43,B+,8.6,6.24,6.85,Pass,1,3,7.7,6.9,Yes,53,No,Low,5,1,87,Kinesthetic,43,45,3,3.62,28,31,Traditional,4.87,7,33,5,0,Yes
521,BCA0521,MMDU2026REG0521,MMDU,MMICTBM,CS,BCA,AI,Female,2005-04-01,24,SC,Yes,Punjab,Indian,<2 LPA,Graduate,Farmer,Yes,No,NA,79.57,CBSE,74.24,CBSE,Commerce,61,1416,Management,2,2025-26,VI,BCA601,Final Semester,Core,4,3.31,FAC117,120,89,89,High,37,22,0.92,4,3,0.62,72,77,86,182,34,Down,70,82,60,187,87.44,B+,7.7,7.13,7.91,Pass,1,3.2,6.2,2.2,Yes,15,Yes,High,5,5,55,Kinesthetic,68,79,12,3.9,29,47,Online,3.72,5,25,6,0,No
522,BCA0522,MMDU2026REG0522,MMDU,MMICTBM,CS,BCA,Cloud,Female,2003-04-10,22,SC,No,Punjab,Indian,6-8 LPA,Post-Graduate,Teacher,Yes,Yes,Private,62.13,ICSE,84.39,State,Science,84,3683,Quota,1,2025-26,VI,BCA601,Final Semester,Core,4,4.23,FAC115,120,87,87,High,40,43,0.89,5,8,0.76,95,82,71,193,52,Flat,62,87,72,226,61.51,A+,7.7,6.26,6.52,Pass,0,7.6,6.9,5.2,No,49,No,High,4,2,65,Kinesthetic,41,64,16,3.8,15,66,Online,4.6,5,20,9,2,No
523,BCA0523,MMDU2026REG0523,MMDU,MMICTBM,CS,BCA,Cyber Security,Female,2004-04-23,24,SC,No,Punjab,Indian,2-4 LPA,Post-Graduate,Service,No,Yes,Govt,72.68,CBSE,79.47,CBSE,Commerce,89,1319,Management,1,2025-26,VI,BCA601,Final Semester,Core,4,3.03,FAC102,120,70,70,Low,49,44,0.84,2,0,0.72,71,73,87,255,28,Flat,56,57,59,246,87.25,C,6.5,8.61,6.87,Pass,2,7.6,6.7,2.2,Yes,60,No,Low,3,3,72,Visual,58,65,9,4.37,29,78,Traditional,3.61,7,9,6,1,No
524,BCA0524,MMDU2026REG0524,MMDU,MMICTBM,CS,BCA,Cloud,Male,2004-07-24,21,GEN,Yes,Punjab,Indian,<2 LPA,Post-Graduate,Business,No,No,Private,77.33,State,89.83,State,Arts,80,7769,Merit,0,2025-26,VI,BCA601,Final Semester,Core,4,3.68,FAC113,120,60,60,Low,23,33,0.95,5,1,0.72,67,76,57,248,9,Down,81,75,90,225,69.41,B,7.1,9.01,6.75,Pass,0,6.3,5.4,3,Yes,21,Yes,High,2,1,83,Kinesthetic,85,68,4,4.43,36,75,Online,4.02,27,38,7,3,No
525,BCA0525,MMDU2026REG0525,MMDU,MMICTBM,CS,BCA,Cyber Security,Male,2004-12-18,23,OBC,No,Punjab,Indian,6-8 LPA,Post-Graduate,Service,Yes,No,Govt,61.74,ICSE,64.37,State,Arts,71,7998,Quota,1,2025-26,VI,BCA601,Final Semester,Core,4,3.75,FAC110,120,68,68,Low,60,25,0.97,5,10,0.95,81,67,58,244,22,Up,90,75,84,247,86.25,B,6.3,5.53,7.69,Pass,2,6,7.3,5.2,No,54,No,High,4,1,50,Auditory,75,70,17,4.25,25,55,Blended,4.59,21,15,2,1,No
526,BCA0526,MMDU2026REG0526,MMDU,MMICTBM,CS,BCA,AI,Male,2002-02-18,23,SC,No,Haryana,Indian,4-6 LPA,Graduate,Business,Yes,No,Govt,70.66,ICSE,65.04,State,Science,55,7114,Management,0,2025-26,VI,BCA601,Final Semester,Core,4,3.17,FAC110,120,65,65,Low,32,23,0.93,2,3,0.69,74,66,82,258,36,Up,69,89,84,195,86.11,B+,8.6,6.48,8.17,Pass,0,5,7,6.1,Yes,34,No,High,2,4,81,Reading,88,59,15,3.58,19,67,Online,4.19,21,30,0,5,Yes
527,BCA0527,MMDU2026REG0527,MMDU,MMICTBM,CS,BCA,AI,Female,2005-03-28,21,GEN,Yes,UP,Indian,6-8 LPA,Post-Graduate,Service,No,Yes,Private,61.25,ICSE,71.42,CBSE,Arts,66,6195,Management,2,2025-26,VI,BCA601,Final Semester,Core,4,3.4,FAC112,120,100,100,High,21,34,0.97,2,7,0.95,68,66,69,248,8,Down,69,80,64,268,66.46,A,7,6.32,8.59,Pass,1,6.2,5.4,2.7,No,34,No,High,2,4,60,Kinesthetic,71,45,12,3.7,24,49,Online,4.38,5,40,0,5,Yes
528,BCA0528,MMDU2026REG0528,MMDU,MMICTBM,CS,BCA,Cyber Security,Female,2002-10-09,22,OBC,Yes,Haryana,Indian,6-8 LPA,Post-Graduate,Service,No,No,NA,72.29,CBSE,86.2,State,Commerce,75,5503,Merit,2,2025-26,VI,BCA601,Final Semester,Core,4,3.94,FAC113,120,87,87,High,37,25,0.95,2,6,0.92,71,90,80,213,44,Down,63,81,73,250,64.76,C,9.1,5.44,8.06,Pass,1,2.2,6.7,3.7,No,48,Yes,Medium,2,1,50,Reading,42,44,20,4.95,23,50,Traditional,4.25,21,14,7,4,No
529,BCA0529,MMDU2026REG0529,MMDU,MMICTBM,CS,BCA,AI,Male,2003-10-23,24,SC,Yes,Punjab,Indian,4-6 LPA,Post-Graduate,Service,No,Yes,NA,74.3,State,64.07,State,Arts,51,1287,Quota,2,2025-26,VI,BCA601,Final Semester,Core,4,3.33,FAC103,120,100,100,High,31,25,0.72,2,10,0.91,85,61,55,237,22,Down,84,70,89,250,77.16,A+,6.7,5.77,7.4,Pass,0,2.6,5.9,6.6,No,56,Yes,High,5,2,57,Reading,69,69,8,3.66,40,57,Traditional,3.6,7,32,0,3,No
530,BCA0530,MMDU2026REG0530,MMDU,MMICTBM,CS,BCA,AI,Male,2003-09-28,22,OBC,Yes,Punjab,Indian,<2 LPA,Post-Graduate,Farmer,Yes,No,Govt,76.93,CBSE,72.55,CBSE,Commerce,69,3553,Quota,1,2025-26,VI,BCA601,Final Semester,Core,4,3.81,FAC111,120,70,70,Low,27,28,0.92,2,8,0.61,92,64,86,197,10,Flat,85,90,61,181,67.68,A,7.5,6.42,8.76,Pass,1,7.1,6.5,2.9,No,20,Yes,Low,2,2,80,Kinesthetic,53,74,14,3.9,15,73,Blended,4.86,21,28,0,3,Yes
531,BCA0531,MMDU2026REG0531,MMDU,MMICTBM,CS,BCA,AI,Female,2003-06-19,21,SC,Yes,Punjab,Indian,6-8 LPA,Graduate,Farmer,No,Yes,Govt,83.6,ICSE,88.02,CBSE,Arts,85,5813,Merit,2,2025-26,VI,BCA601,Final Semester,Core,4,4.11,FAC102,120,91,91,High,26,45,0.75,2,10,0.8,76,80,83,254,30,Down,72,66,63,206,74.71,B,8.1,6.9,8.86,Pass,0,6.8,5.5,6.3,No,38,Yes,Low,4,3,84,Kinesthetic,47,60,8,3.56,33,67,Traditional,4.93,14,26,0,2,Yes
532,BCA0532,MMDU2026REG0532,MMDU,MMICTBM,CS,BCA,Data Science,Female,2003-10-10,24,GEN,Yes,Bihar,Indian,4-6 LPA,Graduate,Farmer,Yes,No,NA,81.56,State,55.74,CBSE,Commerce,57,2018,Merit,0,2025-26,VI,BCA601,Final Semester,Core,4,3.96,FAC118,120,85,85,High,47,20,0.98,5,8,0.93,70,74,79,236,11,Down,60,77,55,236,60.16,A,8.7,8.17,6.28,Pass,0,6.7,6.8,2.2,Yes,18,No,Low,4,4,50,Kinesthetic,50,72,9,3.58,30,74,Blended,3.64,28,38,2,5,Yes
533,BCA0533,MMDU2026REG0533,MMDU,MMICTBM,CS,BCA,Cloud,Female,2004-08-25,22,SC,Yes,Punjab,Indian,<2 LPA,Post-Graduate,Service,Yes,No,Govt,92.98,State,62.71,State,Commerce,77,3436,Merit,1,2025-26,VI,BCA601,Final Semester,Core,4,4.17,FAC109,120,71,71,Low,44,35,0.79,5,6,0.62,92,74,77,227,45,Up,87,60,86,242,69.39,B+,7.8,7,6.15,Pass,1,2.9,7.9,4.7,Yes,60,Yes,Medium,4,4,50,Kinesthetic,45,44,4,4.25,28,33,Online,4.61,6,40,7,4,Yes
534,BCA0534,MMDU2026REG0534,MMDU,MMICTBM,CS,BCA,Cyber Security,Male,2003-04-14,24,ST,Yes,Bihar,Indian,<2 LPA,Graduate,Farmer,No,No,Private,70.43,ICSE,57.15,State,Arts,77,6705,Merit,2,2025-26,VI,BCA601,Final Semester,Core,4,3.47,FAC111,120,62,62,Low,50,34,0.78,5,4,0.85,86,57,77,251,28,Flat,73,67,56,231,62.92,B,9.4,5.75,6.6,Pass,2,7.8,6.7,5.1,Yes,21,No,Low,4,2,58,Reading,79,65,6,4.5,19,42,Blended,4.95,9,22,1,0,Yes
535,BCA0535,MMDU2026REG0535,MMDU,MMICTBM,CS,BCA,Data Science,Female,2003-08-26,21,GEN,No,UP,Indian,4-6 LPA,Post-Graduate,Service,Yes,No,Govt,71.86,CBSE,84.15,State,Science,90,2095,Management,2,2025-26,VI,BCA601,Final Semester,Core,4,4.49,FAC115,120,87,87,High,27,45,0.74,3,9,0.99,88,60,89,250,41,Flat,90,82,60,212,65.76,B,7.9,5.61,7.58,Pass,1,5.3,6.6,2.4,No,52,No,Medium,2,3,85,Reading,53,51,3,4.63,29,57,Traditional,3.55,23,14,0,0,No
536,BCA0536,MMDU2026REG0536,MMDU,MMICTBM,CS,BCA,Data Science,Male,2003-08-14,23,GEN,No,Haryana,Indian,2-4 LPA,Graduate,Business,Yes,No,Govt,82.06,State,75.73,CBSE,Arts,70,3907,Merit,2,2025-26,VI,BCA601,Final Semester,Core,4,4.33,FAC114,120,92,92,High,25,45,0.95,3,7,0.98,90,74,81,198,29,Down,69,59,86,244,76.17,B,8.8,5.43,8.61,Pass,0,2.9,6.2,4.5,No,27,Yes,Medium,4,5,79,Kinesthetic,65,67,15,4.7,31,76,Traditional,3.87,7,28,7,1,Yes
537,BCA0537,MMDU2026REG0537,MMDU,MMICTBM,CS,BCA,Cloud,Male,2004-06-10,23,GEN,No,Punjab,Indian,6-8 LPA,Post-Graduate,Teacher,Yes,No,Govt,70.91,CBSE,78.62,CBSE,Science,60,7552,Quota,2,2025-26,VI,BCA601,Final Semester,Core,4,3.63,FAC106,120,85,85,High,21,28,0.74,2,1,0.79,88,72,84,234,3,Flat,75,81,80,242,67.62,B,7.7,7.33,6,Pass,0,3.5,7.8,5.9,Yes,36,No,High,1,4,57,Kinesthetic,48,47,18,4.96,34,49,Blended,4.08,10,12,9,3,No
538,BCA0538,MMDU2026REG0538,MMDU,MMICTBM,CS,BCA,Cloud,Male,2003-07-23,21,SC,Yes,Haryana,Indian,2-4 LPA,10th,Farmer,Yes,No,Govt,69.6,ICSE,61.28,State,Commerce,70,6485,Quota,0,2025-26,VI,BCA601,Final Semester,Core,4,3.02,FAC114,120,68,68,Low,28,34,0.73,1,2,0.71,67,62,74,266,30,Flat,74,83,57,248,70.77,B,6.5,6.07,6.12,Pass,0,6.9,6.6,3.9,Yes,9,Yes,Medium,4,4,41,Reading,49,70,15,3.87,29,76,Blended,3.86,28,12,3,1,No
539,BCA0539,MMDU2026REG0539,MMDU,MMICTBM,CS,BCA,AI,Male,2004-12-23,21,ST,No,Punjab,Indian,2-4 LPA,Post-Graduate,Teacher,No,Yes,Private,64.94,ICSE,79.9,State,Science,61,2807,Quota,2,2025-26,VI,BCA601,Final Semester,Core,4,3.21,FAC106,120,83,83,Medium,43,21,0.76,3,1,0.91,67,69,58,230,51,Up,63,62,67,182,62.99,A+,6.1,6.43,7.57,Pass,1,3.7,6.7,6.8,No,41,No,Medium,2,5,66,Visual,78,83,16,3.62,23,54,Blended,3.72,10,17,1,0,No
540,BCA0540,MMDU2026REG0540,MMDU,MMICTBM,CS,BCA,AI,Male,2004-01-01,23,ST,Yes,Haryana,Indian,<2 LPA,Post-Graduate,Teacher,No,No,Private,60.99,CBSE,55.09,State,Arts,89,4764,Merit,2,2025-26,VI,BCA601,Final Semester,Core,4,3.04,FAC114,120,93,93,High,23,27,0.82,4,11,0.74,78,59,69,270,15,Flat,60,55,69,232,86.84,C,7.7,6.78,8,Pass,1,2.5,6.9,3.7,No,12,Yes,Low,3,3,69,Auditory,83,80,3,4.31,20,72,Blended,4.37,19,21,9,0,Yes
541,BCA0541,MMDU2026REG0541,MMDU,MMICTBM,CS,BCA,Cyber Security,Female,2004-08-09,21,SC,No,Haryana,Indian,<2 LPA,Graduate,Farmer,Yes,No,Private,77.28,CBSE,71.71,State,Commerce,74,2343,Quota,2,2025-26,VI,BCA601,Final Semester,Core,4,3.96,FAC101,120,60,60,Low,47,45,0.86,2,10,0.68,81,63,87,223,18,Down,89,68,61,214,66.31,B+,6.4,9.03,6.99,Pass,2,3.2,6.1,2.2,Yes,15,No,Low,3,2,59,Visual,90,70,10,3.54,21,66,Online,4.35,21,33,6,3,No
542,BCA0542,MMDU2026REG0542,MMDU,MMICTBM,CS,BCA,Cyber Security,Female,2005-01-30,21,GEN,Yes,UP,Indian,4-6 LPA,Post-Graduate,Teacher,Yes,Yes,NA,68.72,ICSE,60.15,CBSE,Arts,55,3323,Management,0,2025-26,VI,BCA601,Final Semester,Core,4,4.4,FAC107,120,80,80,Medium,30,38,0.95,4,5,0.71,89,88,79,265,26,Down,68,59,65,255,77.81,A,8.8,7.97,6.04,Pass,1,5.9,6.3,4.4,No,54,No,Low,2,3,62,Reading,46,82,8,4.34,22,72,Blended,4.35,19,23,10,0,No
543,BCA0543,MMDU2026REG0543,MMDU,MMICTBM,CS,BCA,Cyber Security,Female,2003-11-16,22,GEN,Yes,UP,Indian,4-6 LPA,Graduate,Business,Yes,Yes,NA,82.62,State,85.71,CBSE,Arts,87,4352,Quota,0,2025-26,VI,BCA601,Final Semester,Core,4,3.4,FAC106,120,81,81,Medium,23,33,0.82,4,9,0.76,87,71,66,270,51,Up,61,59,62,252,85.45,A,8.5,5.81,8.53,Pass,0,2.2,7,4.1,No,47,Yes,Low,5,4,75,Reading,61,88,12,4.54,20,70,Online,4.9,16,10,0,1,Yes
544,BCA0544,MMDU2026REG0544,MMDU,MMICTBM,CS,BCA,AI,Male,2003-11-18,22,GEN,Yes,UP,Indian,4-6 LPA,10th,Service,No,No,Govt,78.67,State,63.5,CBSE,Commerce,67,3673,Quota,0,2025-26,VI,BCA601,Final Semester,Core,4,3.23,FAC114,120,74,74,Low,21,24,0.98,2,11,0.69,74,76,61,220,30,Down,66,66,81,248,86.02,B,6.8,5.55,7.6,Pass,1,3.1,7.7,4.9,No,22,Yes,High,3,5,79,Visual,88,52,14,4.98,16,55,Blended,4.61,17,12,2,4,No
545,BCA0545,MMDU2026REG0545,MMDU,MMICTBM,CS,BCA,Cyber Security,Male,2004-06-15,23,GEN,Yes,Punjab,Indian,6-8 LPA,Post-Graduate,Teacher,Yes,No,NA,64.29,ICSE,85.83,CBSE,Commerce,57,4305,Management,0,2025-26,VI,BCA601,Final Semester,Core,4,3.4,FAC119,120,95,95,High,21,22,0.74,0,10,0.75,86,83,59,227,58,Flat,70,69,85,214,72.81,A,9.3,6.21,7.84,Pass,2,4.1,7.8,5.4,Yes,43,Yes,High,2,2,42,Auditory,63,90,12,4.93,20,42,Blended,3.91,12,17,1,0,No
546,BCA0546,MMDU2026REG0546,MMDU,MMICTBM,CS,BCA,AI,Male,2004-03-08,22,OBC,Yes,Punjab,Indian,6-8 LPA,Post-Graduate,Teacher,Yes,Yes,NA,70.61,State,60.58,CBSE,Commerce,70,7774,Management,2,2025-26,VI,BCA601,Final Semester,Core,4,3.73,FAC103,120,78,78,Medium,33,32,0.94,1,6,0.92,93,76,55,196,19,Up,57,60,63,203,83.3,A+,6.7,5.96,7.33,Pass,2,2,7.2,6.8,No,9,Yes,Low,5,4,75,Reading,56,66,3,3.89,35,37,Online,3.72,7,14,8,0,No
547,BCA0547,MMDU2026REG0547,MMDU,MMICTBM,CS,BCA,Data Science,Male,2005-03-14,24,GEN,Yes,Haryana,Indian,<2 LPA,10th,Service,Yes,No,Govt,64.71,ICSE,65.9,State,Arts,80,3197,Merit,2,2025-26,VI,BCA601,Final Semester,Core,4,3.89,FAC118,120,64,64,Low,23,37,0.97,5,6,0.67,89,89,65,192,57,Down,83,66,88,199,81.53,C,6.3,7.42,8.07,Pass,2,2.6,6.8,6.2,No,48,Yes,High,3,5,84,Kinesthetic,59,62,14,4.94,32,51,Online,4.73,24,19,7,5,No
548,BCA0548,MMDU2026REG0548,MMDU,MMICTBM,CS,BCA,Cyber Security,Female,2004-04-29,24,SC,Yes,Haryana,Indian,<2 LPA,Post-Graduate,Service,Yes,No,NA,81.72,ICSE,72.5,State,Commerce,88,1543,Merit,0,2025-26,VI,BCA601,Final Semester,Core,4,4.38,FAC120,120,68,68,Low,58,35,0.83,2,2,0.69,83,87,74,193,14,Down,86,80,59,241,77.79,B,6.6,6.74,7.84,Pass,2,4.1,7.3,4.3,No,46,Yes,Medium,2,5,41,Visual,41,85,18,4.54,19,31,Blended,4.94,6,9,4,5,Yes
549,BCA0549,MMDU2026REG0549,MMDU,MMICTBM,CS,BCA,AI,Male,2002-12-06,23,OBC,Yes,Bihar,Indian,4-6 LPA,10th,Farmer,No,No,Private,74.23,ICSE,87.05,State,Science,52,2375,Merit,2,2025-26,VI,BCA601,Final Semester,Core,4,3.81,FAC108,120,81,81,Medium,51,39,0.71,3,4,0.7,90,73,72,209,37,Flat,70,65,66,202,80.51,C,6.8,9.2,8.22,Pass,1,6.3,7.6,2.1,Yes,47,No,Low,2,4,43,Visual,89,48,5,4.49,35,76,Online,3.67,11,27,1,2,Yes
550,BCA0550,MMDU2026REG0550,MMDU,MMICTBM,CS,BCA,Data Science,Male,2004-08-06,23,SC,Yes,UP,Indian,6-8 LPA,Graduate,Business,No,Yes,Private,82.15,ICSE,78.17,State,Commerce,50,2888,Quota,0,2025-26,VI,BCA601,Final Semester,Core,4,3.18,FAC107,120,80,80,Medium,51,36,0.96,0,0,0.65,87,74,84,217,39,Up,70,65,89,211,70.43,A+,7.2,5.34,6.59,Pass,0,5.1,7.6,6.1,Yes,17,Yes,High,1,5,57,Visual,81,55,16,4.54,32,77,Traditional,3.99,14,33,6,4,No
551,BCA0551,MMDU2026REG0551,MMDU,MMICTBM,CS,BCA,Data Science,Male,2003-07-10,23,OBC,Yes,UP,Indian,2-4 LPA,10th,Teacher,Yes,No,Govt,89.89,ICSE,63.74,State,Arts,86,4204,Merit,1,2025-26,VI,BCA601,Final Semester,Core,4,3.88,FAC118,120,68,68,Low,52,23,0.92,3,8,0.61,82,63,73,196,4,Down,69,83,70,245,64.35,A,9.3,5.55,7.18,Pass,0,2.9,7.1,4.1,No,6,Yes,Low,4,3,87,Kinesthetic,87,70,19,4.85,27,48,Blended,3.58,11,27,0,3,Yes
552,BCA0552,MMDU2026REG0552,MMDU,MMICTBM,CS,BCA,Data Science,Female,2003-02-07,22,SC,No,Haryana,Indian,<2 LPA,Post-Graduate,Business,Yes,No,Private,92.72,ICSE,59.81,CBSE,Commerce,76,7270,Quota,0,2025-26,VI,BCA601,Final Semester,Core,4,3.48,FAC111,120,99,99,High,34,30,0.8,0,0,0.92,93,71,58,208,49,Up,73,86,90,218,85.21,A,7.9,5.42,7.62,Pass,0,3.9,6,6.7,No,19,Yes,Low,5,5,85,Kinesthetic,88,71,20,4.31,38,79,Online,3.64,18,19,9,4,No
553,BCA0553,MMDU2026REG0553,MMDU,MMICTBM,CS,BCA,Data Science,Female,2003-07-08,23,OBC,No,Bihar,Indian,6-8 LPA,10th,Business,Yes,No,NA,69.58,CBSE,66.03,State,Science,74,6610,Management,2,2025-26,VI,BCA601,Final Semester,Core,4,4.43,FAC106,120,63,63,Low,31,42,0.71,5,8,0.79,81,70,67,218,40,Flat,72,62,85,191,66.51,B,8.1,5.38,8.94,Pass,1,2.8,7.3,5.4,Yes,19,Yes,Low,4,5,52,Auditory,44,89,13,4.14,15,74,Traditional,3.54,19,20,5,2,Yes
554,BCA0554,MMDU2026REG0554,MMDU,MMICTBM,CS,BCA,Data Science,Female,2003-03-25,21,GEN,No,Punjab,Indian,2-4 LPA,Graduate,Business,No,No,Private,85.6,ICSE,66.82,State,Arts,75,2395,Quota,1,2025-26,VI,BCA601,Final Semester,Core,4,3.65,FAC106,120,72,72,Low,36,37,0.99,3,10,0.92,65,77,76,223,20,Down,67,70,78,194,80.22,A,8,7.11,6.57,Pass,2,7.8,5.5,5.6,No,59,No,Medium,3,3,67,Visual,62,48,5,3.87,15,57,Online,4.05,9,11,3,0,Yes
555,BCA0555,MMDU2026REG0555,MMDU,MMICTBM,CS,BCA,Cyber Security,Female,2004-04-18,24,SC,Yes,Bihar,Indian,2-4 LPA,10th,Farmer,No,Yes,NA,84.4,ICSE,68.91,CBSE,Arts,82,3418,Quota,0,2025-26,VI,BCA601,Final Semester,Core,4,3.25,FAC113,120,96,96,High,49,20,0.92,5,11,0.76,60,90,73,219,8,Down,67,65,90,253,61.31,B+,8,8.93,7.4,Pass,2,4.9,6.3,6.5,No,26,No,High,1,3,84,Visual,58,43,9,4.33,21,77,Traditional,3.94,21,39,10,1,Yes
556,BCA0556,MMDU2026REG0556,MMDU,MMICTBM,CS,BCA,Data Science,Male,2002-06-23,21,SC,No,UP,Indian,2-4 LPA,Graduate,Teacher,Yes,No,Govt,88.73,ICSE,74.51,CBSE,Science,51,3724,Management,2,2025-26,VI,BCA601,Final Semester,Core,4,3.43,FAC112,120,96,96,High,50,22,0.9,0,5,0.88,90,68,84,204,56,Up,75,67,56,228,82.06,A+,7.9,8.02,7.08,Pass,2,4.5,6.9,3.7,Yes,50,No,Low,5,4,65,Kinesthetic,43,83,16,3.88,20,49,Blended,3.86,10,8,0,2,No
557,BCA0557,MMDU2026REG0557,MMDU,MMICTBM,CS,BCA,Data Science,Male,2003-06-18,23,SC,Yes,Haryana,Indian,6-8 LPA,10th,Teacher,No,Yes,Govt,86.23,CBSE,62.2,CBSE,Arts,56,6453,Management,1,2025-26,VI,BCA601,Final Semester,Core,4,3.53,FAC113,120,93,93,High,52,27,0.79,1,6,0.98,60,88,68,269,56,Flat,78,60,88,249,63.12,A+,7.3,5.72,6.22,Pass,0,7.4,6.7,3.9,No,7,Yes,Low,4,4,49,Kinesthetic,75,60,20,4.8,28,55,Blended,4.16,16,10,8,1,No
558,BCA0558,MMDU2026REG0558,MMDU,MMICTBM,CS,BCA,Cyber Security,Female,2003-10-07,21,GEN,Yes,Punjab,Indian,<2 LPA,10th,Service,No,Yes,NA,61.37,CBSE,73.95,State,Science,72,2603,Management,2,2025-26,VI,BCA601,Final Semester,Core,4,3.63,FAC109,120,74,74,Low,23,45,0.77,0,8,0.93,88,74,68,206,10,Up,68,58,61,250,79.93,C,8.2,9.41,7.98,Pass,2,6.9,7.6,4.8,No,56,Yes,High,3,5,75,Visual,58,84,15,3.68,27,65,Traditional,3.58,28,21,5,1,No
559,BCA0559,MMDU2026REG0559,MMDU,MMICTBM,CS,BCA,AI,Male,2002-03-26,21,OBC,Yes,Haryana,Indian,4-6 LPA,Graduate,Farmer,Yes,No,NA,60.96,CBSE,81.4,CBSE,Commerce,78,4501,Management,0,2025-26,VI,BCA601,Final Semester,Core,4,4.22,FAC115,120,98,98,High,33,30,0.92,5,1,0.73,62,82,78,261,36,Flat,62,77,85,253,84.1,A+,8.1,7.79,7.91,Pass,1,6.1,7.6,4.4,No,30,No,Medium,1,4,61,Kinesthetic,86,45,15,4.8,22,63,Blended,4.88,30,11,9,4,Yes
560,BCA0560,MMDU2026REG0560,MMDU,MMICTBM,CS,BCA,Cyber Security,Female,2002-09-27,23,GEN,Yes,Punjab,Indian,4-6 LPA,10th,Farmer,Yes,No,NA,63.14,ICSE,88.04,CBSE,Arts,89,6855,Management,1,2025-26,VI,BCA601,Final Semester,Core,4,3.61,FAC109,120,84,84,Medium,52,29,0.93,5,8,0.83,76,85,58,218,54,Flat,65,88,78,197,68.63,B,6,5.99,6.01,Pass,2,3.6,5.4,3.4,Yes,6,No,Medium,5,5,53,Auditory,79,47,12,4.01,18,32,Blended,4.47,16,7,7,5,No
561,BCA0561,MMDU2026REG0561,MMDU,MMICTBM,CS,BCA,Cloud,Male,2002-10-29,24,OBC,No,Punjab,Indian,2-4 LPA,10th,Farmer,Yes,No,Private,73.65,ICSE,65.32,CBSE,Arts,52,1333,Merit,1,2025-26,VI,BCA601,Final Semester,Core,4,3.47,FAC108,120,80,80,Medium,28,39,0.94,1,1,0.73,79,60,77,261,17,Down,85,89,76,212,79.18,C,7.8,8.51,6.2,Pass,1,5.3,6.7,2.7,No,38,No,Medium,3,1,53,Kinesthetic,58,76,3,4.88,36,37,Online,4.77,15,12,9,1,No
562,BCA0562,MMDU2026REG0562,MMDU,MMICTBM,CS,BCA,Cloud,Male,2002-09-18,21,OBC,No,Haryana,Indian,4-6 LPA,Post-Graduate,Business,No,No,NA,79.3,ICSE,81.53,CBSE,Science,53,3203,Management,1,2025-26,VI,BCA601,Final Semester,Core,4,3.24,FAC109,120,70,70,Low,37,34,0.8,5,6,0.9,83,86,81,256,45,Down,76,85,73,236,66.24,B,6.4,8.06,7.39,Pass,2,5.8,5.7,2.3,No,60,No,Low,3,5,59,Kinesthetic,45,87,11,4.28,23,48,Traditional,3.54,26,35,4,1,No
563,BCA0563,MMDU2026REG0563,MMDU,MMICTBM,CS,BCA,Data Science,Female,2002-09-24,22,OBC,Yes,Punjab,Indian,4-6 LPA,10th,Service,No,Yes,Govt,63.96,ICSE,79.88,CBSE,Arts,77,7142,Merit,2,2025-26,VI,BCA601,Final Semester,Core,4,3.09,FAC105,120,65,65,Low,22,35,0.84,0,4,0.65,91,73,61,197,29,Down,59,86,90,261,61.49,B+,8.6,8.98,7.81,Pass,1,6.5,7.2,7,No,47,Yes,Medium,3,3,66,Reading,69,77,4,3.88,19,80,Traditional,3.85,20,19,4,3,No
564,BCA0564,MMDU2026REG0564,MMDU,MMICTBM,CS,BCA,AI,Male,2002-12-09,21,SC,No,Punjab,Indian,4-6 LPA,Graduate,Service,Yes,No,Private,80.54,CBSE,58.75,State,Commerce,75,2981,Merit,2,2025-26,VI,BCA601,Final Semester,Core,4,4.41,FAC119,120,99,99,High,25,23,0.84,4,9,0.63,90,68,70,191,52,Down,76,65,80,258,69.46,B+,7.5,8.43,8.13,Pass,0,5.2,7.9,5,No,50,No,Low,3,1,75,Visual,73,75,4,3.85,31,67,Blended,4.79,29,34,8,2,No
565,BCA0565,MMDU2026REG0565,MMDU,MMICTBM,CS,BCA,Cloud,Male,2004-12-29,23,GEN,No,Bihar,Indian,2-4 LPA,10th,Farmer,No,Yes,Private,79.68,State,77.15,CBSE,Commerce,62,6605,Management,0,2025-26,VI,BCA601,Final Semester,Core,4,3.1,FAC117,120,60,60,Low,47,33,0.93,1,12,0.77,84,85,64,250,18,Flat,85,65,58,249,66.54,B,7.7,6.96,8.79,Pass,0,2.4,7.2,2.8,Yes,54,No,Medium,5,1,47,Kinesthetic,77,45,8,3.61,18,59,Blended,4.7,15,18,4,0,Yes
566,BCA0566,MMDU2026REG0566,MMDU,MMICTBM,CS,BCA,AI,Male,2005-02-12,23,GEN,No,Punjab,Indian,6-8 LPA,Post-Graduate,Teacher,No,Yes,NA,69.56,CBSE,93.66,State,Commerce,77,2124,Management,0,2025-26,VI,BCA601,Final Semester,Core,4,3.48,FAC110,120,78,78,Medium,45,20,0.78,0,3,0.65,70,58,73,197,25,Down,56,59,69,204,60.59,A,8.2,6.78,7.27,Pass,0,2.4,5.9,4.2,Yes,35,Yes,Medium,3,1,90,Auditory,86,46,7,4.46,32,58,Online,4.39,22,39,10,5,No
567,BCA0567,MMDU2026REG0567,MMDU,MMICTBM,CS,BCA,Cloud,Male,2003-05-04,21,SC,No,Haryana,Indian,4-6 LPA,Post-Graduate,Service,No,No,Govt,82.01,State,67.86,CBSE,Commerce,54,2117,Merit,0,2025-26,VI,BCA601,Final Semester,Core,4,4.01,FAC109,120,88,88,High,20,24,0.94,4,4,0.66,60,89,61,252,28,Flat,82,87,82,242,61.56,A+,6.8,7.03,6.72,Pass,0,6.6,5.1,7,Yes,53,Yes,High,1,4,52,Auditory,63,56,9,4.37,33,63,Blended,3.58,22,36,4,0,Yes
568,BCA0568,MMDU2026REG0568,MMDU,MMICTBM,CS,BCA,Data Science,Female,2004-05-22,22,SC,No,Punjab,Indian,2-4 LPA,Graduate,Service,Yes,No,Govt,78.47,ICSE,87.38,State,Commerce,84,2781,Merit,2,2025-26,VI,BCA601,Final Semester,Core,4,3.3,FAC113,120,98,98,High,39,38,0.87,3,1,0.82,77,75,56,185,55,Flat,64,83,62,253,89.58,B+,9.3,6.82,7.72,Pass,2,3.8,7.2,6.2,Yes,25,Yes,Low,1,1,60,Auditory,84,40,17,4.48,39,57,Blended,4.38,15,21,3,2,Yes
569,BCA0569,MMDU2026REG0569,MMDU,MMICTBM,CS,BCA,Data Science,Female,2002-06-06,21,GEN,Yes,UP,Indian,4-6 LPA,10th,Business,Yes,No,NA,60.68,ICSE,71.62,State,Arts,71,7118,Management,2,2025-26,VI,BCA601,Final Semester,Core,4,4.27,FAC112,120,88,88,High,56,35,0.72,3,2,0.98,93,64,87,235,56,Flat,77,72,60,228,71.32,B,9.1,8.75,7.63,Pass,2,6.4,5.3,5.1,Yes,37,Yes,Low,4,2,85,Visual,71,59,6,3.53,20,62,Online,3.69,29,12,0,3,Yes
570,BCA0570,MMDU2026REG0570,MMDU,MMICTBM,CS,BCA,Cyber Security,Male,2002-04-21,21,OBC,No,Bihar,Indian,4-6 LPA,Graduate,Service,No,No,Govt,92.85,CBSE,89.12,State,Science,62,6202,Management,1,2025-26,VI,BCA601,Final Semester,Core,4,3.77,FAC104,120,79,79,Medium,50,21,0.75,3,5,0.95,91,64,62,229,16,Up,81,58,59,207,73.31,C,8.3,6.18,8.43,Pass,2,8,6.6,3.7,Yes,16,Yes,Medium,4,5,55,Reading,72,79,13,3.83,15,33,Online,4.47,13,34,9,1,Yes
571,BCA0571,MMDU2026REG0571,MMDU,MMICTBM,CS,BCA,Cloud,Male,2004-02-02,24,ST,Yes,UP,Indian,6-8 LPA,Graduate,Teacher,No,No,NA,92.93,State,86.62,CBSE,Arts,56,5924,Management,1,2025-26,VI,BCA601,Final Semester,Core,4,3.41,FAC115,120,91,91,High,22,21,0.84,1,1,0.91,91,60,86,233,41,Up,78,61,67,214,81.18,A,7.7,6.37,7.37,Pass,1,5.9,7,6.2,No,42,No,High,2,1,79,Reading,90,42,8,3.67,37,68,Online,3.73,14,30,6,2,Yes
572,BCA0572,MMDU2026REG0572,MMDU,MMICTBM,CS,BCA,AI,Female,2003-08-16,22,ST,Yes,Punjab,Indian,4-6 LPA,Graduate,Service,Yes,No,Govt,86.52,CBSE,66.66,CBSE,Arts,72,7263,Merit,2,2025-26,VI,BCA601,Final Semester,Core,4,4.15,FAC120,120,91,91,High,25,32,0.77,2,9,0.92,61,69,55,268,19,Flat,85,84,86,223,81.8,A+,8.2,6.77,8.81,Pass,1,3.5,6.4,2.6,Yes,40,Yes,High,5,2,62,Kinesthetic,74,52,8,3.77,26,51,Online,4.93,30,39,5,5,No
573,BCA0573,MMDU2026REG0573,MMDU,MMICTBM,CS,BCA,Data Science,Male,2002-06-08,22,OBC,Yes,Punjab,Indian,<2 LPA,10th,Farmer,No,No,NA,89.8,ICSE,65.42,CBSE,Arts,82,7059,Merit,2,2025-26,VI,BCA601,Final Semester,Core,4,4.16,FAC117,120,95,95,High,53,24,0.9,5,12,0.68,87,87,63,244,2,Up,64,68,77,223,88.02,B,8,7.65,7.27,Pass,1,2.3,6.9,2.2,No,23,Yes,High,3,2,70,Reading,70,64,18,4,38,79,Blended,4.12,30,29,10,2,No
574,BCA0574,MMDU2026REG0574,MMDU,MMICTBM,CS,BCA,Cyber Security,Male,2004-08-29,23,ST,Yes,Haryana,Indian,<2 LPA,Post-Graduate,Farmer,No,No,NA,90.76,CBSE,82.5,CBSE,Science,50,6687,Management,0,2025-26,VI,BCA601,Final Semester,Core,4,3.45,FAC107,120,79,79,Medium,45,43,0.96,5,2,0.84,91,59,73,253,3,Down,67,80,70,219,75.15,B+,9.4,5.33,8.69,Pass,1,6.7,6.1,5.5,No,39,No,High,4,2,82,Kinesthetic,71,62,5,4.3,36,53,Blended,3.81,12,18,2,5,Yes
575,BCA0575,MMDU2026REG0575,MMDU,MMICTBM,CS,BCA,Data Science,Male,2002-05-04,24,SC,No,Punjab,Indian,<2 LPA,Post-Graduate,Farmer,No,No,Govt,86.07,ICSE,67.37,CBSE,Arts,58,6474,Management,0,2025-26,VI,BCA601,Final Semester,Core,4,3,FAC105,120,65,65,Low,48,43,0.99,1,10,0.91,60,89,66,228,57,Up,88,67,65,225,73.06,A,8.2,6.52,7.15,Pass,2,6.8,6.9,5.4,No,45,Yes,High,2,3,75,Reading,42,57,10,4.58,22,58,Online,4.93,30,22,8,4,Yes
576,BCA0576,MMDU2026REG0576,MMDU,MMICTBM,CS,BCA,Data Science,Male,2003-10-12,21,OBC,Yes,Punjab,Indian,6-8 LPA,Post-Graduate,Teacher,No,No,Govt,71.48,ICSE,88.6,CBSE,Arts,59,2878,Merit,1,2025-26,VI,BCA601,Final Semester,Core,4,3.05,FAC112,120,76,76,Medium,39,42,0.75,0,1,0.66,84,66,67,234,16,Flat,69,68,84,248,89.12,A,8.5,8.13,7.02,Pass,2,2.9,7.3,3.9,No,27,No,Low,4,4,60,Reading,75,73,3,4.37,38,62,Traditional,4.25,18,34,1,2,No
577,BCA0577,MMDU2026REG0577,MMDU,MMICTBM,CS,BCA,AI,Female,2003-05-14,23,SC,No,UP,Indian,<2 LPA,Post-Graduate,Teacher,No,No,Govt,64.47,ICSE,55.34,State,Science,60,1536,Management,2,2025-26,VI,BCA601,Final Semester,Core,4,3.14,FAC120,120,87,87,High,45,34,0.78,4,8,0.62,94,61,75,226,4,Flat,64,83,84,263,60.44,B,6.5,6.42,7.81,Pass,1,7.3,7.9,6.2,Yes,50,No,Low,1,4,52,Kinesthetic,64,40,19,5,25,51,Blended,4.38,11,27,2,2,Yes
578,BCA0578,MMDU2026REG0578,MMDU,MMICTBM,CS,BCA,Cyber Security,Male,2004-08-19,21,SC,Yes,Punjab,Indian,<2 LPA,Post-Graduate,Teacher,Yes,No,Govt,72.45,ICSE,79.94,CBSE,Commerce,71,7863,Management,1,2025-26,VI,BCA601,Final Semester,Core,4,3.47,FAC106,120,63,63,Low,53,32,0.93,5,10,0.63,68,58,70,193,29,Down,79,81,83,195,73.6,A,8.4,8.41,8.35,Pass,0,4.9,5.5,6.1,No,24,Yes,Medium,4,1,86,Reading,80,90,8,3.62,26,43,Blended,4.95,13,31,7,0,Yes
579,BCA0579,MMDU2026REG0579,MMDU,MMICTBM,CS,BCA,Cyber Security,Female,2002-01-10,22,GEN,No,Punjab,Indian,<2 LPA,Graduate,Business,Yes,Yes,NA,79.02,State,78.76,State,Science,64,6375,Management,2,2025-26,VI,BCA601,Final Semester,Core,4,4.46,FAC101,120,70,70,Low,60,33,0.86,2,12,0.7,92,80,75,201,7,Flat,80,64,75,238,67.04,B,7.4,7.14,8.25,Pass,1,7.9,7,4.1,No,48,No,Medium,1,5,61,Visual,52,87,15,4.13,32,45,Traditional,3.71,16,17,1,3,No
580,BCA0580,MMDU2026REG0580,MMDU,MMICTBM,CS,BCA,Cloud,Female,2003-08-09,24,ST,No,UP,Indian,2-4 LPA,Post-Graduate,Service,Yes,No,Private,63.71,CBSE,85.17,CBSE,Commerce,89,7329,Quota,2,2025-26,VI,BCA601,Final Semester,Core,4,3.81,FAC103,120,86,86,High,33,35,0.7,5,7,0.9,93,69,85,240,16,Down,58,80,77,264,65.28,B,9.1,8.65,7.58,Pass,0,7.5,7.4,3.1,No,44,Yes,Medium,2,1,88,Visual,51,55,7,3.79,36,65,Online,4.06,22,40,7,0,No
581,BCA0581,MMDU2026REG0581,MMDU,MMICTBM,CS,BCA,Cloud,Male,2004-02-20,22,OBC,Yes,UP,Indian,2-4 LPA,10th,Service,Yes,No,Private,85,State,86.8,CBSE,Science,83,2074,Quota,2,2025-26,VI,BCA601,Final Semester,Core,4,4.01,FAC105,120,77,77,Medium,23,38,0.98,2,3,0.75,66,69,89,236,22,Up,67,66,87,226,85.55,C,7.1,7.51,8.89,Pass,0,5.9,7.4,6.7,No,39,Yes,Medium,5,2,85,Kinesthetic,65,81,17,4.86,29,41,Blended,4.14,15,20,9,4,Yes
582,BCA0582,MMDU2026REG0582,MMDU,MMICTBM,CS,BCA,Data Science,Male,2004-01-21,23,GEN,Yes,UP,Indian,<2 LPA,Post-Graduate,Farmer,Yes,No,Private,64.63,ICSE,76.84,CBSE,Arts,55,7459,Merit,0,2025-26,VI,BCA601,Final Semester,Core,4,3.59,FAC113,120,97,97,High,35,29,0.87,4,4,0.85,70,81,56,247,36,Down,65,59,56,206,61.31,B+,9.3,9.26,7.2,Pass,1,6.5,6.9,6.5,Yes,26,No,Low,5,2,55,Reading,70,45,15,4.38,24,76,Blended,3.87,14,39,0,2,No
583,BCA0583,MMDU2026REG0583,MMDU,MMICTBM,CS,BCA,Cyber Security,Female,2004-04-12,24,SC,Yes,Haryana,Indian,2-4 LPA,Post-Graduate,Business,No,Yes,Private,66.92,CBSE,71.01,State,Commerce,65,1325,Merit,2,2025-26,VI,BCA601,Final Semester,Core,4,3.18,FAC106,120,80,80,Medium,36,32,0.84,0,6,0.99,93,76,83,247,48,Up,77,83,73,236,74.8,A+,8,5.77,8.2,Pass,2,3.5,7.3,4.3,No,22,Yes,High,5,1,80,Auditory,48,70,17,4.74,25,49,Blended,4.11,18,5,0,1,Yes
584,BCA0584,MMDU2026REG0584,MMDU,MMICTBM,CS,BCA,Data Science,Male,2004-04-13,21,SC,No,Punjab,Indian,4-6 LPA,10th,Teacher,Yes,No,NA,75.58,State,83.66,State,Arts,78,3535,Quota,2,2025-26,VI,BCA601,Final Semester,Core,4,4.23,FAC120,120,71,71,Low,23,26,0.96,3,3,0.97,89,90,61,245,27,Flat,76,68,85,206,82.23,B,7.3,6.18,7.57,Pass,1,7.6,6.6,6.2,No,35,No,Medium,1,5,58,Auditory,76,43,3,4.84,23,40,Online,3.54,11,12,3,4,Yes
585,BCA0585,MMDU2026REG0585,MMDU,MMICTBM,CS,BCA,Cyber Security,Male,2003-01-22,24,ST,No,Bihar,Indian,6-8 LPA,10th,Farmer,Yes,No,Private,64.17,ICSE,87.04,State,Arts,72,6048,Management,0,2025-26,VI,BCA601,Final Semester,Core,4,4.49,FAC118,120,99,99,High,33,27,0.93,1,4,0.73,77,83,68,203,5,Up,55,78,61,189,76.74,B,9.1,9.27,7.2,Pass,0,5.9,6.6,6.1,No,46,No,Low,2,4,60,Kinesthetic,43,84,7,4.45,29,30,Traditional,3.86,17,38,4,4,No
586,BCA0586,MMDU2026REG0586,MMDU,MMICTBM,CS,BCA,AI,Female,2004-12-24,21,SC,Yes,Haryana,Indian,<2 LPA,10th,Business,No,Yes,NA,85.21,State,82.54,CBSE,Commerce,53,7884,Quota,2,2025-26,VI,BCA601,Final Semester,Core,4,4.17,FAC108,120,96,96,High,26,28,0.93,0,0,0.66,94,77,79,188,40,Flat,84,85,89,270,67.8,C,7.9,8.38,8.56,Pass,1,5.6,6.1,4.5,Yes,31,Yes,Low,5,2,59,Visual,85,83,18,3.63,34,69,Blended,3.57,28,10,8,1,No
587,BCA0587,MMDU2026REG0587,MMDU,MMICTBM,CS,BCA,Data Science,Male,2003-11-13,24,SC,Yes,UP,Indian,<2 LPA,Post-Graduate,Service,Yes,Yes,Govt,79.72,ICSE,64.11,CBSE,Arts,60,7798,Management,0,2025-26,VI,BCA601,Final Semester,Core,4,4.32,FAC116,120,63,63,Low,24,24,0.73,3,12,0.91,91,87,90,234,55,Flat,79,80,84,264,60.06,B,6.9,5.24,7.69,Pass,0,4.7,5.7,6.9,Yes,43,Yes,Medium,3,3,61,Auditory,66,87,5,4.87,37,65,Online,4.85,22,13,6,1,Yes
588,BCA0588,MMDU2026REG0588,MMDU,MMICTBM,CS,BCA,Data Science,Male,2005-02-14,23,SC,No,Haryana,Indian,<2 LPA,Graduate,Farmer,Yes,No,Govt,83.43,ICSE,88.29,CBSE,Arts,85,5141,Quota,0,2025-26,VI,BCA601,Final Semester,Core,4,3.39,FAC118,120,79,79,Medium,60,25,0.8,0,5,0.6,87,74,60,182,25,Flat,68,69,59,220,84.95,B+,8.6,8.47,7.04,Pass,2,4.5,6.8,5.9,Yes,48,Yes,High,1,2,69,Reading,75,50,16,3.57,30,33,Blended,4.48,9,34,2,2,Yes
589,BCA0589,MMDU2026REG0589,MMDU,MMICTBM,CS,BCA,AI,Female,2003-03-20,24,GEN,No,Haryana,Indian,4-6 LPA,Graduate,Service,No,No,Govt,60.57,State,85.76,CBSE,Science,80,1240,Merit,2,2025-26,VI,BCA601,Final Semester,Core,4,3.37,FAC118,120,71,71,Low,60,36,0.82,2,4,0.73,86,87,57,269,48,Up,55,69,63,232,69.75,A,7.2,8.13,7.26,Pass,1,6.6,6.1,2.7,No,21,No,Low,4,3,53,Kinesthetic,40,50,7,4.09,39,80,Online,4.06,18,15,4,3,Yes
590,BCA0590,MMDU2026REG0590,MMDU,MMICTBM,CS,BCA,Data Science,Female,2002-02-01,24,GEN,No,Bihar,Indian,2-4 LPA,Graduate,Teacher,Yes,Yes,Private,67.64,CBSE,83.61,State,Commerce,72,7738,Merit,2,2025-26,VI,BCA601,Final Semester,Core,4,3.84,FAC115,120,67,67,Low,40,42,0.97,5,0,0.63,67,76,73,219,30,Up,89,70,55,246,89.17,B+,6.1,5.2,6.08,Pass,1,3.8,5.1,2.5,Yes,31,Yes,Medium,1,4,52,Auditory,67,89,4,4.26,17,74,Traditional,4.28,5,18,7,2,No
591,BCA0591,MMDU2026REG0591,MMDU,MMICTBM,CS,BCA,AI,Male,2004-09-13,21,GEN,No,Bihar,Indian,<2 LPA,Post-Graduate,Service,Yes,Yes,Private,85.76,State,89.37,CBSE,Arts,76,2470,Merit,2,2025-26,VI,BCA601,Final Semester,Core,4,4.13,FAC119,120,88,88,High,27,44,0.93,2,7,0.82,60,78,73,219,30,Up,82,86,56,213,61.55,C,8.8,7.72,7.73,Pass,2,4.3,5.9,3.5,No,33,No,Low,3,5,85,Reading,68,67,16,4.45,15,34,Traditional,4.34,22,40,2,2,Yes
592,BCA0592,MMDU2026REG0592,MMDU,MMICTBM,CS,BCA,Cloud,Male,2002-11-24,22,ST,No,Haryana,Indian,6-8 LPA,Graduate,Farmer,Yes,Yes,NA,60.45,ICSE,58.22,State,Science,77,2707,Quota,1,2025-26,VI,BCA601,Final Semester,Core,4,4.13,FAC113,120,65,65,Low,47,31,0.74,0,9,0.89,65,65,55,245,13,Down,83,60,84,234,67.07,C,6.2,6.13,7.78,Pass,1,5.8,7.7,4.3,No,55,Yes,Low,1,2,87,Kinesthetic,46,54,6,4.62,16,60,Blended,4.54,18,39,1,0,No
593,BCA0593,MMDU2026REG0593,MMDU,MMICTBM,CS,BCA,AI,Male,2003-05-27,24,ST,No,UP,Indian,6-8 LPA,Post-Graduate,Business,Yes,No,Private,78.57,CBSE,85.55,CBSE,Arts,78,1009,Merit,1,2025-26,VI,BCA601,Final Semester,Core,4,3.94,FAC107,120,90,90,High,29,32,0.92,3,2,0.93,78,75,55,196,50,Flat,67,59,75,250,82.97,B,7.9,6.13,6.24,Pass,1,2.4,8,5.1,Yes,30,No,Low,4,3,74,Auditory,63,68,6,4.58,18,51,Traditional,3.9,6,20,3,1,No
594,BCA0594,MMDU2026REG0594,MMDU,MMICTBM,CS,BCA,Cloud,Female,2002-08-15,22,SC,No,Bihar,Indian,<2 LPA,Post-Graduate,Business,Yes,No,Govt,80.08,State,93.64,State,Arts,76,3241,Management,1,2025-26,VI,BCA601,Final Semester,Core,4,3.33,FAC108,120,97,97,High,38,21,0.81,2,9,0.75,74,87,60,181,44,Up,65,62,61,189,60.12,B,6.1,8.62,6.61,Pass,1,4.7,5.7,3,Yes,7,Yes,Medium,1,3,87,Visual,72,76,17,4.83,31,40,Online,4.01,23,16,3,3,Yes
595,BCA0595,MMDU2026REG0595,MMDU,MMICTBM,CS,BCA,Cyber Security,Female,2002-02-10,23,GEN,No,Haryana,Indian,<2 LPA,Graduate,Service,Yes,Yes,Govt,69.51,State,83.96,State,Commerce,84,7550,Management,0,2025-26,VI,BCA601,Final Semester,Core,4,3.69,FAC112,120,79,79,Medium,33,35,0.98,1,4,0.78,95,83,81,227,26,Up,55,65,73,220,73.77,A+,6.2,5.76,8.31,Pass,1,2.7,6.6,2.8,Yes,36,Yes,High,4,3,61,Auditory,46,51,13,4.33,31,73,Blended,4.81,9,36,9,5,Yes
596,BCA0596,MMDU2026REG0596,MMDU,MMICTBM,CS,BCA,Cloud,Female,2004-03-02,24,SC,Yes,Punjab,Indian,2-4 LPA,Post-Graduate,Business,Yes,Yes,Private,64.46,State,93.36,State,Science,85,1725,Management,0,2025-26,VI,BCA601,Final Semester,Core,4,3.16,FAC112,120,70,70,Low,52,37,0.77,4,2,0.65,80,88,89,251,58,Flat,77,84,55,234,69.2,B,9.4,6.16,8.49,Pass,1,6.7,5.7,5.8,No,11,Yes,Medium,5,2,73,Reading,69,53,16,3.79,19,73,Blended,3.95,30,38,1,1,Yes
597,BCA0597,MMDU2026REG0597,MMDU,MMICTBM,CS,BCA,Data Science,Male,2004-12-15,24,SC,No,Bihar,Indian,6-8 LPA,10th,Service,No,No,Govt,60.95,State,88,State,Commerce,58,4678,Quota,1,2025-26,VI,BCA601,Final Semester,Core,4,3.01,FAC111,120,62,62,Low,42,33,0.91,5,10,0.68,72,68,75,190,25,Flat,84,73,82,186,71.12,B+,7.5,8.17,8.59,Pass,1,5.4,5.1,3.2,No,33,Yes,High,4,2,89,Reading,53,69,9,4.22,16,52,Blended,4.38,8,33,10,2,Yes
598,BCA0598,MMDU2026REG0598,MMDU,MMICTBM,CS,BCA,AI,Male,2004-06-16,21,ST,No,Haryana,Indian,<2 LPA,10th,Teacher,Yes,Yes,Private,90.65,ICSE,89.85,CBSE,Arts,57,5414,Merit,2,2025-26,VI,BCA601,Final Semester,Core,4,3.62,FAC118,120,63,63,Low,26,35,0.88,4,0,0.9,91,76,85,219,3,Flat,84,80,62,208,73.01,A,8.9,9.22,7.11,Pass,1,3.2,7.6,6.3,No,22,No,High,4,4,82,Kinesthetic,68,69,9,4.04,24,32,Blended,4.35,15,15,0,1,No
599,BCA0599,MMDU2026REG0599,MMDU,MMICTBM,CS,BCA,Data Science,Female,2004-05-05,24,GEN,Yes,Haryana,Indian,6-8 LPA,Graduate,Farmer,No,Yes,Govt,87.7,CBSE,71.52,CBSE,Arts,74,4580,Quota,0,2025-26,VI,BCA601,Final Semester,Core,4,3.26,FAC107,120,85,85,High,31,31,0.87,4,3,0.99,83,61,57,235,5,Flat,72,67,74,261,75.04,A,8.3,9.17,7.58,Pass,2,4.6,7.7,4.4,Yes,32,No,Medium,1,4,72,Reading,70,89,14,3.73,32,49,Online,4,17,11,9,0,Yes
600,BCA0600,MMDU2026REG0600,MMDU,MMICTBM,CS,BCA,AI,Male,2004-06-30,23,OBC,Yes,Haryana,Indian,2-4 LPA,Graduate,Business,No,Yes,NA,84.53,CBSE,92.41,CBSE,Arts,85,1833,Management,0,2025-26,VI,BCA601,Final Semester,Core,4,4.37,FAC114,120,81,81,Medium,35,44,0.84,0,12,0.91,74,66,75,234,59,Down,84,87,79,239,64.23,B+,6.2,5.51,7.22,Pass,1,3.9,5.7,4.9,No,50,No,Low,5,3,52,Visual,77,83,12,4.78,16,41,Traditional,3.66,17,7,6,1,Yes
601,BCA0601,MMDU2026REG0601,MMDU,MMICTBM,CS,BCA,Cloud,Female,2002-08-24,24,ST,Yes,UP,Indian,<2 LPA,10th,Service,Yes,No,Private,76.94,State,90.35,State,Commerce,70,4629,Management,2,2025-26,VI,BCA601,Final Semester,Core,4,4.43,FAC116,120,80,80,Medium,27,22,1,3,10,0.8,61,80,71,264,49,Flat,75,72,81,196,61.16,B+,7,8.29,8.5,Pass,2,3.2,6.2,4.2,Yes,21,Yes,High,5,2,88,Visual,53,72,14,4.03,15,55,Blended,3.87,22,30,2,1,No
602,BCA0602,MMDU2026REG0602,MMDU,MMICTBM,CS,BCA,Data Science,Male,2003-07-18,24,GEN,No,Haryana,Indian,4-6 LPA,Graduate,Teacher,No,No,NA,66.81,State,91.89,CBSE,Arts,83,7440,Quota,1,2025-26,VI,BCA601,Final Semester,Core,4,3.6,FAC116,120,61,61,Low,35,27,0.96,0,10,0.8,93,78,58,228,24,Down,86,84,86,235,86.6,B,6.2,8.44,7.53,Pass,0,2.5,5.3,5,Yes,13,Yes,Medium,1,3,67,Kinesthetic,54,56,4,4.51,27,77,Online,4.75,5,27,8,4,No
603,BCA0603,MMDU2026REG0603,MMDU,MMICTBM,CS,BCA,Cloud,Male,2002-09-05,24,SC,Yes,Haryana,Indian,2-4 LPA,Post-Graduate,Teacher,No,Yes,NA,91.46,CBSE,80.52,State,Science,62,4977,Quota,1,2025-26,VI,BCA601,Final Semester,Core,4,4.35,FAC106,120,67,67,Low,33,41,0.77,3,4,0.79,75,80,72,206,38,Flat,73,86,90,245,67.1,B+,6.9,6.36,7.81,Pass,1,3.3,6.9,6.3,No,38,No,Low,5,1,64,Visual,74,77,15,3.69,20,49,Blended,4.98,18,12,4,3,Yes
604,BCA0604,MMDU2026REG0604,MMDU,MMICTBM,CS,BCA,Cyber Security,Male,2005-02-12,22,OBC,Yes,Punjab,Indian,6-8 LPA,Graduate,Farmer,Yes,No,NA,65.47,ICSE,59.57,State,Arts,60,3860,Merit,1,2025-26,VI,BCA601,Final Semester,Core,4,3.08,FAC117,120,99,99,High,33,32,0.8,4,4,0.81,85,83,64,210,25,Down,77,63,73,218,84.14,C,6.9,7.88,7.31,Pass,1,5.3,6.5,2.6,No,6,No,High,4,4,55,Kinesthetic,88,68,13,4.78,25,75,Traditional,4.3,18,13,6,3,No
605,BCA0605,MMDU2026REG0605,MMDU,MMICTBM,CS,BCA,Data Science,Female,2003-07-26,24,OBC,Yes,Bihar,Indian,<2 LPA,Post-Graduate,Service,No,No,Private,68.76,State,81.43,CBSE,Arts,64,5450,Quota,0,2025-26,VI,BCA601,Final Semester,Core,4,4.44,FAC116,120,91,91,High,60,32,0.85,2,6,0.65,83,76,60,270,40,Up,84,76,58,189,64.44,B+,6.6,6.69,7.96,Pass,1,6.1,5.3,6.5,No,19,No,Low,3,2,65,Visual,52,54,4,3.92,39,34,Traditional,4,14,33,5,5,No
606,BCA0606,MMDU2026REG0606,MMDU,MMICTBM,CS,BCA,Cyber Security,Female,2003-02-25,23,SC,Yes,Bihar,Indian,<2 LPA,Post-Graduate,Service,No,No,NA,91.32,CBSE,57.78,State,Science,57,6170,Management,0,2025-26,VI,BCA601,Final Semester,Core,4,3.92,FAC102,120,87,87,High,43,45,0.93,1,8,0.89,72,88,79,214,29,Up,87,78,67,234,79.43,A,6.2,8.83,7.66,Pass,0,3.9,5.1,2.3,Yes,36,Yes,High,4,5,56,Visual,44,80,16,3.54,33,42,Online,4.67,15,6,3,4,No
607,BCA0607,MMDU2026REG0607,MMDU,MMICTBM,CS,BCA,Cloud,Female,2004-02-22,24,SC,Yes,Punjab,Indian,2-4 LPA,Graduate,Service,Yes,No,Private,68.29,ICSE,86.65,State,Science,50,4657,Merit,1,2025-26,VI,BCA601,Final Semester,Core,4,3.11,FAC111,120,68,68,Low,28,31,0.76,1,12,0.91,62,71,78,220,23,Flat,89,84,61,194,65.28,B+,6.7,6.6,6.54,Pass,1,6,7.7,4.7,Yes,8,No,Low,5,4,61,Visual,40,87,14,3.87,40,39,Blended,4.13,25,26,6,1,Yes
608,BCA0608,MMDU2026REG0608,MMDU,MMICTBM,CS,BCA,Cloud,Female,2002-06-09,23,GEN,Yes,UP,Indian,<2 LPA,Graduate,Business,Yes,Yes,NA,89.53,State,84.78,CBSE,Commerce,89,5769,Quota,0,2025-26,VI,BCA601,Final Semester,Core,4,3.51,FAC118,120,89,89,High,58,22,0.94,3,1,0.75,65,81,72,260,10,Up,80,72,85,248,81.91,C,7.9,9.2,7.92,Pass,0,4.5,6.1,2.2,No,8,No,Medium,2,2,60,Reading,81,61,15,4.18,34,36,Blended,3.55,5,19,8,3,No
609,BCA0609,MMDU2026REG0609,MMDU,MMICTBM,CS,BCA,Cloud,Male,2003-12-28,24,GEN,No,Punjab,Indian,2-4 LPA,Graduate,Farmer,No,No,Govt,81.2,ICSE,94.23,State,Science,65,2807,Merit,2,2025-26,VI,BCA601,Final Semester,Core,4,4.46,FAC120,120,90,90,High,53,38,0.92,3,5,0.82,72,58,61,251,2,Flat,73,84,88,243,78.62,A+,8.1,7.62,6.25,Pass,2,6,6.1,6.3,No,41,No,Low,5,4,72,Kinesthetic,77,82,13,4.65,39,32,Traditional,3.72,11,14,1,0,No
610,BCA0610,MMDU2026REG0610,MMDU,MMICTBM,CS,BCA,AI,Female,2005-03-25,24,OBC,No,Haryana,Indian,4-6 LPA,Post-Graduate,Business,Yes,No,NA,76.07,ICSE,77.2,State,Science,51,4345,Management,1,2025-26,VI,BCA601,Final Semester,Core,4,3.37,FAC116,120,77,77,Medium,27,43,0.83,0,5,0.76,62,65,69,221,54,Up,71,66,57,183,63.17,B,7.7,8.06,7.76,Pass,0,7,5.1,2.8,Yes,6,No,Medium,4,5,64,Auditory,42,65,4,4.28,21,65,Online,4.2,23,17,8,4,No
611,BCA0611,MMDU2026REG0611,MMDU,MMICTBM,CS,BCA,Cyber Security,Female,2003-07-21,23,ST,No,UP,Indian,2-4 LPA,Graduate,Service,No,Yes,Govt,93.29,ICSE,63.62,CBSE,Arts,71,5430,Merit,0,2025-26,VI,BCA601,Final Semester,Core,4,3.65,FAC106,120,77,77,Medium,41,21,0.95,2,4,0.92,77,58,71,225,38,Flat,69,55,65,187,74.73,B,9.3,7.31,7.29,Pass,0,7.5,5.9,6.4,Yes,16,Yes,High,2,3,69,Visual,69,52,20,4.6,17,45,Online,4.39,19,14,8,3,No
612,BCA0612,MMDU2026REG0612,MMDU,MMICTBM,CS,BCA,Cyber Security,Male,2004-07-08,22,ST,No,Bihar,Indian,6-8 LPA,10th,Farmer,Yes,Yes,Private,71.38,CBSE,87.32,State,Science,57,2857,Merit,2,2025-26,VI,BCA601,Final Semester,Core,4,4.01,FAC103,120,96,96,High,29,44,0.97,0,12,0.88,72,64,74,248,36,Up,76,59,71,219,69.41,A,7.2,9.38,6.17,Pass,1,5.9,6.3,5.7,No,8,Yes,Low,4,2,70,Auditory,55,51,14,4.44,38,49,Online,3.84,12,34,4,4,Yes
613,BCA0613,MMDU2026REG0613,MMDU,MMICTBM,CS,BCA,Cyber Security,Female,2003-03-14,23,GEN,No,Punjab,Indian,6-8 LPA,10th,Farmer,No,No,Govt,64.45,ICSE,85.73,State,Commerce,89,6093,Quota,0,2025-26,VI,BCA601,Final Semester,Core,4,4.26,FAC114,120,79,79,Medium,23,41,0.84,1,3,0.88,78,79,64,227,60,Down,90,82,78,256,86.63,B+,9.2,8.28,7.81,Pass,2,6.1,7.1,5.1,No,48,Yes,Medium,5,2,88,Reading,42,66,20,4.35,36,43,Traditional,4.31,10,30,7,3,No
614,BCA0614,MMDU2026REG0614,MMDU,MMICTBM,CS,BCA,Cloud,Female,2005-02-18,21,SC,No,Haryana,Indian,<2 LPA,10th,Service,Yes,Yes,NA,83.44,ICSE,77.17,CBSE,Commerce,65,2894,Merit,2,2025-26,VI,BCA601,Final Semester,Core,4,3.28,FAC113,120,75,75,Medium,29,38,0.83,1,7,0.61,73,86,70,220,16,Up,85,86,59,246,73.29,A,7.4,5.52,6.21,Pass,2,4.9,5.1,2.9,No,29,Yes,Medium,5,1,75,Reading,90,49,4,4.48,31,55,Online,4.64,10,12,3,3,Yes
615,BCA0615,MMDU2026REG0615,MMDU,MMICTBM,CS,BCA,Cloud,Male,2002-02-10,22,SC,Yes,UP,Indian,4-6 LPA,Post-Graduate,Farmer,No,Yes,NA,81.17,State,88.92,State,Science,84,7984,Merit,1,2025-26,VI,BCA601,Final Semester,Core,4,4.16,FAC101,120,85,85,High,54,38,0.84,5,0,0.93,91,86,56,250,37,Down,69,61,77,245,67.99,B+,9,6.71,8.17,Pass,1,7.8,6.9,5.8,Yes,54,Yes,Medium,1,4,75,Reading,87,84,6,4.06,37,73,Blended,3.78,21,37,3,2,No
616,BCA0616,MMDU2026REG0616,MMDU,MMICTBM,CS,BCA,Data Science,Female,2002-09-03,23,SC,Yes,Bihar,Indian,<2 LPA,Post-Graduate,Business,Yes,Yes,Govt,84.96,CBSE,59.29,State,Science,88,5546,Merit,0,2025-26,VI,BCA601,Final Semester,Core,4,3.14,FAC119,120,72,72,Low,58,44,0.98,3,3,0.94,89,76,57,237,12,Flat,69,85,61,252,73.42,C,9.5,6.29,6.99,Pass,2,6,6.1,3.8,Yes,24,No,Medium,2,4,66,Visual,82,47,5,4.64,15,76,Traditional,4.37,11,12,3,0,Yes
617,BCA0617,MMDU2026REG0617,MMDU,MMICTBM,CS,BCA,AI,Male,2004-05-26,22,GEN,Yes,Haryana,Indian,2-4 LPA,Post-Graduate,Teacher,Yes,No,Govt,81.67,ICSE,56.13,State,Science,80,6043,Quota,0,2025-26,VI,BCA601,Final Semester,Core,4,3.69,FAC120,120,76,76,Medium,55,24,0.74,5,6,0.85,92,76,83,219,28,Flat,71,68,67,229,63.52,A,8.2,5.23,8.78,Pass,1,4.5,5.9,3.2,No,52,Yes,High,2,5,88,Reading,59,55,16,4.71,35,72,Online,4.05,20,32,9,4,No
618,BCA0618,MMDU2026REG0618,MMDU,MMICTBM,CS,BCA,Cyber Security,Female,2002-11-28,21,SC,No,Haryana,Indian,6-8 LPA,10th,Service,Yes,Yes,Govt,74.12,State,93.26,CBSE,Science,87,6647,Management,2,2025-26,VI,BCA601,Final Semester,Core,4,4.41,FAC116,120,95,95,High,59,33,0.95,2,2,0.96,60,60,72,215,9,Up,59,84,68,201,75.72,A,8.9,7.81,8.09,Pass,1,6.4,7.1,3.3,No,18,Yes,Low,1,1,65,Reading,47,45,20,4.17,32,55,Traditional,4.01,13,26,6,1,No
619,BCA0619,MMDU2026REG0619,MMDU,MMICTBM,CS,BCA,Cloud,Female,2003-08-08,22,GEN,No,Bihar,Indian,2-4 LPA,10th,Service,No,No,Private,80.06,ICSE,93.73,CBSE,Arts,58,4090,Management,2,2025-26,VI,BCA601,Final Semester,Core,4,4.26,FAC105,120,75,75,Medium,45,34,0.87,4,1,0.73,66,59,56,233,14,Up,83,58,86,185,66.16,C,8.7,5.48,8.48,Pass,1,3.5,5.3,3.7,Yes,46,Yes,Low,5,5,48,Reading,69,68,5,4.93,24,37,Traditional,4.47,28,32,1,2,No
620,BCA0620,MMDU2026REG0620,MMDU,MMICTBM,CS,BCA,AI,Male,2002-05-20,22,OBC,Yes,Punjab,Indian,2-4 LPA,Graduate,Service,Yes,No,Private,88.92,CBSE,56.69,CBSE,Commerce,64,5718,Quota,2,2025-26,VI,BCA601,Final Semester,Core,4,3.88,FAC104,120,99,99,High,39,44,0.77,5,2,0.96,77,78,59,202,55,Up,68,65,72,185,62.1,B+,6.3,9.1,8.71,Pass,1,4.9,5.9,5.9,Yes,9,No,High,3,4,78,Kinesthetic,68,87,12,3.87,36,56,Online,3.79,14,13,6,0,No
621,BCA0621,MMDU2026REG0621,MMDU,MMICTBM,CS,BCA,Cloud,Male,2002-12-10,22,GEN,No,Haryana,Indian,4-6 LPA,Graduate,Teacher,No,No,Private,86.73,CBSE,64.18,CBSE,Commerce,77,3815,Management,1,2025-26,VI,BCA601,Final Semester,Core,4,3.9,FAC108,120,81,81,Medium,50,43,0.92,5,9,0.71,72,64,80,251,12,Up,59,64,58,240,87.27,C,8.2,5.8,7.89,Pass,1,5.3,7.9,2.5,No,16,No,High,4,5,52,Reading,52,60,4,4.02,23,71,Blended,4.28,14,12,5,1,No
622,BCA0622,MMDU2026REG0622,MMDU,MMICTBM,CS,BCA,AI,Male,2003-10-27,23,GEN,Yes,Bihar,Indian,<2 LPA,Graduate,Service,No,No,NA,91.41,CBSE,66.21,State,Commerce,67,6455,Quota,0,2025-26,VI,BCA601,Final Semester,Core,4,3.61,FAC110,120,64,64,Low,47,20,0.85,0,3,0.92,93,89,79,261,5,Up,58,82,83,181,77.51,B+,7.6,6,6.98,Pass,0,6.5,5.2,2.8,Yes,49,No,Low,3,4,52,Visual,46,48,8,3.7,21,64,Traditional,4.47,26,29,8,5,No
623,BCA0623,MMDU2026REG0623,MMDU,MMICTBM,CS,BCA,AI,Female,2002-08-12,23,OBC,Yes,Haryana,Indian,6-8 LPA,Graduate,Business,No,Yes,Govt,91.23,CBSE,68.01,State,Arts,53,3314,Management,0,2025-26,VI,BCA601,Final Semester,Core,4,4.16,FAC108,120,67,67,Low,47,29,0.8,2,12,0.72,95,70,64,200,10,Down,71,67,64,196,63.95,C,9.4,5.71,7.39,Pass,0,5.8,7.1,2.2,Yes,8,Yes,Low,1,2,64,Auditory,89,40,11,3.76,25,65,Traditional,4.84,15,34,1,0,No
624,BCA0624,MMDU2026REG0624,MMDU,MMICTBM,CS,BCA,Data Science,Female,2002-07-30,23,ST,No,Bihar,Indian,2-4 LPA,10th,Teacher,Yes,No,NA,75.81,CBSE,90.45,State,Science,86,2291,Merit,0,2025-26,VI,BCA601,Final Semester,Core,4,3.66,FAC119,120,82,82,Medium,38,45,0.8,2,11,0.83,63,83,72,216,21,Up,80,86,58,202,69.69,A,8.8,5,8.45,Pass,1,2,7.6,6.5,No,32,No,High,1,2,76,Reading,64,78,3,3.85,19,31,Blended,3.52,22,17,2,1,Yes
625,BCA0625,MMDU2026REG0625,MMDU,MMICTBM,CS,BCA,Cyber Security,Male,2004-03-16,22,OBC,Yes,Punjab,Indian,<2 LPA,Post-Graduate,Business,No,Yes,Private,72.84,State,58.88,CBSE,Science,76,6701,Quota,1,2025-26,VI,BCA601,Final Semester,Core,4,4.14,FAC102,120,100,100,High,50,24,0.91,1,12,0.93,69,81,75,209,4,Flat,72,66,74,193,78.31,A+,7.7,5.02,7.54,Pass,0,4.5,6.5,4.2,Yes,9,No,High,1,1,40,Kinesthetic,56,81,12,4.82,23,64,Blended,3.58,6,30,2,0,Yes
626,BCA0626,MMDU2026REG0626,MMDU,MMICTBM,CS,BCA,Cyber Security,Male,2003-01-12,23,SC,No,Haryana,Indian,4-6 LPA,10th,Service,Yes,Yes,Private,73.18,State,90.85,State,Science,55,4170,Management,0,2025-26,VI,BCA601,Final Semester,Core,4,4.36,FAC115,120,93,93,High,49,33,0.81,4,0,0.81,67,78,72,261,41,Flat,70,55,55,260,65.53,B+,8.4,5.82,8.74,Pass,2,4.3,5,2.7,No,17,Yes,High,2,2,45,Kinesthetic,81,70,4,4.67,22,67,Traditional,4.03,5,10,4,4,Yes
627,BCA0627,MMDU2026REG0627,MMDU,MMICTBM,CS,BCA,Cloud,Male,2003-08-27,23,GEN,Yes,Bihar,Indian,<2 LPA,10th,Teacher,No,Yes,Govt,67.46,ICSE,76.68,State,Science,74,6254,Management,1,2025-26,VI,BCA601,Final Semester,Core,4,3.96,FAC117,120,76,76,Medium,27,40,0.84,0,10,0.99,94,78,83,250,26,Up,77,57,90,199,88.19,B,7.3,5.3,6.01,Pass,1,4,6.9,4.2,Yes,46,Yes,High,1,4,89,Visual,40,64,14,3.99,16,50,Blended,3.9,10,22,4,0,Yes
628,BCA0628,MMDU2026REG0628,MMDU,MMICTBM,CS,BCA,Cyber Security,Male,2004-08-31,24,OBC,No,Punjab,Indian,4-6 LPA,Graduate,Business,No,Yes,Private,79.6,State,84.3,CBSE,Commerce,75,1603,Merit,0,2025-26,VI,BCA601,Final Semester,Core,4,4.46,FAC120,120,70,70,Low,27,20,0.87,5,5,0.94,79,72,87,244,6,Up,60,82,65,242,88.79,B+,8.8,6.06,6.66,Pass,0,5.8,5.6,4.8,No,58,Yes,High,3,1,83,Visual,56,51,11,4.42,36,55,Blended,3.99,12,7,8,3,No
629,BCA0629,MMDU2026REG0629,MMDU,MMICTBM,CS,BCA,AI,Female,2002-07-24,24,GEN,No,Bihar,Indian,2-4 LPA,10th,Business,Yes,No,NA,61.02,ICSE,66.67,CBSE,Arts,61,1380,Quota,1,2025-26,VI,BCA601,Final Semester,Core,4,3.25,FAC101,120,61,61,Low,33,37,0.81,3,3,0.83,75,90,61,197,17,Down,62,83,86,270,85.08,A,6.1,7.03,6.81,Pass,0,2.3,7.8,2.9,Yes,16,No,High,2,5,68,Reading,83,86,18,4.3,28,76,Traditional,3.96,26,18,4,3,No
630,BCA0630,MMDU2026REG0630,MMDU,MMICTBM,CS,BCA,Cloud,Male,2002-03-12,23,SC,No,Bihar,Indian,6-8 LPA,Graduate,Business,Yes,No,Private,75.42,CBSE,58.17,State,Science,60,5727,Management,1,2025-26,VI,BCA601,Final Semester,Core,4,3.29,FAC113,120,81,81,Medium,23,45,0.75,0,9,0.94,68,57,77,257,52,Flat,63,78,87,195,86.03,B+,8.7,5.5,7.99,Pass,2,5.7,7.9,4.1,Yes,16,No,Medium,5,3,64,Kinesthetic,64,74,14,4.73,25,57,Traditional,4.53,8,8,8,2,Yes
631,BCA0631,MMDU2026REG0631,MMDU,MMICTBM,CS,BCA,Cloud,Female,2002-05-26,21,GEN,Yes,Haryana,Indian,4-6 LPA,Post-Graduate,Teacher,No,Yes,Private,83.59,State,56.26,State,Arts,61,3779,Management,1,2025-26,VI,BCA601,Final Semester,Core,4,3.55,FAC114,120,68,68,Low,37,33,0.74,0,4,0.9,67,72,84,227,46,Flat,90,84,86,236,72.73,A,7.3,6.05,8.54,Pass,2,6.9,5.6,3.8,Yes,43,No,High,2,2,45,Auditory,84,50,11,4.53,26,53,Blended,4.72,24,39,5,1,Yes
632,BCA0632,MMDU2026REG0632,MMDU,MMICTBM,CS,BCA,Cyber Security,Female,2004-04-26,23,ST,No,UP,Indian,6-8 LPA,Post-Graduate,Farmer,No,No,NA,68.82,ICSE,69.36,CBSE,Science,54,3302,Quota,2,2025-26,VI,BCA601,Final Semester,Core,4,3.38,FAC117,120,92,92,High,49,41,0.76,3,0,0.78,95,75,60,260,55,Down,58,56,86,269,62.16,B+,8.2,7.52,7.62,Pass,1,6,5.2,4.3,Yes,57,Yes,High,2,5,66,Kinesthetic,52,90,12,3.53,31,78,Traditional,3.78,25,15,4,4,No
633,BCA0633,MMDU2026REG0633,MMDU,MMICTBM,CS,BCA,Cloud,Male,2004-06-11,23,SC,No,UP,Indian,6-8 LPA,Graduate,Teacher,Yes,No,Govt,60.81,State,55.44,CBSE,Science,60,4028,Management,2,2025-26,VI,BCA601,Final Semester,Core,4,4.39,FAC119,120,99,99,High,34,24,0.82,1,8,0.87,67,83,89,233,12,Flat,70,80,80,254,64.48,B,8.4,5.49,8.81,Pass,2,6.8,7.1,3.9,No,10,No,Low,2,4,71,Visual,76,42,7,3.71,31,78,Online,4.13,29,22,9,5,Yes
634,BCA0634,MMDU2026REG0634,MMDU,MMICTBM,CS,BCA,Cyber Security,Female,2003-06-17,24,GEN,Yes,Haryana,Indian,<2 LPA,10th,Business,Yes,No,Govt,85.91,State,66.22,State,Arts,53,1734,Merit,2,2025-26,VI,BCA601,Final Semester,Core,4,3.32,FAC119,120,87,87,High,53,32,0.96,4,8,0.78,82,71,89,245,48,Down,73,73,71,250,84.2,C,9.1,7.02,6.85,Pass,2,5.8,7.9,2.1,Yes,45,No,High,1,4,46,Reading,56,51,3,3.78,19,75,Blended,4.52,14,31,3,3,No
635,BCA0635,MMDU2026REG0635,MMDU,MMICTBM,CS,BCA,Cloud,Female,2003-03-02,21,GEN,No,Punjab,Indian,6-8 LPA,10th,Service,Yes,Yes,Private,70.18,CBSE,94.8,State,Science,71,3633,Management,0,2025-26,VI,BCA601,Final Semester,Core,4,4.37,FAC101,120,70,70,Low,43,23,0.8,0,9,0.63,81,57,78,181,24,Flat,89,84,78,227,78.31,B+,7.1,9.43,6.79,Pass,1,7.1,6.9,4.7,No,28,No,Low,1,2,40,Kinesthetic,79,49,4,3.75,20,47,Online,4.74,9,6,5,0,Yes
636,BCA0636,MMDU2026REG0636,MMDU,MMICTBM,CS,BCA,AI,Female,2003-05-19,24,ST,No,Haryana,Indian,4-6 LPA,10th,Farmer,No,No,Private,66.68,CBSE,60.95,CBSE,Arts,67,2769,Merit,0,2025-26,VI,BCA601,Final Semester,Core,4,4.38,FAC104,120,93,93,High,34,24,0.83,3,3,0.74,73,62,71,205,24,Down,68,63,65,214,83.81,A+,7.2,8.26,8.73,Pass,2,6.5,7.5,2.3,No,57,No,High,3,2,44,Reading,51,68,5,4,19,72,Online,4.43,14,16,10,0,Yes
637,BCA0637,MMDU2026REG0637,MMDU,MMICTBM,CS,BCA,AI,Male,2004-02-06,24,GEN,No,Haryana,Indian,2-4 LPA,Post-Graduate,Farmer,Yes,No,Govt,67.07,State,61.5,State,Arts,88,6151,Merit,1,2025-26,VI,BCA601,Final Semester,Core,4,4.43,FAC113,120,89,89,High,44,41,0.83,1,2,0.84,77,71,87,216,35,Down,87,81,88,180,85.16,B,7.2,7.74,8.58,Pass,1,2.7,5.4,4.2,No,50,No,Medium,2,2,69,Visual,68,50,4,3.52,23,76,Traditional,4.53,18,21,2,4,Yes
638,BCA0638,MMDU2026REG0638,MMDU,MMICTBM,CS,BCA,Data Science,Male,2004-06-29,23,ST,Yes,Haryana,Indian,6-8 LPA,Graduate,Service,No,Yes,NA,79.01,CBSE,94.47,State,Arts,83,4741,Quota,2,2025-26,VI,BCA601,Final Semester,Core,4,3.44,FAC104,120,100,100,High,33,45,0.83,3,6,0.72,60,78,81,235,48,Down,71,83,60,250,60.34,C,7.3,7.4,6.29,Pass,2,3.4,5.7,3.3,No,6,No,High,4,1,46,Kinesthetic,86,40,19,4.73,35,56,Online,3.83,10,30,1,3,No
639,BCA0639,MMDU2026REG0639,MMDU,MMICTBM,CS,BCA,Cloud,Female,2004-10-24,22,GEN,No,UP,Indian,6-8 LPA,Graduate,Service,No,No,NA,74.85,State,60.18,State,Science,60,1526,Management,0,2025-26,VI,BCA601,Final Semester,Core,4,3.45,FAC106,120,88,88,High,26,38,0.94,4,1,0.76,84,81,64,202,8,Down,86,64,83,218,80.05,A+,8,9.11,8.9,Pass,0,7.2,5.9,6.6,Yes,25,No,Low,3,3,54,Reading,83,53,14,4.2,33,50,Traditional,4.83,26,8,9,5,No
640,BCA0640,MMDU2026REG0640,MMDU,MMICTBM,CS,BCA,AI,Male,2002-11-13,23,ST,Yes,Haryana,Indian,4-6 LPA,Post-Graduate,Service,Yes,No,Private,72.69,ICSE,73.73,CBSE,Arts,84,3624,Merit,2,2025-26,VI,BCA601,Final Semester,Core,4,4.01,FAC113,120,100,100,High,49,31,0.9,3,11,0.82,85,85,70,238,47,Up,64,68,65,208,62.46,A+,6,8.01,7.93,Pass,1,6.1,7.2,5,Yes,53,No,High,2,3,45,Auditory,55,67,11,4.12,33,71,Blended,4.59,7,25,7,5,Yes
641,BCA0641,MMDU2026REG0641,MMDU,MMICTBM,CS,BCA,Cyber Security,Female,2003-11-10,22,SC,Yes,UP,Indian,<2 LPA,Post-Graduate,Service,No,Yes,Private,76.16,ICSE,77.84,State,Science,52,1799,Merit,1,2025-26,VI,BCA601,Final Semester,Core,4,3.2,FAC108,120,85,85,High,23,22,0.83,0,3,0.63,82,67,81,269,20,Down,58,62,67,256,60.2,A+,8.3,8.09,6.75,Pass,2,5,6.4,4.1,Yes,20,Yes,Low,1,4,86,Visual,45,64,16,4.48,20,76,Blended,3.98,21,24,9,0,Yes
642,BCA0642,MMDU2026REG0642,MMDU,MMICTBM,CS,BCA,AI,Male,2003-10-03,21,ST,Yes,Punjab,Indian,<2 LPA,Graduate,Farmer,Yes,No,NA,64.55,ICSE,68.23,State,Arts,76,1713,Merit,2,2025-26,VI,BCA601,Final Semester,Core,4,3.55,FAC119,120,96,96,High,47,27,0.96,5,7,0.65,77,72,81,255,16,Down,88,78,59,246,60.11,C,7.5,5.12,8.91,Pass,0,4.4,6.8,3,No,24,Yes,Low,4,3,85,Reading,90,48,6,3.74,33,75,Blended,3.93,9,23,0,5,No
643,BCA0643,MMDU2026REG0643,MMDU,MMICTBM,CS,BCA,Cyber Security,Female,2004-12-10,22,OBC,No,Punjab,Indian,4-6 LPA,Graduate,Business,No,Yes,Govt,68.27,State,64.63,CBSE,Science,53,6723,Quota,2,2025-26,VI,BCA601,Final Semester,Core,4,3.26,FAC108,120,95,95,High,27,29,0.81,3,9,0.82,75,67,90,250,53,Flat,60,59,83,227,75.53,A,6.6,7.79,7.57,Pass,1,7.3,6.6,3.1,Yes,52,No,High,1,2,57,Visual,82,77,8,4.32,37,68,Traditional,4.76,22,13,10,5,Yes
644,BCA0644,MMDU2026REG0644,MMDU,MMICTBM,CS,BCA,AI,Male,2004-12-28,23,ST,Yes,Punjab,Indian,2-4 LPA,Graduate,Teacher,Yes,Yes,NA,72.7,State,60.71,State,Science,79,4933,Quota,2,2025-26,VI,BCA601,Final Semester,Core,4,3.64,FAC105,120,85,85,High,23,33,0.73,1,2,0.76,72,68,89,245,60,Up,57,82,57,238,89.53,A,8.1,5.43,6.66,Pass,0,6.4,5.6,2.6,Yes,43,Yes,Low,5,1,71,Reading,84,80,12,4.25,16,38,Blended,4.43,25,10,5,1,No
645,BCA0645,MMDU2026REG0645,MMDU,MMICTBM,CS,BCA,AI,Male,2002-12-30,22,SC,Yes,Haryana,Indian,4-6 LPA,10th,Farmer,No,Yes,NA,88.34,CBSE,58.31,State,Arts,51,2380,Management,2,2025-26,VI,BCA601,Final Semester,Core,4,4.09,FAC108,120,80,80,Medium,30,38,0.77,0,7,0.69,73,58,67,258,44,Flat,72,69,71,183,86.91,C,8.7,7.46,6.9,Pass,1,6,6.8,3.1,No,42,Yes,High,4,2,63,Auditory,58,61,10,4.7,37,72,Blended,4.8,30,16,5,2,No
646,BCA0646,MMDU2026REG0646,MMDU,MMICTBM,CS,BCA,Data Science,Male,2005-02-11,21,OBC,Yes,UP,Indian,2-4 LPA,10th,Teacher,Yes,Yes,Private,77.96,State,74.36,CBSE,Science,84,5887,Quota,1,2025-26,VI,BCA601,Final Semester,Core,4,3.36,FAC101,120,81,81,Medium,33,23,0.88,3,11,0.93,65,63,61,231,45,Up,73,71,88,258,67.94,A+,6.5,8.13,7.09,Pass,0,7.6,6.7,6,Yes,13,Yes,High,2,2,76,Kinesthetic,66,82,16,4.95,30,48,Online,4.85,24,37,0,4,Yes
647,BCA0647,MMDU2026REG0647,MMDU,MMICTBM,CS,BCA,Data Science,Male,2005-02-25,23,GEN,Yes,Haryana,Indian,<2 LPA,10th,Business,No,No,Govt,93.56,State,73.11,State,Science,76,4831,Quota,1,2025-26,VI,BCA601,Final Semester,Core,4,3.14,FAC104,120,94,94,High,35,37,0.99,4,8,0.96,90,87,69,185,16,Down,86,68,76,238,65.15,A+,7.8,8.41,7.07,Pass,0,6.3,6.3,2.2,No,59,No,High,2,3,88,Kinesthetic,78,61,4,4.99,37,33,Online,4.05,30,29,10,2,Yes
648,BCA0648,MMDU2026REG0648,MMDU,MMICTBM,CS,BCA,Data Science,Female,2004-12-18,23,SC,No,UP,Indian,2-4 LPA,Graduate,Farmer,No,No,NA,93.89,State,92.69,CBSE,Science,88,2978,Quota,0,2025-26,VI,BCA601,Final Semester,Core,4,4.33,FAC120,120,80,80,Medium,55,42,0.99,5,9,0.91,75,75,72,248,2,Down,58,55,90,196,70.15,C,7,8.04,6.17,Pass,0,3.2,6.9,4.7,Yes,21,No,Low,2,2,48,Reading,89,40,10,4.92,15,44,Online,4.96,13,9,5,1,Yes
649,BCA0649,MMDU2026REG0649,MMDU,MMICTBM,CS,BCA,Data Science,Male,2002-02-19,21,GEN,No,Punjab,Indian,4-6 LPA,Post-Graduate,Farmer,No,No,Private,92.82,ICSE,58.06,CBSE,Arts,50,4830,Quota,1,2025-26,VI,BCA601,Final Semester,Core,4,3.9,FAC102,120,72,72,Low,28,40,0.94,2,4,0.92,92,83,81,184,30,Up,60,77,81,242,66.91,B+,6.2,8.72,6.28,Pass,1,7.7,5.3,4,No,46,Yes,Medium,3,2,87,Reading,44,80,12,4.57,26,43,Traditional,4.41,6,6,1,3,No
650,BCA0650,MMDU2026REG0650,MMDU,MMICTBM,CS,BCA,AI,Female,2004-07-11,23,OBC,No,UP,Indian,2-4 LPA,10th,Service,No,Yes,Private,81.64,CBSE,80.69,State,Arts,57,6388,Merit,0,2025-26,VI,BCA601,Final Semester,Core,4,3.47,FAC107,120,67,67,Low,22,23,0.7,5,9,0.62,90,85,70,269,31,Up,81,76,64,203,64.23,B,7.8,5.93,6.89,Pass,2,2.8,7.5,4.9,No,38,Yes,Medium,5,4,45,Kinesthetic,47,84,20,3.84,29,75,Online,4.27,21,24,3,0,No
651,BCA0651,MMDU2026REG0651,MMDU,MMICTBM,CS,BCA,AI,Female,2004-10-28,22,SC,No,Haryana,Indian,6-8 LPA,Post-Graduate,Farmer,No,Yes,Govt,83.41,ICSE,63.15,State,Commerce,75,2747,Quota,2,2025-26,VI,BCA601,Final Semester,Core,4,3.55,FAC114,120,87,87,High,30,25,0.85,5,3,0.82,94,78,82,232,17,Up,76,82,80,200,76.84,A+,8.1,6.66,6.05,Pass,1,5.8,6.6,4.9,Yes,53,Yes,High,3,4,58,Kinesthetic,42,86,9,4.55,32,55,Traditional,3.93,23,13,0,4,No
652,BCA0652,MMDU2026REG0652,MMDU,MMICTBM,CS,BCA,Cloud,Male,2002-05-17,21,GEN,No,Punjab,Indian,2-4 LPA,Post-Graduate,Service,Yes,Yes,NA,94.37,ICSE,81.71,State,Arts,78,2324,Management,2,2025-26,VI,BCA601,Final Semester,Core,4,4.38,FAC104,120,80,80,Medium,34,40,0.89,0,8,0.95,89,60,85,249,37,Flat,58,75,72,237,67.7,B+,6.2,5.69,8.53,Pass,2,3,7.2,5.6,No,51,No,High,1,2,68,Kinesthetic,63,82,11,4.79,33,79,Online,4.48,25,29,4,2,Yes
653,BCA0653,MMDU2026REG0653,MMDU,MMICTBM,CS,BCA,Data Science,Male,2002-06-26,22,SC,No,UP,Indian,2-4 LPA,Post-Graduate,Service,No,No,NA,94.97,CBSE,75.88,State,Commerce,71,2480,Merit,2,2025-26,VI,BCA601,Final Semester,Core,4,3.28,FAC112,120,72,72,Low,48,40,0.83,5,9,0.62,91,64,81,182,27,Flat,83,69,87,208,60.37,B+,8.3,7.33,8.94,Pass,1,3.7,6.6,5.4,Yes,47,Yes,Low,5,1,45,Visual,46,44,7,4.8,15,51,Online,3.94,14,40,6,4,No
654,BCA0654,MMDU2026REG0654,MMDU,MMICTBM,CS,BCA,Cyber Security,Male,2004-04-23,23,GEN,Yes,Punjab,Indian,6-8 LPA,10th,Teacher,No,Yes,NA,60.13,CBSE,86.03,CBSE,Commerce,69,3466,Merit,0,2025-26,VI,BCA601,Final Semester,Core,4,4.14,FAC102,120,65,65,Low,52,21,0.88,4,5,0.89,61,65,75,249,1,Down,80,89,76,269,82.37,B+,7.9,5.73,7.98,Pass,1,4.9,7.6,5.1,No,46,Yes,Medium,1,5,52,Reading,52,68,19,3.55,16,65,Online,3.51,10,15,9,5,Yes
655,BCA0655,MMDU2026REG0655,MMDU,MMICTBM,CS,BCA,Cyber Security,Female,2002-08-09,23,SC,No,Haryana,Indian,2-4 LPA,10th,Service,Yes,No,Private,78.03,CBSE,70.34,State,Commerce,61,6975,Management,1,2025-26,VI,BCA601,Final Semester,Core,4,4.18,FAC119,120,63,63,Low,38,29,0.82,1,0,0.75,84,70,90,181,23,Flat,64,87,64,207,73.73,A+,6.9,5.8,8.62,Pass,2,6.8,5.2,3,Yes,10,Yes,Low,4,1,51,Auditory,82,70,15,3.54,31,48,Traditional,3.96,30,33,5,0,No
656,BCA0656,MMDU2026REG0656,MMDU,MMICTBM,CS,BCA,Data Science,Male,2004-02-17,21,SC,Yes,Haryana,Indian,6-8 LPA,10th,Farmer,No,No,Govt,69.94,CBSE,81.59,CBSE,Science,72,6724,Quota,0,2025-26,VI,BCA601,Final Semester,Core,4,4.12,FAC105,120,88,88,High,44,36,0.71,2,12,0.95,82,80,82,245,41,Down,72,83,86,247,74.22,C,9.2,6.96,6.58,Pass,0,5.6,5.1,6.6,No,13,No,High,2,3,89,Kinesthetic,60,50,13,3.63,25,80,Blended,4.99,28,17,8,3,Yes
657,BCA0657,MMDU2026REG0657,MMDU,MMICTBM,CS,BCA,Cyber Security,Female,2004-10-03,23,GEN,Yes,Haryana,Indian,6-8 LPA,10th,Service,Yes,Yes,NA,93.42,State,79.34,CBSE,Science,58,7609,Management,1,2025-26,VI,BCA601,Final Semester,Core,4,4.29,FAC110,120,94,94,High,60,21,0.92,0,3,0.64,67,68,68,241,6,Flat,65,76,81,188,81.64,A,8.1,8.56,6.19,Pass,1,5.9,6.8,6.7,No,53,No,Low,2,4,54,Auditory,64,49,13,3.77,24,30,Traditional,4.45,17,30,1,3,No
658,BCA0658,MMDU2026REG0658,MMDU,MMICTBM,CS,BCA,Cloud,Female,2004-09-12,23,SC,No,Punjab,Indian,2-4 LPA,Graduate,Teacher,No,Yes,NA,64.99,ICSE,59.06,State,Arts,55,3078,Quota,1,2025-26,VI,BCA601,Final Semester,Core,4,3.49,FAC105,120,78,78,Medium,44,34,0.8,3,11,0.85,92,77,57,192,48,Down,79,89,88,264,89.83,A+,6.1,5.53,7.44,Pass,1,3.1,6.9,5.2,Yes,15,Yes,Low,2,1,85,Auditory,72,87,11,3.76,36,33,Blended,4.31,20,7,0,5,Yes
659,BCA0659,MMDU2026REG0659,MMDU,MMICTBM,CS,BCA,Cloud,Female,2003-08-06,23,ST,No,Punjab,Indian,<2 LPA,Graduate,Teacher,No,No,Private,90.57,State,60.77,State,Science,56,2875,Management,0,2025-26,VI,BCA601,Final Semester,Core,4,3.32,FAC120,120,86,86,High,46,20,0.79,3,0,0.69,74,65,77,204,1,Flat,78,61,89,220,79.29,A,8.2,7.7,6.82,Pass,0,6.8,6,3.9,Yes,46,Yes,High,3,4,57,Auditory,57,69,10,4.51,36,39,Blended,4.95,27,31,2,4,Yes
660,BCA0660,MMDU2026REG0660,MMDU,MMICTBM,CS,BCA,Cloud,Female,2003-12-11,22,OBC,No,UP,Indian,<2 LPA,Post-Graduate,Service,No,Yes,NA,60.47,CBSE,69.66,State,Arts,66,3720,Quota,0,2025-26,VI,BCA601,Final Semester,Core,4,3.89,FAC106,120,88,88,High,38,42,0.77,4,10,0.65,83,77,87,180,44,Down,84,62,59,186,75.26,B,7.2,9.41,7.03,Pass,2,7.7,6.8,6.1,Yes,21,No,Low,1,2,53,Kinesthetic,70,51,20,4.73,24,30,Online,4.17,15,16,2,5,No
661,BCA0661,MMDU2026REG0661,MMDU,MMICTBM,CS,BCA,Cloud,Male,2004-07-09,22,GEN,Yes,Haryana,Indian,2-4 LPA,10th,Farmer,No,Yes,NA,64.15,State,84.47,CBSE,Science,66,5299,Merit,1,2025-26,VI,BCA601,Final Semester,Core,4,4,FAC110,120,83,83,Medium,29,38,0.99,0,1,0.7,83,55,82,208,13,Flat,67,55,79,204,86.08,B,7.5,5.05,6.97,Pass,1,7.5,6.5,6.8,No,14,No,Medium,5,1,49,Kinesthetic,76,70,14,4.25,35,43,Online,3.56,18,9,4,1,Yes
662,BCA0662,MMDU2026REG0662,MMDU,MMICTBM,CS,BCA,Cyber Security,Female,2004-11-05,22,GEN,No,Haryana,Indian,4-6 LPA,Post-Graduate,Business,Yes,Yes,Govt,88.36,CBSE,82.77,State,Commerce,62,6738,Merit,1,2025-26,VI,BCA601,Final Semester,Core,4,3.71,FAC116,120,95,95,High,31,20,0.93,1,6,0.95,73,61,76,268,21,Up,75,90,68,191,83.22,B,6.5,7.61,8,Pass,1,2.4,5.8,3.6,Yes,53,Yes,Low,1,2,66,Auditory,48,88,6,3.79,21,44,Blended,4.44,9,6,9,3,No
663,BCA0663,MMDU2026REG0663,MMDU,MMICTBM,CS,BCA,Cyber Security,Male,2003-01-09,23,SC,No,Bihar,Indian,6-8 LPA,10th,Teacher,No,Yes,NA,81.64,CBSE,80.19,State,Commerce,89,6387,Quota,2,2025-26,VI,BCA601,Final Semester,Core,4,3.88,FAC116,120,77,77,Medium,41,24,0.94,5,8,0.73,77,55,78,254,40,Up,71,56,56,218,81.5,C,7,6.73,7.94,Pass,0,5.3,7.8,6.2,Yes,11,No,Medium,5,3,43,Reading,75,62,3,4,25,43,Blended,3.96,23,27,6,4,Yes
664,BCA0664,MMDU2026REG0664,MMDU,MMICTBM,CS,BCA,Cloud,Female,2003-12-15,21,OBC,No,UP,Indian,6-8 LPA,10th,Service,Yes,Yes,NA,91.34,CBSE,81.36,CBSE,Science,74,6633,Management,0,2025-26,VI,BCA601,Final Semester,Core,4,3.64,FAC110,120,63,63,Low,23,41,0.77,4,0,0.96,64,88,60,202,10,Up,72,82,68,219,76.55,A,6.5,8.38,8.66,Pass,1,3.1,6,6.9,No,43,No,Low,3,1,70,Kinesthetic,50,59,13,4.12,29,77,Blended,3.55,9,21,8,5,Yes
665,BCA0665,MMDU2026REG0665,MMDU,MMICTBM,CS,BCA,AI,Male,2004-10-18,22,ST,Yes,Punjab,Indian,6-8 LPA,Graduate,Business,Yes,Yes,Private,94.77,ICSE,84.91,State,Arts,61,6440,Management,0,2025-26,VI,BCA601,Final Semester,Core,4,3.49,FAC110,120,81,81,Medium,58,26,0.71,3,5,0.91,60,84,84,243,25,Flat,56,87,81,258,82.45,C,7.2,6.95,6.29,Pass,2,3.1,6.4,3.9,Yes,52,No,High,5,5,40,Reading,52,84,15,4.11,31,38,Blended,4.39,21,35,3,1,Yes
666,BCA0666,MMDU2026REG0666,MMDU,MMICTBM,CS,BCA,Data Science,Male,2004-11-18,23,ST,Yes,UP,Indian,4-6 LPA,10th,Farmer,Yes,Yes,NA,67.44,ICSE,73.51,State,Commerce,71,4406,Quota,1,2025-26,VI,BCA601,Final Semester,Core,4,4.39,FAC113,120,90,90,High,47,21,0.97,2,5,0.86,91,70,85,239,1,Flat,70,88,74,222,71.02,A+,7.5,9.11,7.26,Pass,0,5.3,6.3,5.1,No,60,No,High,1,3,77,Visual,73,49,12,4.3,37,54,Traditional,4.01,30,28,5,3,No
667,BCA0667,MMDU2026REG0667,MMDU,MMICTBM,CS,BCA,Cloud,Female,2003-02-11,24,SC,Yes,Haryana,Indian,<2 LPA,Graduate,Service,Yes,Yes,NA,83.78,CBSE,58.73,CBSE,Science,83,5751,Quota,2,2025-26,VI,BCA601,Final Semester,Core,4,3.84,FAC101,120,69,69,Low,31,43,0.84,2,6,0.74,64,81,63,258,46,Flat,74,77,63,191,67.48,B,6.2,7.64,6.89,Pass,0,6.8,6.8,6,Yes,49,No,High,3,1,43,Visual,52,54,15,4.26,31,60,Online,4.79,15,31,2,3,No
668,BCA0668,MMDU2026REG0668,MMDU,MMICTBM,CS,BCA,Data Science,Female,2003-08-31,22,SC,No,Punjab,Indian,6-8 LPA,10th,Business,Yes,No,Govt,79.41,ICSE,76.72,CBSE,Arts,86,5208,Merit,2,2025-26,VI,BCA601,Final Semester,Core,4,3.68,FAC101,120,84,84,Medium,58,20,0.81,5,4,0.65,87,87,85,199,34,Flat,73,77,90,249,83.96,C,8.4,5.42,8.03,Pass,0,4.9,5.8,3.9,No,45,No,Medium,2,1,63,Visual,80,57,4,3.88,27,49,Traditional,4.93,27,9,4,4,Yes
669,BCA0669,MMDU2026REG0669,MMDU,MMICTBM,CS,BCA,AI,Female,2002-05-26,21,GEN,No,UP,Indian,2-4 LPA,Graduate,Farmer,No,Yes,Private,93.86,CBSE,82.74,State,Science,65,2572,Quota,2,2025-26,VI,BCA601,Final Semester,Core,4,3.39,FAC101,120,69,69,Low,34,38,0.91,4,0,0.75,84,55,66,182,8,Up,83,71,70,237,79.6,A+,6.1,7.16,6.79,Pass,2,7.3,6.6,3.9,Yes,16,Yes,High,3,5,62,Visual,52,74,18,4.76,39,40,Online,3.97,13,27,7,0,Yes
670,BCA0670,MMDU2026REG0670,MMDU,MMICTBM,CS,BCA,Cyber Security,Male,2003-08-25,23,ST,Yes,UP,Indian,6-8 LPA,10th,Service,Yes,Yes,NA,68.38,State,91.43,CBSE,Commerce,54,4287,Quota,1,2025-26,VI,BCA601,Final Semester,Core,4,3.29,FAC117,120,73,73,Low,58,35,0.74,5,7,0.84,82,71,58,245,34,Up,81,59,59,261,81.31,B,7.6,5.99,6.45,Pass,0,3.8,6,5.5,Yes,58,Yes,High,1,2,45,Reading,74,43,8,4.25,34,75,Blended,4,29,19,7,1,No
671,BCA0671,MMDU2026REG0671,MMDU,MMICTBM,CS,BCA,Cloud,Male,2003-03-10,24,ST,Yes,Bihar,Indian,4-6 LPA,10th,Teacher,No,No,NA,83.45,CBSE,84.63,CBSE,Commerce,88,6193,Quota,2,2025-26,VI,BCA601,Final Semester,Core,4,4.17,FAC104,120,67,67,Low,38,25,0.95,2,10,0.6,68,57,66,215,24,Up,81,63,68,256,74.89,B,7.3,8.51,8.37,Pass,0,3.7,7.7,2,Yes,37,Yes,High,4,2,74,Kinesthetic,65,66,13,4.16,30,40,Online,4.7,9,34,3,3,No
672,BCA0672,MMDU2026REG0672,MMDU,MMICTBM,CS,BCA,Cyber Security,Female,2005-03-07,23,ST,No,UP,Indian,2-4 LPA,Post-Graduate,Service,Yes,No,NA,70.86,CBSE,78.32,CBSE,Commerce,60,1593,Quota,1,2025-26,VI,BCA601,Final Semester,Core,4,4.5,FAC120,120,78,78,Medium,24,22,0.74,1,10,0.61,76,88,90,204,29,Flat,60,60,67,193,66.64,B,9.2,7.82,8.68,Pass,0,7,7.7,4.6,No,49,No,Medium,3,4,84,Visual,66,52,15,4.98,33,57,Online,4.76,11,6,5,1,Yes
673,BCA0673,MMDU2026REG0673,MMDU,MMICTBM,CS,BCA,Cloud,Male,2002-03-17,21,ST,Yes,UP,Indian,2-4 LPA,Graduate,Teacher,No,Yes,Govt,70.42,CBSE,68.16,CBSE,Arts,51,2093,Management,2,2025-26,VI,BCA601,Final Semester,Core,4,3.31,FAC119,120,84,84,Medium,31,42,0.9,4,9,0.86,71,57,75,237,35,Up,90,88,68,214,66.65,B+,6.3,7.41,7.96,Pass,2,6,6.2,5.3,Yes,58,No,High,1,5,84,Visual,56,89,9,4.85,22,41,Blended,4.76,17,15,5,5,No
674,BCA0674,MMDU2026REG0674,MMDU,MMICTBM,CS,BCA,Cloud,Female,2004-05-31,22,ST,Yes,UP,Indian,2-4 LPA,Post-Graduate,Farmer,No,No,Govt,85.66,CBSE,86.45,State,Science,56,6143,Management,0,2025-26,VI,BCA601,Final Semester,Core,4,3.78,FAC107,120,95,95,High,49,31,0.72,4,0,0.76,66,59,86,213,35,Flat,60,63,74,229,67.84,A,8.1,6.7,8.93,Pass,1,5.1,5.5,4.4,Yes,60,No,Low,3,5,44,Auditory,50,77,3,4.77,33,32,Online,4.91,29,13,4,4,Yes
675,BCA0675,MMDU2026REG0675,MMDU,MMICTBM,CS,BCA,AI,Female,2004-06-16,24,OBC,Yes,Bihar,Indian,2-4 LPA,Graduate,Service,Yes,Yes,NA,78.06,State,88.27,State,Commerce,76,7261,Merit,1,2025-26,VI,BCA601,Final Semester,Core,4,3.55,FAC102,120,75,75,Medium,28,24,0.74,1,9,0.7,71,66,56,231,13,Down,68,56,63,181,63.18,A,7.7,6.66,7.12,Pass,2,4.8,7.3,6.9,No,28,No,Medium,2,1,69,Reading,40,73,19,4.18,18,45,Blended,4.56,15,9,8,0,No
676,BCA0676,MMDU2026REG0676,MMDU,MMICTBM,CS,BCA,Cyber Security,Female,2004-03-04,22,SC,No,Haryana,Indian,<2 LPA,Graduate,Teacher,No,No,Govt,82.25,ICSE,86.97,State,Arts,78,6198,Management,0,2025-26,VI,BCA601,Final Semester,Core,4,3.75,FAC108,120,81,81,Medium,38,45,0.98,3,4,0.71,90,59,62,249,43,Flat,81,84,73,229,77.19,B+,6.4,6.33,8.91,Pass,1,3.3,6.5,2.6,No,45,Yes,Medium,4,1,52,Kinesthetic,88,83,6,3.68,20,35,Traditional,4.54,5,30,7,4,Yes
677,BCA0677,MMDU2026REG0677,MMDU,MMICTBM,CS,BCA,AI,Male,2002-03-24,23,SC,Yes,Bihar,Indian,6-8 LPA,Post-Graduate,Service,No,No,NA,76.87,ICSE,81.65,CBSE,Commerce,87,2973,Quota,1,2025-26,VI,BCA601,Final Semester,Core,4,4.17,FAC119,120,63,63,Low,48,40,0.89,3,1,0.79,79,86,63,265,27,Up,86,56,67,244,75.34,B,9.3,9.1,8.04,Pass,1,7.4,7,6.9,No,29,Yes,Low,3,5,88,Visual,65,55,5,4.14,17,72,Online,4.35,16,30,3,3,Yes
678,BCA0678,MMDU2026REG0678,MMDU,MMICTBM,CS,BCA,Data Science,Female,2002-05-03,21,GEN,Yes,Punjab,Indian,<2 LPA,10th,Farmer,Yes,Yes,Govt,89.64,CBSE,55.51,State,Arts,77,6791,Management,0,2025-26,VI,BCA601,Final Semester,Core,4,3.71,FAC110,120,83,83,Medium,44,22,0.72,3,3,0.85,77,85,84,258,27,Down,89,71,72,240,69.71,B,9.4,8.16,6.88,Pass,1,6.8,5.7,3.7,No,37,Yes,Low,3,4,70,Visual,42,44,17,4.66,32,38,Traditional,4.28,21,9,1,3,No
679,BCA0679,MMDU2026REG0679,MMDU,MMICTBM,CS,BCA,Data Science,Male,2002-09-14,22,ST,Yes,Bihar,Indian,2-4 LPA,10th,Teacher,Yes,Yes,NA,90.76,ICSE,62.9,CBSE,Arts,86,6032,Quota,1,2025-26,VI,BCA601,Final Semester,Core,4,4.12,FAC111,120,60,60,Low,58,32,0.76,5,3,0.7,84,67,81,204,46,Up,84,71,90,269,84.04,A+,8.7,9.14,8.52,Pass,0,6.7,6.4,2.8,Yes,27,No,High,2,3,79,Reading,54,63,4,3.9,23,32,Online,3.55,24,28,5,3,Yes
680,BCA0680,MMDU2026REG0680,MMDU,MMICTBM,CS,BCA,AI,Male,2002-12-27,21,GEN,No,UP,Indian,4-6 LPA,Post-Graduate,Service,No,No,Private,90.86,ICSE,74.99,CBSE,Science,84,5753,Quota,0,2025-26,VI,BCA601,Final Semester,Core,4,3.15,FAC116,120,77,77,Medium,43,25,0.77,0,4,0.99,66,79,61,236,34,Down,77,81,60,232,60.91,C,6,9.37,7.99,Pass,0,4.4,6.1,5.5,Yes,20,No,Low,1,4,50,Kinesthetic,88,53,17,4.75,18,41,Blended,4.23,9,31,7,4,Yes
681,BCA0681,MMDU2026REG0681,MMDU,MMICTBM,CS,BCA,Data Science,Male,2002-08-01,23,GEN,No,Haryana,Indian,2-4 LPA,10th,Teacher,No,No,Private,69.28,State,67.39,State,Commerce,59,4481,Merit,2,2025-26,VI,BCA601,Final Semester,Core,4,3.46,FAC103,120,90,90,High,31,24,0.97,3,8,0.65,68,56,55,259,21,Flat,59,64,74,254,89.77,A,8.1,7.82,7.51,Pass,2,7.7,7.8,2.9,No,9,No,Low,2,5,63,Kinesthetic,56,42,14,4.04,27,61,Online,3.52,20,5,2,4,No
682,BCA0682,MMDU2026REG0682,MMDU,MMICTBM,CS,BCA,Cloud,Female,2003-04-24,21,ST,Yes,Haryana,Indian,2-4 LPA,Post-Graduate,Farmer,Yes,Yes,NA,79.16,ICSE,88.92,CBSE,Commerce,82,5296,Merit,2,2025-26,VI,BCA601,Final Semester,Core,4,3.97,FAC106,120,71,71,Low,40,38,0.9,0,10,0.95,87,76,78,192,43,Down,67,76,71,237,66.93,B,8.8,5.73,8.96,Pass,0,6.5,6.7,5.6,No,52,No,High,4,1,74,Auditory,42,54,17,4.39,17,79,Traditional,4.41,5,16,2,0,No
683,BCA0683,MMDU2026REG0683,MMDU,MMICTBM,CS,BCA,AI,Female,2005-01-13,22,OBC,No,Punjab,Indian,6-8 LPA,Graduate,Farmer,No,No,NA,74.76,CBSE,80.13,CBSE,Arts,63,3939,Management,1,2025-26,VI,BCA601,Final Semester,Core,4,3.78,FAC102,120,72,72,Low,48,38,0.93,3,4,0.61,67,80,76,234,16,Down,81,80,69,198,62.11,B+,8.6,5.5,6.96,Pass,1,5.2,6.3,3.8,No,5,Yes,High,3,5,72,Auditory,42,45,4,4.02,26,46,Online,4.89,30,37,9,1,Yes
684,BCA0684,MMDU2026REG0684,MMDU,MMICTBM,CS,BCA,Data Science,Male,2002-09-28,22,ST,Yes,Bihar,Indian,<2 LPA,Post-Graduate,Teacher,Yes,Yes,Govt,83.55,State,87.92,CBSE,Science,90,5664,Quota,1,2025-26,VI,BCA601,Final Semester,Core,4,3.49,FAC120,120,85,85,High,24,23,0.91,1,2,0.92,93,74,66,205,6,Flat,57,68,86,267,62.23,A,7.9,6.91,7.13,Pass,0,6.3,5.6,2.2,Yes,25,No,High,4,2,41,Reading,83,61,17,4.92,27,54,Traditional,4.37,25,36,2,5,No
685,BCA0685,MMDU2026REG0685,MMDU,MMICTBM,CS,BCA,Cloud,Male,2002-12-07,22,OBC,Yes,Punjab,Indian,4-6 LPA,10th,Service,No,Yes,NA,93.86,State,65.95,State,Science,61,3142,Management,1,2025-26,VI,BCA601,Final Semester,Core,4,3.84,FAC101,120,61,61,Low,27,34,0.9,3,11,0.64,60,88,69,262,33,Down,80,57,66,196,71.4,C,6.3,5.46,7.44,Pass,1,6.8,7.5,5.2,Yes,46,No,Medium,2,1,86,Auditory,72,40,7,3.61,27,34,Traditional,4.1,15,25,1,4,No
686,BCA0686,MMDU2026REG0686,MMDU,MMICTBM,CS,BCA,AI,Male,2002-06-22,21,SC,No,Punjab,Indian,6-8 LPA,Graduate,Farmer,Yes,No,NA,62.02,CBSE,90.44,CBSE,Commerce,53,7536,Management,1,2025-26,VI,BCA601,Final Semester,Core,4,4.41,FAC118,120,93,93,High,41,33,0.81,3,1,0.71,72,86,83,239,15,Up,84,74,69,229,71.29,A,9.4,7.31,8.6,Pass,2,8,7.1,6.7,No,29,No,Medium,3,2,66,Reading,55,67,7,4.57,27,36,Traditional,4.37,27,35,2,5,No
687,BCA0687,MMDU2026REG0687,MMDU,MMICTBM,CS,BCA,Cyber Security,Female,2004-06-17,21,OBC,Yes,UP,Indian,6-8 LPA,Post-Graduate,Service,No,No,Govt,86.21,State,74.85,State,Commerce,52,5242,Management,1,2025-26,VI,BCA601,Final Semester,Core,4,4.32,FAC118,120,65,65,Low,57,22,0.8,3,3,0.85,69,64,58,221,56,Flat,78,88,86,258,74.76,B,9,6.16,7.73,Pass,2,3.1,7.2,6.4,Yes,6,No,Low,1,3,49,Reading,56,54,16,4.6,35,69,Online,4.45,23,38,6,4,Yes
688,BCA0688,MMDU2026REG0688,MMDU,MMICTBM,CS,BCA,Data Science,Female,2005-02-26,21,OBC,No,Haryana,Indian,4-6 LPA,Graduate,Service,Yes,No,Govt,60.73,CBSE,93.4,State,Science,64,7897,Management,2,2025-26,VI,BCA601,Final Semester,Core,4,3.18,FAC104,120,88,88,High,45,21,0.91,4,10,1,79,77,89,191,21,Flat,87,64,86,214,76.64,C,8.8,9.34,7.8,Pass,2,5,6,5.9,No,29,Yes,Low,3,4,50,Visual,47,54,7,3.7,39,52,Traditional,4.46,29,19,8,4,No
689,BCA0689,MMDU2026REG0689,MMDU,MMICTBM,CS,BCA,Cyber Security,Female,2003-05-28,23,ST,Yes,UP,Indian,4-6 LPA,Graduate,Business,Yes,No,NA,74.95,State,79.5,CBSE,Arts,52,6644,Quota,0,2025-26,VI,BCA601,Final Semester,Core,4,4.04,FAC111,120,75,75,Medium,27,26,0.8,2,7,0.73,87,73,68,185,17,Flat,86,63,78,209,69.76,C,6.8,5.52,7.78,Pass,0,5.2,6.9,7,No,31,No,High,1,4,60,Visual,73,76,4,4.77,28,67,Traditional,4.18,12,40,0,5,No
690,BCA0690,MMDU2026REG0690,MMDU,MMICTBM,CS,BCA,Cloud,Male,2002-06-06,23,GEN,No,Bihar,Indian,2-4 LPA,10th,Teacher,No,Yes,NA,82.88,State,66.5,CBSE,Arts,75,3587,Management,2,2025-26,VI,BCA601,Final Semester,Core,4,3.02,FAC110,120,60,60,Low,49,42,0.84,0,5,0.8,93,69,75,261,23,Down,84,88,83,262,89.13,B+,6.6,6.44,7.42,Pass,2,2,6.3,3,Yes,30,No,Medium,1,1,57,Visual,70,66,17,4.19,40,67,Traditional,3.89,23,26,4,1,Yes
691,BCA0691,MMDU2026REG0691,MMDU,MMICTBM,CS,BCA,AI,Female,2004-07-06,21,ST,Yes,Bihar,Indian,6-8 LPA,10th,Teacher,Yes,Yes,Govt,61.35,ICSE,90.52,CBSE,Commerce,69,7881,Management,1,2025-26,VI,BCA601,Final Semester,Core,4,4.08,FAC114,120,97,97,High,27,29,1,4,8,0.69,65,89,73,258,54,Flat,75,84,62,233,78.62,A+,8.8,6.17,7.48,Pass,2,2.7,5.5,5.3,No,55,Yes,Medium,2,1,87,Reading,82,53,18,3.82,23,65,Online,3.73,18,22,3,2,No
692,BCA0692,MMDU2026REG0692,MMDU,MMICTBM,CS,BCA,Cyber Security,Female,2002-01-17,24,OBC,No,Bihar,Indian,4-6 LPA,Graduate,Teacher,No,No,Govt,78.89,State,76.65,State,Commerce,79,4262,Merit,1,2025-26,VI,BCA601,Final Semester,Core,4,4.03,FAC104,120,88,88,High,49,29,0.88,0,6,0.81,89,60,69,237,13,Up,66,68,80,244,61.12,C,9.4,5.2,6.58,Pass,1,6.2,6.7,2.7,No,6,No,Medium,4,2,45,Auditory,55,87,13,4.77,28,46,Online,3.88,8,30,2,5,Yes
693,BCA0693,MMDU2026REG0693,MMDU,MMICTBM,CS,BCA,Cyber Security,Female,2004-05-22,24,ST,Yes,UP,Indian,4-6 LPA,10th,Teacher,No,Yes,NA,77.46,State,66.87,CBSE,Arts,80,5017,Merit,2,2025-26,VI,BCA601,Final Semester,Core,4,3.3,FAC119,120,94,94,High,42,29,0.89,1,2,0.68,74,68,85,269,43,Up,83,56,83,219,89.9,A+,6.8,7.6,6.63,Pass,2,5.2,7.5,5.6,No,21,No,Low,1,2,84,Kinesthetic,55,74,11,4.59,29,40,Blended,3.68,9,7,0,0,Yes
694,BCA0694,MMDU2026REG0694,MMDU,MMICTBM,CS,BCA,Data Science,Female,2003-09-09,22,SC,No,UP,Indian,<2 LPA,Graduate,Service,Yes,Yes,Govt,83.98,CBSE,62.23,State,Arts,89,6724,Merit,0,2025-26,VI,BCA601,Final Semester,Core,4,4.28,FAC111,120,66,66,Low,34,25,1,3,5,0.73,64,60,61,180,27,Down,56,64,70,270,73.93,C,6.2,5.25,8.43,Pass,1,3.5,6.6,3.6,No,46,Yes,Low,4,3,51,Kinesthetic,71,64,3,4.87,36,53,Online,3.6,11,26,4,3,Yes
695,BCA0695,MMDU2026REG0695,MMDU,MMICTBM,CS,BCA,Cyber Security,Male,2002-11-24,22,ST,No,Bihar,Indian,4-6 LPA,Post-Graduate,Business,Yes,No,NA,69.16,ICSE,78.39,State,Arts,76,1330,Management,1,2025-26,VI,BCA601,Final Semester,Core,4,3.93,FAC111,120,75,75,Medium,27,33,0.75,0,1,0.94,87,82,60,267,25,Up,87,64,78,204,68.86,B,6.8,7.6,7.8,Pass,1,4.1,6.2,5.5,Yes,30,No,Medium,2,5,40,Auditory,84,73,16,3.93,24,74,Online,4.71,7,25,1,3,Yes
696,BCA0696,MMDU2026REG0696,MMDU,MMICTBM,CS,BCA,Cloud,Male,2004-06-26,23,GEN,Yes,Punjab,Indian,<2 LPA,10th,Business,Yes,Yes,Private,91.54,State,78.75,State,Commerce,87,2746,Merit,2,2025-26,VI,BCA601,Final Semester,Core,4,3.54,FAC117,120,65,65,Low,28,38,0.75,4,7,0.95,66,87,73,263,28,Flat,55,85,62,258,79.11,A+,7.7,6.46,7.72,Pass,0,6.5,5.7,4.4,No,45,Yes,Medium,4,4,53,Auditory,70,82,3,4.73,24,61,Traditional,4.03,11,30,5,5,No
697,BCA0697,MMDU2026REG0697,MMDU,MMICTBM,CS,BCA,Cyber Security,Female,2002-05-25,21,SC,Yes,Punjab,Indian,<2 LPA,10th,Farmer,No,Yes,Govt,77.81,ICSE,70.4,State,Arts,67,6564,Management,0,2025-26,VI,BCA601,Final Semester,Core,4,4.48,FAC115,120,69,69,Low,46,34,0.77,0,3,0.96,70,73,65,262,29,Flat,58,85,82,262,64.36,B,7.5,9.46,6.92,Pass,2,6.3,7.3,6.4,No,26,No,Medium,5,1,56,Kinesthetic,72,90,3,3.89,22,47,Online,4.64,23,22,10,1,No
698,BCA0698,MMDU2026REG0698,MMDU,MMICTBM,CS,BCA,Cloud,Female,2002-05-09,24,SC,Yes,Haryana,Indian,6-8 LPA,Graduate,Teacher,No,No,NA,78.87,CBSE,65.39,State,Arts,83,5827,Quota,0,2025-26,VI,BCA601,Final Semester,Core,4,3.36,FAC118,120,84,84,Medium,60,45,1,4,7,0.98,94,63,57,182,28,Flat,56,79,79,212,89.53,B+,6.4,5.75,7.35,Pass,2,7.3,6.1,2.7,No,50,No,High,2,3,71,Visual,47,84,5,4.05,29,33,Blended,4.51,16,39,9,1,Yes
699,BCA0699,MMDU2026REG0699,MMDU,MMICTBM,CS,BCA,AI,Female,2004-01-27,21,OBC,No,Bihar,Indian,4-6 LPA,Graduate,Farmer,No,Yes,Private,74.42,State,84.04,State,Arts,88,3029,Merit,2,2025-26,VI,BCA601,Final Semester,Core,4,3.2,FAC110,120,81,81,Medium,25,45,0.9,2,12,0.76,68,73,82,191,25,Down,63,84,70,200,63.09,C,7.1,6.96,6.18,Pass,2,2.2,5.5,5.7,Yes,57,Yes,Low,4,3,62,Auditory,54,44,15,3.8,40,66,Traditional,4.73,23,37,8,0,Yes
700,BCA0700,MMDU2026REG0700,MMDU,MMICTBM,CS,BCA,Data Science,Male,2004-10-19,23,ST,No,Bihar,Indian,2-4 LPA,Graduate,Teacher,Yes,No,NA,74.01,ICSE,55.25,State,Science,80,2821,Quota,2,2025-26,VI,BCA601,Final Semester,Core,4,3.28,FAC120,120,96,96,High,36,32,0.73,5,11,0.63,92,89,84,232,36,Flat,58,86,60,204,72.83,B,6.2,7.79,6.54,Pass,0,6.9,6.8,2.1,No,55,Yes,High,5,1,42,Reading,64,84,11,4.05,39,58,Blended,4.3,18,24,4,0,Yes
701,BCA0701,MMDU2026REG0701,MMDU,MMICTBM,CS,BCA,Cyber Security,Male,2003-05-12,23,SC,Yes,Haryana,Indian,4-6 LPA,Post-Graduate,Service,No,No,NA,80.05,State,77.54,State,Arts,52,6498,Quota,2,2025-26,VI,BCA601,Final Semester,Core,4,4.35,FAC108,120,73,73,Low,34,34,0.92,4,5,0.96,60,55,66,251,41,Down,69,79,67,184,80.17,C,6.1,7.74,8.48,Pass,0,2.9,5.2,3.8,No,12,Yes,Medium,1,1,76,Kinesthetic,43,88,11,4.01,22,63,Traditional,4.16,24,25,10,5,No
702,BCA0702,MMDU2026REG0702,MMDU,MMICTBM,CS,BCA,Data Science,Male,2003-09-14,24,ST,No,Haryana,Indian,6-8 LPA,Post-Graduate,Teacher,Yes,Yes,Private,92.7,ICSE,58.91,State,Science,86,1051,Management,0,2025-26,VI,BCA601,Final Semester,Core,4,4.04,FAC108,120,68,68,Low,44,35,0.94,5,9,0.88,94,58,60,252,27,Flat,76,77,78,264,74,C,6.6,6.29,8.13,Pass,2,3.8,7.4,3.2,Yes,16,Yes,Medium,2,2,54,Kinesthetic,84,42,7,3.76,18,64,Traditional,4.73,30,33,1,3,No
703,BCA0703,MMDU2026REG0703,MMDU,MMICTBM,CS,BCA,Data Science,Male,2003-07-05,22,ST,No,Punjab,Indian,4-6 LPA,10th,Business,Yes,Yes,Govt,88.98,CBSE,86.27,CBSE,Science,86,5907,Merit,2,2025-26,VI,BCA601,Final Semester,Core,4,3.58,FAC104,120,92,92,High,38,23,0.73,0,12,0.87,93,87,82,212,25,Down,57,74,60,268,65.33,B+,7.5,6.49,6.94,Pass,0,6.3,7.4,5.3,Yes,35,No,High,5,4,41,Auditory,69,58,6,4.43,23,30,Traditional,3.83,17,39,5,5,No
704,BCA0704,MMDU2026REG0704,MMDU,MMICTBM,CS,BCA,AI,Male,2003-07-12,22,OBC,No,Haryana,Indian,<2 LPA,10th,Teacher,Yes,Yes,Govt,74.11,State,64.79,State,Science,89,1940,Merit,2,2025-26,VI,BCA601,Final Semester,Core,4,3.67,FAC115,120,99,99,High,56,41,0.72,0,3,0.73,74,87,71,190,37,Flat,69,82,65,264,79.07,B+,8.7,5.52,8.23,Pass,2,2.2,6.7,5.6,Yes,20,Yes,Medium,4,2,58,Auditory,79,74,10,4.18,37,42,Online,4.01,22,22,10,3,Yes
705,BCA0705,MMDU2026REG0705,MMDU,MMICTBM,CS,BCA,AI,Female,2004-05-18,22,SC,No,Bihar,Indian,2-4 LPA,Post-Graduate,Business,No,Yes,Govt,68.97,CBSE,73.4,CBSE,Arts,88,5580,Management,2,2025-26,VI,BCA601,Final Semester,Core,4,3.74,FAC101,120,85,85,High,51,36,0.74,1,0,0.92,67,82,88,194,19,Up,78,55,79,198,64.02,A+,6.7,7.55,7.56,Pass,1,6.6,6.1,5.4,Yes,46,No,High,1,4,90,Auditory,89,69,4,4.03,28,33,Traditional,4.99,12,31,10,5,No
706,BCA0706,MMDU2026REG0706,MMDU,MMICTBM,CS,BCA,Cyber Security,Female,2004-04-12,21,OBC,Yes,Haryana,Indian,6-8 LPA,Graduate,Business,Yes,Yes,Govt,93.42,ICSE,87.52,State,Science,82,2641,Quota,0,2025-26,VI,BCA601,Final Semester,Core,4,3.29,FAC118,120,71,71,Low,47,44,0.77,5,7,0.98,85,78,86,252,56,Up,61,82,55,258,79.48,A,9.4,6.45,7.27,Pass,1,6,6.3,4.3,Yes,43,Yes,Low,3,5,65,Auditory,88,43,11,4.42,32,74,Traditional,4.29,7,35,6,5,No
707,BCA0707,MMDU2026REG0707,MMDU,MMICTBM,CS,BCA,Cloud,Male,2003-08-14,22,OBC,Yes,Punjab,Indian,2-4 LPA,10th,Business,Yes,No,Private,74.25,CBSE,88.29,State,Arts,72,2261,Quota,0,2025-26,VI,BCA601,Final Semester,Core,4,3.73,FAC102,120,100,100,High,50,41,0.95,1,1,0.64,81,67,63,247,13,Up,90,63,65,237,78.22,A,8.2,7.3,6.1,Pass,0,4.3,5.4,4.2,No,53,Yes,Low,4,5,54,Reading,50,79,16,4.75,19,54,Online,4.99,22,33,2,0,No
708,BCA0708,MMDU2026REG0708,MMDU,MMICTBM,CS,BCA,Data Science,Female,2002-12-09,24,OBC,Yes,Bihar,Indian,2-4 LPA,Post-Graduate,Service,No,No,NA,69.98,ICSE,90.64,State,Science,51,7714,Management,2,2025-26,VI,BCA601,Final Semester,Core,4,3.47,FAC108,120,86,86,High,48,20,0.83,5,6,0.99,86,56,74,245,6,Down,86,86,78,215,69.41,B+,8,5.43,8.28,Pass,1,6.8,5.2,2.5,Yes,21,Yes,Medium,4,4,71,Reading,72,73,8,4.9,32,52,Online,3.93,20,11,9,5,Yes
709,BCA0709,MMDU2026REG0709,MMDU,MMICTBM,CS,BCA,Cloud,Male,2004-02-14,24,OBC,No,UP,Indian,2-4 LPA,Graduate,Business,Yes,Yes,Govt,77.36,ICSE,65.62,CBSE,Science,81,3581,Management,0,2025-26,VI,BCA601,Final Semester,Core,4,4.42,FAC104,120,90,90,High,60,38,0.99,2,9,0.68,66,66,84,190,42,Up,69,66,74,245,87.15,B,7.4,7.66,7.79,Pass,2,7.5,5.8,5.9,Yes,24,No,High,2,4,65,Visual,70,64,14,4.1,26,34,Online,4.41,26,8,3,0,No
710,BCA0710,MMDU2026REG0710,MMDU,MMICTBM,CS,BCA,Data Science,Female,2002-10-08,22,ST,Yes,Bihar,Indian,2-4 LPA,Post-Graduate,Farmer,Yes,No,NA,82.26,CBSE,56.71,CBSE,Commerce,79,4262,Management,0,2025-26,VI,BCA601,Final Semester,Core,4,4.47,FAC108,120,97,97,High,32,40,0.9,2,11,0.66,63,70,74,258,53,Up,76,81,74,207,82.83,A+,8.1,8.54,6.94,Pass,2,3.6,7.2,6.4,No,42,Yes,Low,2,2,59,Reading,65,57,16,4.54,34,34,Blended,4.35,9,15,1,1,No
711,BCA0711,MMDU2026REG0711,MMDU,MMICTBM,CS,BCA,Cloud,Female,2003-01-19,24,GEN,No,Haryana,Indian,<2 LPA,10th,Service,Yes,Yes,Private,68.67,State,62.96,CBSE,Commerce,90,3692,Quota,0,2025-26,VI,BCA601,Final Semester,Core,4,4.41,FAC111,120,80,80,Medium,33,30,0.74,1,12,0.93,72,89,90,251,15,Down,66,61,66,221,80.63,B,6,5.59,8.57,Pass,0,2.7,5.8,2.2,No,20,Yes,High,4,4,60,Auditory,84,63,13,3.51,29,38,Online,4.7,23,25,8,5,Yes
712,BCA0712,MMDU2026REG0712,MMDU,MMICTBM,CS,BCA,Cloud,Female,2004-01-18,22,OBC,No,UP,Indian,4-6 LPA,10th,Business,Yes,Yes,Private,66.82,State,68.15,State,Arts,86,5581,Quota,0,2025-26,VI,BCA601,Final Semester,Core,4,3.96,FAC104,120,74,74,Low,32,28,0.85,2,11,0.99,91,80,79,192,60,Down,58,76,89,246,72.06,B+,8,7.23,6.21,Pass,2,6,6.6,5.7,No,12,No,High,2,1,50,Reading,64,80,7,4.74,39,69,Blended,4.54,21,29,6,2,No
713,BCA0713,MMDU2026REG0713,MMDU,MMICTBM,CS,BCA,Cyber Security,Male,2004-10-09,24,SC,Yes,Punjab,Indian,2-4 LPA,Post-Graduate,Teacher,No,No,NA,63.4,ICSE,63.52,CBSE,Science,90,7047,Management,1,2025-26,VI,BCA601,Final Semester,Core,4,3.53,FAC102,120,79,79,Medium,31,33,0.82,0,10,0.69,72,56,67,200,8,Flat,82,78,83,197,62.05,A,8.9,9.48,8.11,Pass,2,6.1,6.4,2.8,Yes,27,No,Medium,5,3,81,Visual,40,46,15,4.86,38,64,Blended,4.73,10,37,10,2,Yes
714,BCA0714,MMDU2026REG0714,MMDU,MMICTBM,CS,BCA,Cloud,Female,2002-12-17,22,ST,No,Bihar,Indian,2-4 LPA,Post-Graduate,Service,Yes,No,Govt,83.99,ICSE,78.73,CBSE,Science,68,4645,Quota,0,2025-26,VI,BCA601,Final Semester,Core,4,3.3,FAC113,120,63,63,Low,27,27,0.71,3,7,0.62,93,59,77,251,55,Down,89,73,61,241,64.95,C,8.3,6.39,6.52,Pass,2,3.4,7.7,4.9,No,60,Yes,High,3,5,57,Kinesthetic,89,51,16,4.78,22,47,Blended,4.7,10,36,4,2,No
715,BCA0715,MMDU2026REG0715,MMDU,MMICTBM,CS,BCA,Data Science,Male,2003-04-22,21,OBC,No,Haryana,Indian,2-4 LPA,Graduate,Service,Yes,No,NA,85.38,State,91.4,CBSE,Science,90,6855,Merit,2,2025-26,VI,BCA601,Final Semester,Core,4,3.07,FAC105,120,67,67,Low,30,34,0.83,3,10,0.95,62,88,59,254,28,Flat,64,55,86,259,83.81,C,6.8,6.22,7.49,Pass,1,4,8,6.9,No,60,Yes,High,5,4,72,Auditory,88,71,10,3.54,16,66,Blended,3.57,23,36,10,1,Yes
716,BCA0716,MMDU2026REG0716,MMDU,MMICTBM,CS,BCA,Cloud,Female,2002-03-05,24,OBC,Yes,UP,Indian,<2 LPA,Post-Graduate,Farmer,No,No,Govt,64.51,ICSE,88.86,State,Commerce,59,6331,Quota,0,2025-26,VI,BCA601,Final Semester,Core,4,3.88,FAC113,120,74,74,Low,26,35,0.73,3,5,0.72,78,66,57,233,29,Flat,69,73,79,240,65.49,A,8.3,5.14,6.34,Pass,0,4,7.6,2.9,Yes,50,Yes,Medium,1,1,60,Reading,41,68,10,3.78,32,36,Blended,4.2,6,10,6,5,Yes
717,BCA0717,MMDU2026REG0717,MMDU,MMICTBM,CS,BCA,AI,Female,2004-11-11,23,SC,No,Bihar,Indian,6-8 LPA,Post-Graduate,Business,Yes,No,NA,80.37,ICSE,57.72,CBSE,Arts,64,6823,Merit,2,2025-26,VI,BCA601,Final Semester,Core,4,4.24,FAC104,120,87,87,High,29,40,0.73,0,11,0.75,63,70,82,182,1,Up,89,78,64,257,83.8,A,6.5,8.52,6.17,Pass,1,4.1,6.8,5.6,No,43,Yes,High,5,1,89,Reading,84,68,7,4.89,21,39,Blended,3.89,23,33,1,4,Yes
718,BCA0718,MMDU2026REG0718,MMDU,MMICTBM,CS,BCA,Cloud,Female,2004-02-18,24,GEN,Yes,Punjab,Indian,<2 LPA,10th,Teacher,No,Yes,NA,88.64,ICSE,71.63,CBSE,Commerce,85,2939,Management,2,2025-26,VI,BCA601,Final Semester,Core,4,4.08,FAC107,120,67,67,Low,59,29,0.86,1,8,0.95,77,72,66,197,1,Down,74,87,71,217,82.16,A+,8.1,6.36,6.81,Pass,0,4.3,6.3,2.5,No,29,No,Medium,4,5,80,Auditory,60,80,4,3.99,19,35,Blended,4.02,18,26,8,0,No
719,BCA0719,MMDU2026REG0719,MMDU,MMICTBM,CS,BCA,Cyber Security,Female,2004-07-01,21,SC,No,UP,Indian,2-4 LPA,10th,Farmer,No,No,Private,60.56,CBSE,55.55,CBSE,Arts,72,2226,Merit,0,2025-26,VI,BCA601,Final Semester,Core,4,3.09,FAC101,120,64,64,Low,41,43,0.93,1,6,0.92,92,89,73,212,7,Flat,66,73,85,223,61.02,B+,9.1,8.04,7.36,Pass,1,5.9,5.5,2.1,No,38,No,Medium,4,3,46,Kinesthetic,54,71,10,3.58,18,61,Online,4.22,11,12,3,2,No
720,BCA0720,MMDU2026REG0720,MMDU,MMICTBM,CS,BCA,Cloud,Male,2003-05-17,24,OBC,Yes,Haryana,Indian,6-8 LPA,Post-Graduate,Service,Yes,No,Private,74.18,ICSE,81.58,State,Arts,65,7398,Merit,0,2025-26,VI,BCA601,Final Semester,Core,4,3.95,FAC120,120,75,75,Medium,58,37,0.97,0,5,0.85,67,87,88,270,50,Flat,63,85,79,201,84.24,B,6.2,9.43,6.39,Pass,2,5.5,5.3,5.5,No,46,No,High,5,1,90,Reading,74,58,19,3.74,24,54,Traditional,4.67,24,25,0,5,No
721,BCA0721,MMDU2026REG0721,MMDU,MMICTBM,CS,BCA,Cyber Security,Male,2002-01-15,21,SC,No,Haryana,Indian,<2 LPA,10th,Farmer,No,Yes,NA,69.32,ICSE,67.56,State,Arts,69,6245,Quota,0,2025-26,VI,BCA601,Final Semester,Core,4,3.86,FAC114,120,82,82,Medium,20,43,0.7,3,7,0.85,69,89,61,206,40,Flat,64,58,87,225,85.84,A,8.3,5.88,7.46,Pass,2,7.8,6.2,5.2,No,21,Yes,High,2,2,51,Auditory,80,71,3,4.76,20,40,Online,3.67,17,19,4,5,Yes
722,BCA0722,MMDU2026REG0722,MMDU,MMICTBM,CS,BCA,AI,Male,2004-08-17,24,ST,No,Punjab,Indian,2-4 LPA,Graduate,Service,No,No,NA,73.69,CBSE,57.39,CBSE,Commerce,54,1819,Management,0,2025-26,VI,BCA601,Final Semester,Core,4,3.32,FAC115,120,61,61,Low,21,38,0.94,5,11,0.96,87,61,86,252,41,Down,70,83,61,217,62.27,A,6.1,7.51,8.17,Pass,2,3.3,7.8,3.8,Yes,21,Yes,High,3,4,52,Kinesthetic,61,42,19,4.08,29,54,Online,3.53,27,26,10,4,No
723,BCA0723,MMDU2026REG0723,MMDU,MMICTBM,CS,BCA,Cloud,Female,2003-11-10,21,SC,Yes,Punjab,Indian,4-6 LPA,10th,Farmer,No,Yes,Private,64.01,ICSE,71.36,CBSE,Science,57,4956,Quota,2,2025-26,VI,BCA601,Final Semester,Core,4,3.28,FAC109,120,73,73,Low,56,27,0.9,1,9,0.66,79,71,57,215,22,Down,83,90,56,186,84.41,B+,6.4,6.32,7.64,Pass,0,5.3,6.7,5.4,Yes,7,No,High,4,1,52,Auditory,50,42,7,3.62,37,65,Traditional,4.57,18,22,8,4,No
724,BCA0724,MMDU2026REG0724,MMDU,MMICTBM,CS,BCA,Cloud,Female,2005-03-03,24,SC,No,Punjab,Indian,<2 LPA,Graduate,Service,No,No,Govt,65.73,ICSE,73.96,State,Science,79,6399,Merit,1,2025-26,VI,BCA601,Final Semester,Core,4,3.69,FAC118,120,65,65,Low,39,35,0.99,3,12,0.74,92,70,64,193,17,Down,79,67,66,253,80.71,B,7.2,7.35,6.73,Pass,1,6.4,7.9,6.2,Yes,25,No,Low,1,1,63,Reading,82,46,5,4.5,15,46,Traditional,4.33,24,21,2,2,Yes
725,BCA0725,MMDU2026REG0725,MMDU,MMICTBM,CS,BCA,Cloud,Male,2004-03-31,21,GEN,No,Bihar,Indian,<2 LPA,Post-Graduate,Teacher,No,Yes,NA,72.19,State,78.1,State,Arts,56,7667,Merit,1,2025-26,VI,BCA601,Final Semester,Core,4,3.73,FAC113,120,80,80,Medium,47,25,0.97,4,5,0.95,62,57,58,209,6,Up,61,87,59,251,81.79,B+,7.1,7.26,6.83,Pass,0,7,5.3,4.8,No,18,No,Low,2,3,72,Auditory,43,74,16,3.71,24,60,Blended,4.12,16,40,8,1,No
726,BCA0726,MMDU2026REG0726,MMDU,MMICTBM,CS,BCA,Cloud,Female,2003-08-27,23,OBC,Yes,Haryana,Indian,4-6 LPA,10th,Farmer,Yes,Yes,Govt,69.73,State,91.86,CBSE,Commerce,78,1842,Quota,2,2025-26,VI,BCA601,Final Semester,Core,4,4.35,FAC110,120,76,76,Medium,49,27,0.96,0,1,0.78,85,85,78,194,50,Flat,80,83,84,261,73.62,C,9.1,5.63,6.8,Pass,0,7.4,7.5,5.4,Yes,53,No,Medium,2,1,45,Reading,54,87,19,4.84,26,72,Online,4.14,26,25,3,1,No
727,BCA0727,MMDU2026REG0727,MMDU,MMICTBM,CS,BCA,Cloud,Female,2004-06-12,23,GEN,No,Bihar,Indian,6-8 LPA,Post-Graduate,Farmer,Yes,Yes,NA,90.08,State,77.1,CBSE,Science,62,5407,Merit,2,2025-26,VI,BCA601,Final Semester,Core,4,4.32,FAC117,120,92,92,High,35,26,0.83,0,12,0.68,74,61,90,207,11,Flat,62,64,56,239,78.35,A+,6.2,7.65,8.63,Pass,2,5.7,5,6.7,Yes,25,Yes,Low,2,1,61,Kinesthetic,75,81,18,4.64,25,37,Blended,4.04,22,23,6,5,No
728,BCA0728,MMDU2026REG0728,MMDU,MMICTBM,CS,BCA,Cloud,Male,2003-09-14,21,OBC,Yes,Bihar,Indian,<2 LPA,Post-Graduate,Service,No,Yes,Private,94.63,CBSE,78.19,CBSE,Arts,65,4473,Quota,0,2025-26,VI,BCA601,Final Semester,Core,4,3.35,FAC119,120,95,95,High,41,35,0.93,5,7,0.81,63,62,59,232,56,Flat,60,74,59,188,84.05,A,6.3,6.35,8.96,Pass,1,6.6,7.1,4.3,Yes,25,No,Low,5,2,77,Visual,54,72,12,3.84,21,64,Online,4.06,28,39,4,2,No
729,BCA0729,MMDU2026REG0729,MMDU,MMICTBM,CS,BCA,Data Science,Male,2002-02-20,22,ST,Yes,Haryana,Indian,<2 LPA,Graduate,Service,No,No,NA,73.58,State,92.64,CBSE,Science,51,3071,Management,0,2025-26,VI,BCA601,Final Semester,Core,4,3.96,FAC114,120,69,69,Low,39,24,0.83,0,7,0.62,85,76,60,188,49,Flat,90,79,80,182,61.5,A+,6.9,8.39,7.78,Pass,0,5.6,7.9,5.2,Yes,7,Yes,Medium,3,4,76,Auditory,56,48,11,3.52,23,39,Traditional,3.66,30,18,1,3,No
730,BCA0730,MMDU2026REG0730,MMDU,MMICTBM,CS,BCA,Cloud,Female,2004-05-03,21,ST,No,Bihar,Indian,4-6 LPA,Post-Graduate,Service,No,No,NA,84.98,State,88.26,State,Commerce,55,6525,Merit,0,2025-26,VI,BCA601,Final Semester,Core,4,3.48,FAC116,120,60,60,Low,37,43,0.8,0,0,0.83,62,68,80,198,24,Flat,88,88,83,269,65.74,A,6.5,9.38,6.29,Pass,1,4.6,5.3,2.8,Yes,33,Yes,Medium,1,1,61,Kinesthetic,85,50,13,4.02,35,41,Traditional,4.43,28,11,2,1,No
731,BCA0731,MMDU2026REG0731,MMDU,MMICTBM,CS,BCA,Cyber Security,Female,2005-03-11,24,GEN,No,UP,Indian,4-6 LPA,10th,Farmer,Yes,Yes,Private,91.33,CBSE,86.83,CBSE,Science,54,1919,Merit,1,2025-26,VI,BCA601,Final Semester,Core,4,3.12,FAC109,120,73,73,Low,36,30,0.9,4,6,0.63,79,61,67,256,13,Up,74,85,80,269,63.46,B+,9,9.24,7.67,Pass,0,6.7,7.4,5.6,Yes,58,No,Medium,3,4,80,Visual,62,88,15,4.89,38,44,Online,4.57,28,8,4,2,Yes
732,BCA0732,MMDU2026REG0732,MMDU,MMICTBM,CS,BCA,Cyber Security,Female,2002-04-19,21,OBC,Yes,Haryana,Indian,4-6 LPA,10th,Service,No,Yes,Private,91.68,ICSE,79.18,State,Commerce,60,1679,Merit,2,2025-26,VI,BCA601,Final Semester,Core,4,3.42,FAC105,120,71,71,Low,59,41,0.95,0,12,0.73,82,57,85,244,42,Down,58,82,63,223,84.63,C,7.8,8.16,7.05,Pass,0,3.4,7.4,5.4,Yes,53,Yes,High,4,1,86,Kinesthetic,66,43,20,4.56,23,46,Traditional,4.22,21,16,6,3,No
733,BCA0733,MMDU2026REG0733,MMDU,MMICTBM,CS,BCA,AI,Female,2004-05-17,24,GEN,Yes,Bihar,Indian,6-8 LPA,10th,Business,Yes,Yes,NA,90.38,CBSE,72.56,State,Commerce,65,7658,Management,0,2025-26,VI,BCA601,Final Semester,Core,4,4.39,FAC109,120,91,91,High,52,29,0.76,0,12,0.72,79,63,86,208,26,Flat,77,83,78,197,78.54,A,9.1,5.8,6.36,Pass,0,2.3,6,4.6,No,44,Yes,Medium,2,1,56,Visual,80,89,5,4.34,31,62,Traditional,3.6,24,11,4,4,Yes
734,BCA0734,MMDU2026REG0734,MMDU,MMICTBM,CS,BCA,Cyber Security,Male,2002-04-21,23,ST,Yes,Punjab,Indian,4-6 LPA,Graduate,Service,Yes,No,NA,69.96,ICSE,61.71,State,Arts,79,7402,Quota,0,2025-26,VI,BCA601,Final Semester,Core,4,4.19,FAC113,120,95,95,High,55,32,0.8,4,3,0.8,91,70,71,219,51,Flat,76,66,89,233,74.12,B+,9,8.53,6.37,Pass,1,7.9,7.4,6.7,No,36,Yes,Low,4,4,67,Kinesthetic,74,40,10,3.85,25,77,Traditional,3.6,22,33,10,5,Yes
735,BCA0735,MMDU2026REG0735,MMDU,MMICTBM,CS,BCA,Cloud,Female,2002-03-29,23,OBC,No,Bihar,Indian,2-4 LPA,Post-Graduate,Farmer,No,No,Govt,82.78,State,90.1,CBSE,Arts,58,5787,Merit,0,2025-26,VI,BCA601,Final Semester,Core,4,3.49,FAC106,120,64,64,Low,48,30,0.89,3,8,0.74,84,85,62,201,59,Down,76,90,90,212,85.77,B+,7.7,7.02,8.83,Pass,1,2.1,7.2,4.1,Yes,39,No,Medium,5,4,88,Reading,87,66,13,4.35,15,60,Traditional,4.06,16,20,4,5,No
736,BCA0736,MMDU2026REG0736,MMDU,MMICTBM,CS,BCA,Data Science,Male,2004-04-04,23,ST,Yes,Punjab,Indian,4-6 LPA,10th,Service,No,Yes,Private,65.34,ICSE,86.57,State,Arts,70,6498,Quota,2,2025-26,VI,BCA601,Final Semester,Core,4,3.49,FAC112,120,70,70,Low,43,31,0.9,1,3,0.72,80,58,63,236,17,Down,84,65,84,214,86.27,B,7.7,5.4,7.28,Pass,1,6.8,5.7,6.2,Yes,39,Yes,High,5,4,42,Auditory,73,54,10,3.51,33,52,Blended,4.21,29,21,5,0,Yes
737,BCA0737,MMDU2026REG0737,MMDU,MMICTBM,CS,BCA,AI,Female,2002-12-04,21,SC,Yes,UP,Indian,<2 LPA,10th,Farmer,Yes,Yes,Private,83.04,ICSE,56.48,CBSE,Arts,80,1274,Management,1,2025-26,VI,BCA601,Final Semester,Core,4,3.03,FAC113,120,68,68,Low,39,27,0.91,1,9,0.95,77,62,63,222,27,Up,85,79,59,194,74.36,B,6.4,5.65,8.81,Pass,2,4.4,7.5,3.4,No,20,No,Low,1,1,83,Auditory,84,57,3,4.36,29,77,Online,4.53,17,37,7,2,Yes
738,BCA0738,MMDU2026REG0738,MMDU,MMICTBM,CS,BCA,Cyber Security,Female,2004-10-31,24,GEN,Yes,UP,Indian,<2 LPA,Post-Graduate,Business,Yes,No,Govt,80.06,ICSE,59.38,State,Arts,51,5134,Management,2,2025-26,VI,BCA601,Final Semester,Core,4,4.24,FAC101,120,79,79,Medium,57,42,0.88,4,9,0.87,91,74,89,233,58,Flat,76,55,85,206,77.28,C,9,6.59,7.57,Pass,0,7.6,5.4,4,No,42,No,Medium,4,5,61,Visual,61,83,13,4.4,40,54,Traditional,3.67,8,34,9,0,Yes
739,BCA0739,MMDU2026REG0739,MMDU,MMICTBM,CS,BCA,Cloud,Female,2002-08-23,22,SC,Yes,UP,Indian,<2 LPA,Graduate,Teacher,No,No,Govt,87.2,State,92.14,State,Arts,90,1539,Merit,1,2025-26,VI,BCA601,Final Semester,Core,4,4.08,FAC102,120,98,98,High,23,20,0.78,3,5,0.62,76,86,74,234,29,Down,73,69,77,235,72.03,A,6.6,5.67,6.97,Pass,2,4.2,7.3,6.3,Yes,43,No,Low,1,3,46,Kinesthetic,87,49,12,4.6,29,55,Traditional,4.07,19,15,10,3,Yes
740,BCA0740,MMDU2026REG0740,MMDU,MMICTBM,CS,BCA,Cyber Security,Female,2003-12-06,22,SC,Yes,UP,Indian,2-4 LPA,Graduate,Service,No,No,Govt,72.35,CBSE,93.92,State,Arts,56,1372,Merit,2,2025-26,VI,BCA601,Final Semester,Core,4,3.5,FAC116,120,65,65,Low,31,30,0.86,5,1,0.8,63,83,61,263,15,Up,60,86,85,258,77.13,A+,7.8,5.6,8.61,Pass,1,2.6,6.1,4.8,No,13,Yes,High,2,2,52,Visual,82,81,3,4.83,36,75,Online,4.32,6,10,8,5,No
741,BCA0741,MMDU2026REG0741,MMDU,MMICTBM,CS,BCA,Data Science,Male,2005-02-25,23,OBC,Yes,Haryana,Indian,4-6 LPA,Graduate,Teacher,Yes,Yes,NA,84.18,ICSE,70.45,State,Science,79,4718,Merit,2,2025-26,VI,BCA601,Final Semester,Core,4,3.73,FAC119,120,93,93,High,47,39,0.79,2,4,0.78,62,88,87,227,58,Up,59,65,65,234,80.65,B+,6.2,7.66,7.89,Pass,2,5.2,6.9,4.9,No,29,Yes,Low,4,2,72,Visual,59,51,14,4.38,40,49,Blended,4.58,11,18,5,4,Yes
742,BCA0742,MMDU2026REG0742,MMDU,MMICTBM,CS,BCA,Cloud,Female,2004-07-22,22,SC,Yes,Haryana,Indian,<2 LPA,Post-Graduate,Business,Yes,No,NA,68.98,ICSE,59.73,State,Science,89,7320,Merit,1,2025-26,VI,BCA601,Final Semester,Core,4,3.97,FAC101,120,74,74,Low,36,39,0.87,5,7,0.92,60,62,59,234,51,Up,90,73,86,192,70.61,B+,7.5,6.69,8.16,Pass,2,6.4,5.7,4.8,No,14,No,High,3,1,66,Kinesthetic,67,56,8,3.82,31,79,Traditional,4.35,29,20,10,0,No
743,BCA0743,MMDU2026REG0743,MMDU,MMICTBM,CS,BCA,Cloud,Male,2002-02-06,23,ST,No,Bihar,Indian,6-8 LPA,10th,Farmer,No,Yes,NA,91.15,CBSE,88.68,CBSE,Commerce,85,7497,Merit,0,2025-26,VI,BCA601,Final Semester,Core,4,3.7,FAC115,120,81,81,Medium,20,36,0.87,2,9,0.97,77,84,58,256,32,Up,87,55,88,239,74.04,B+,8.1,9.07,7.35,Pass,1,5,6.6,4.4,Yes,13,Yes,High,1,3,88,Visual,87,63,6,4.54,18,45,Blended,4.5,18,25,3,3,No
744,BCA0744,MMDU2026REG0744,MMDU,MMICTBM,CS,BCA,Data Science,Female,2004-04-28,22,OBC,Yes,Bihar,Indian,2-4 LPA,10th,Teacher,Yes,Yes,Private,64.97,State,83.69,CBSE,Arts,60,1257,Merit,1,2025-26,VI,BCA601,Final Semester,Core,4,4.26,FAC111,120,68,68,Low,36,21,0.88,4,4,0.93,71,62,68,259,39,Up,70,66,64,248,79.67,B,8.3,8.1,8.89,Pass,0,4.2,7.5,4.9,No,20,Yes,Medium,2,5,90,Reading,52,67,18,4.31,36,53,Online,4.41,28,10,6,4,Yes
745,BCA0745,MMDU2026REG0745,MMDU,MMICTBM,CS,BCA,Data Science,Male,2002-04-29,21,GEN,No,Bihar,Indian,6-8 LPA,Graduate,Farmer,Yes,Yes,NA,87.5,CBSE,75.53,CBSE,Arts,81,5717,Quota,1,2025-26,VI,BCA601,Final Semester,Core,4,4,FAC101,120,71,71,Low,52,28,0.72,1,10,0.82,73,63,84,256,30,Down,71,58,64,241,72.73,B+,8,9.01,7.57,Pass,2,4.6,6.2,3.1,Yes,39,No,Medium,1,2,52,Reading,67,80,12,3.76,36,42,Online,3.73,5,9,9,2,No
746,BCA0746,MMDU2026REG0746,MMDU,MMICTBM,CS,BCA,AI,Female,2004-12-09,23,GEN,No,Bihar,Indian,4-6 LPA,Post-Graduate,Teacher,Yes,Yes,Private,69.67,State,66.92,CBSE,Commerce,70,3106,Merit,1,2025-26,VI,BCA601,Final Semester,Core,4,4.02,FAC119,120,71,71,Low,54,27,0.98,4,3,0.83,88,87,80,227,59,Flat,58,55,90,245,82.82,C,7.1,8.14,7.52,Pass,1,2.2,7.5,4.6,No,52,Yes,High,1,4,84,Reading,49,41,3,3.51,37,65,Blended,3.59,22,33,1,1,No
747,BCA0747,MMDU2026REG0747,MMDU,MMICTBM,CS,BCA,Cloud,Female,2005-02-18,22,ST,No,Haryana,Indian,6-8 LPA,Graduate,Teacher,No,Yes,NA,84.28,CBSE,82.59,CBSE,Commerce,67,6286,Merit,0,2025-26,VI,BCA601,Final Semester,Core,4,3.56,FAC103,120,90,90,High,59,35,0.77,3,10,0.61,66,55,72,197,60,Down,79,60,57,267,82.73,B,6.5,9.08,7.04,Pass,2,5.5,5.9,4.5,No,50,No,Low,1,5,79,Visual,82,66,11,3.6,21,40,Blended,4.58,21,39,6,5,Yes
748,BCA0748,MMDU2026REG0748,MMDU,MMICTBM,CS,BCA,AI,Male,2003-10-05,22,OBC,Yes,UP,Indian,4-6 LPA,Post-Graduate,Farmer,No,Yes,Private,93.21,ICSE,66.33,CBSE,Science,57,1728,Management,0,2025-26,VI,BCA601,Final Semester,Core,4,4.03,FAC109,120,85,85,High,34,23,0.89,1,8,0.72,68,64,63,270,33,Flat,76,60,87,268,61.5,A,7.4,7.64,7.21,Pass,2,2.5,6.5,2.3,Yes,55,Yes,Medium,3,2,48,Auditory,90,76,20,4.19,22,55,Traditional,4.35,8,10,8,5,No
749,BCA0749,MMDU2026REG0749,MMDU,MMICTBM,CS,BCA,Data Science,Male,2002-12-18,21,OBC,No,Haryana,Indian,4-6 LPA,Graduate,Farmer,Yes,Yes,NA,79.95,State,79.6,CBSE,Science,51,7653,Quota,1,2025-26,VI,BCA601,Final Semester,Core,4,3.86,FAC120,120,62,62,Low,51,31,0.97,3,9,0.91,66,66,55,254,31,Flat,89,64,86,233,73.83,B,8.9,9.46,6.65,Pass,1,3.4,8,2.3,Yes,27,No,Medium,1,4,49,Visual,72,58,16,3.71,20,78,Blended,3.92,25,27,7,3,No
750,BCA0750,MMDU2026REG0750,MMDU,MMICTBM,CS,BCA,Cyber Security,Female,2003-01-25,24,OBC,No,Bihar,Indian,4-6 LPA,Post-Graduate,Service,Yes,Yes,Private,70.33,CBSE,62.91,State,Science,69,7462,Management,2,2025-26,VI,BCA601,Final Semester,Core,4,3.27,FAC107,120,87,87,High,35,26,0.88,5,11,0.97,82,60,81,256,18,Down,90,83,87,230,80.61,C,6.7,6.13,7.28,Pass,1,5.6,7.2,6.2,No,52,No,High,5,2,85,Visual,71,88,4,4.2,18,31,Online,4.57,25,33,7,0,No
751,BCA0751,MMDU2026REG0751,MMDU,MMICTBM,CS,BCA,Cyber Security,Female,2002-12-04,23,OBC,No,UP,Indian,<2 LPA,Post-Graduate,Teacher,Yes,Yes,Private,82.51,ICSE,69.39,State,Commerce,76,5305,Quota,0,2025-26,VI,BCA601,Final Semester,Core,4,3.25,FAC110,120,98,98,High,46,28,0.71,0,8,0.82,95,63,85,247,57,Down,57,79,85,263,78.49,A,6.5,5.33,8.31,Pass,2,7.5,5.7,4.7,Yes,59,No,High,5,1,63,Reading,90,57,8,4.23,34,75,Blended,4.85,26,14,7,3,Yes
752,BCA0752,MMDU2026REG0752,MMDU,MMICTBM,CS,BCA,AI,Female,2002-07-15,22,OBC,Yes,UP,Indian,2-4 LPA,10th,Teacher,No,Yes,Govt,85.4,ICSE,70.39,CBSE,Commerce,69,1172,Management,1,2025-26,VI,BCA601,Final Semester,Core,4,4.13,FAC105,120,86,86,High,35,42,0.92,5,1,0.67,63,88,76,197,8,Flat,78,73,90,231,76.58,B,9.5,5.05,6.78,Pass,2,7.8,5.1,3.7,Yes,28,No,High,5,3,86,Reading,77,52,6,3.52,18,58,Traditional,4.47,6,27,3,4,Yes
753,BCA0753,MMDU2026REG0753,MMDU,MMICTBM,CS,BCA,Cloud,Male,2002-05-11,21,ST,No,Punjab,Indian,4-6 LPA,Post-Graduate,Service,No,No,Govt,91.87,State,64.65,CBSE,Arts,74,2016,Merit,1,2025-26,VI,BCA601,Final Semester,Core,4,3.95,FAC119,120,82,82,Medium,22,24,0.7,0,4,0.66,65,76,66,239,41,Down,73,80,60,255,74.89,B+,8.8,5.62,6.7,Pass,0,3.5,5.8,3.6,Yes,52,Yes,Low,1,2,60,Visual,43,44,14,3.91,29,38,Blended,3.62,17,32,7,0,Yes
754,BCA0754,MMDU2026REG0754,MMDU,MMICTBM,CS,BCA,Cloud,Female,2004-03-31,22,GEN,No,Bihar,Indian,2-4 LPA,Graduate,Teacher,Yes,Yes,Private,82.01,CBSE,74.84,State,Science,86,5297,Merit,1,2025-26,VI,BCA601,Final Semester,Core,4,3.81,FAC119,120,81,81,Medium,28,44,0.82,3,6,0.62,79,73,87,199,48,Flat,65,82,59,262,84.38,B,7.1,7.07,7.2,Pass,1,3.5,5.3,3.2,Yes,55,No,Low,2,2,62,Reading,85,59,13,4.88,29,35,Online,4.21,17,21,3,2,No
755,BCA0755,MMDU2026REG0755,MMDU,MMICTBM,CS,BCA,Cyber Security,Male,2004-06-30,23,OBC,No,Haryana,Indian,<2 LPA,Post-Graduate,Farmer,No,Yes,NA,61.75,ICSE,60.97,CBSE,Science,78,6578,Management,0,2025-26,VI,BCA601,Final Semester,Core,4,3.88,FAC106,120,67,67,Low,53,45,0.7,4,9,0.75,92,65,87,207,4,Flat,74,88,84,259,75.65,A+,7.9,7.19,7.92,Pass,0,2.9,7.1,3.5,No,20,No,Medium,5,1,74,Auditory,50,77,14,3.7,30,76,Traditional,3.97,8,31,8,5,Yes
756,BCA0756,MMDU2026REG0756,MMDU,MMICTBM,CS,BCA,Data Science,Female,2004-04-12,21,GEN,Yes,Haryana,Indian,2-4 LPA,10th,Farmer,Yes,Yes,Govt,77.81,State,55.85,State,Arts,66,7584,Management,2,2025-26,VI,BCA601,Final Semester,Core,4,3.71,FAC114,120,61,61,Low,47,29,0.74,5,2,0.78,70,59,66,241,46,Flat,62,81,63,219,88.94,A,7.5,5.54,7.84,Pass,2,4.2,6.8,4.9,No,44,Yes,High,5,3,85,Kinesthetic,72,42,15,4.71,23,41,Online,3.52,9,6,4,5,Yes
757,BCA0757,MMDU2026REG0757,MMDU,MMICTBM,CS,BCA,Cyber Security,Male,2003-07-25,22,SC,No,UP,Indian,4-6 LPA,10th,Farmer,No,No,Govt,61.03,ICSE,78.5,State,Arts,84,3195,Merit,2,2025-26,VI,BCA601,Final Semester,Core,4,3.82,FAC115,120,79,79,Medium,37,36,0.79,1,5,0.66,83,55,76,224,39,Flat,87,81,84,242,75.98,B+,7.9,8.52,6.97,Pass,2,2.2,5.8,2.3,Yes,58,Yes,Low,4,2,60,Kinesthetic,41,56,9,3.61,35,77,Blended,4.15,27,33,6,5,Yes
758,BCA0758,MMDU2026REG0758,MMDU,MMICTBM,CS,BCA,AI,Male,2004-08-10,24,ST,Yes,Punjab,Indian,<2 LPA,Graduate,Business,No,No,Private,79.96,CBSE,82.23,CBSE,Arts,71,1412,Merit,0,2025-26,VI,BCA601,Final Semester,Core,4,4.47,FAC109,120,79,79,Medium,49,33,0.89,3,0,0.93,66,76,59,239,24,Up,66,77,65,270,86.21,C,8.9,5.78,8.89,Pass,0,7.7,5.9,5.1,Yes,45,Yes,Medium,2,3,53,Reading,90,83,19,4.3,28,52,Blended,4.44,25,9,6,5,Yes
759,BCA0759,MMDU2026REG0759,MMDU,MMICTBM,CS,BCA,Cyber Security,Male,2003-12-01,23,SC,No,Punjab,Indian,2-4 LPA,10th,Service,Yes,No,Govt,74.06,State,55.7,CBSE,Commerce,69,4729,Merit,1,2025-26,VI,BCA601,Final Semester,Core,4,4.35,FAC113,120,96,96,High,42,45,0.91,3,5,0.76,88,77,86,253,45,Down,81,86,57,209,63.61,C,7.8,6.31,8.34,Pass,2,3.7,7,6.9,No,59,No,Medium,5,2,71,Auditory,82,74,5,4.26,17,71,Blended,4.33,16,31,0,1,No
760,BCA0760,MMDU2026REG0760,MMDU,MMICTBM,CS,BCA,Cyber Security,Male,2003-11-06,22,SC,No,Haryana,Indian,6-8 LPA,Post-Graduate,Teacher,No,Yes,NA,77.04,State,55.01,CBSE,Science,54,6556,Management,2,2025-26,VI,BCA601,Final Semester,Core,4,3.81,FAC117,120,77,77,Medium,24,28,0.94,1,9,0.97,90,67,58,248,29,Flat,66,80,64,252,75.91,B,8.1,7.46,6.5,Pass,1,5,7.4,2.9,No,56,No,Medium,2,5,79,Visual,49,64,9,3.68,35,77,Traditional,4.24,17,40,7,3,Yes
761,BCA0761,MMDU2026REG0761,MMDU,MMICTBM,CS,BCA,AI,Male,2002-03-15,22,SC,Yes,Punjab,Indian,2-4 LPA,Post-Graduate,Farmer,No,No,Private,85.35,CBSE,87.16,State,Arts,60,6234,Merit,0,2025-26,VI,BCA601,Final Semester,Core,4,3.67,FAC114,120,68,68,Low,56,44,0.73,2,6,0.87,78,71,67,235,37,Down,70,82,56,194,68.4,C,7,8.06,7.41,Pass,0,5.3,5.9,4,Yes,49,No,Low,3,4,58,Kinesthetic,90,52,13,4.2,32,45,Traditional,4.44,17,13,4,0,No
762,BCA0762,MMDU2026REG0762,MMDU,MMICTBM,CS,BCA,Cloud,Female,2003-07-11,23,OBC,No,Punjab,Indian,2-4 LPA,10th,Teacher,No,Yes,Govt,89.45,CBSE,56.55,CBSE,Commerce,89,4271,Quota,0,2025-26,VI,BCA601,Final Semester,Core,4,3.3,FAC104,120,84,84,Medium,60,28,0.8,4,6,0.66,66,61,56,258,47,Up,78,78,90,193,73.48,A,7.8,7.92,7.37,Pass,1,5.5,5.8,6,Yes,40,Yes,Low,5,4,65,Reading,65,51,4,4.66,38,71,Online,4.26,15,34,1,4,No
763,BCA0763,MMDU2026REG0763,MMDU,MMICTBM,CS,BCA,AI,Male,2004-01-01,22,GEN,No,Bihar,Indian,6-8 LPA,10th,Service,No,Yes,NA,90.8,CBSE,81.19,CBSE,Science,62,1401,Management,1,2025-26,VI,BCA601,Final Semester,Core,4,4.27,FAC103,120,86,86,High,35,35,0.97,4,10,0.83,89,87,69,262,31,Down,61,55,55,245,82.89,A,8.1,9.29,8.49,Pass,1,7.6,6.7,6,Yes,10,No,Low,2,1,71,Auditory,51,48,14,3.86,26,43,Traditional,4.96,10,10,10,4,Yes
764,BCA0764,MMDU2026REG0764,MMDU,MMICTBM,CS,BCA,Cyber Security,Female,2004-02-02,21,SC,Yes,Punjab,Indian,<2 LPA,Post-Graduate,Farmer,Yes,Yes,NA,80.37,ICSE,93.5,CBSE,Commerce,56,2149,Management,2,2025-26,VI,BCA601,Final Semester,Core,4,3.13,FAC119,120,85,85,High,20,26,0.84,3,12,0.84,84,65,74,261,45,Flat,77,59,70,239,77.55,B,7.4,6.64,7.85,Pass,1,2,5.4,3.9,Yes,48,No,High,2,4,70,Reading,49,49,16,4.43,23,31,Blended,4.86,24,18,8,4,Yes
765,BCA0765,MMDU2026REG0765,MMDU,MMICTBM,CS,BCA,AI,Male,2002-09-28,21,ST,No,UP,Indian,6-8 LPA,Post-Graduate,Farmer,No,No,Private,70.27,State,73.77,State,Arts,61,5337,Management,0,2025-26,VI,BCA601,Final Semester,Core,4,3.48,FAC109,120,82,82,Medium,46,21,0.96,4,6,0.97,87,67,73,195,2,Up,72,82,85,207,74.74,B,8.6,5.14,7,Pass,0,6.5,7.6,4.5,No,48,Yes,Medium,4,1,59,Kinesthetic,44,67,8,4.46,33,63,Blended,4.87,22,31,4,0,No
766,BCA0766,MMDU2026REG0766,MMDU,MMICTBM,CS,BCA,AI,Female,2004-03-02,23,GEN,No,Haryana,Indian,4-6 LPA,Post-Graduate,Business,No,No,Private,71.69,State,58.62,State,Commerce,54,4589,Management,0,2025-26,VI,BCA601,Final Semester,Core,4,3.51,FAC113,120,76,76,Medium,53,20,0.7,0,0,0.67,79,75,79,218,20,Up,65,84,82,204,85.5,C,8.6,9.04,8.43,Pass,0,7,7.3,5.3,Yes,53,Yes,Low,4,1,51,Reading,43,59,13,4.87,17,38,Online,4.35,17,12,6,0,No
767,BCA0767,MMDU2026REG0767,MMDU,MMICTBM,CS,BCA,Data Science,Male,2005-03-30,21,GEN,Yes,Bihar,Indian,6-8 LPA,Graduate,Service,Yes,Yes,Govt,75.21,ICSE,63.68,CBSE,Commerce,90,4357,Merit,1,2025-26,VI,BCA601,Final Semester,Core,4,3.46,FAC103,120,76,76,Medium,35,42,0.76,2,7,0.6,68,63,55,251,10,Flat,81,86,57,189,81.19,B,6.9,6.85,8.1,Pass,0,2.9,5.7,3.5,No,31,Yes,Low,2,5,45,Reading,51,55,8,3.52,17,55,Blended,4.08,12,9,3,5,Yes
768,BCA0768,MMDU2026REG0768,MMDU,MMICTBM,CS,BCA,Data Science,Female,2004-10-20,24,ST,No,Punjab,Indian,2-4 LPA,10th,Business,Yes,No,Govt,61.46,State,64.39,State,Arts,61,2623,Merit,0,2025-26,VI,BCA601,Final Semester,Core,4,3.12,FAC107,120,95,95,High,53,45,0.76,5,9,0.7,81,70,55,241,19,Down,79,70,80,248,80.42,A,7.5,7.67,7.35,Pass,2,4.3,7.2,4,No,19,No,Medium,4,2,64,Kinesthetic,57,41,16,3.75,28,67,Blended,4.66,16,19,6,2,No
769,BCA0769,MMDU2026REG0769,MMDU,MMICTBM,CS,BCA,Data Science,Female,2002-06-18,23,GEN,Yes,Punjab,Indian,<2 LPA,Post-Graduate,Teacher,No,Yes,Private,60.12,ICSE,75.5,CBSE,Science,53,1479,Merit,2,2025-26,VI,BCA601,Final Semester,Core,4,4,FAC103,120,75,75,Medium,42,37,0.91,5,4,0.81,65,90,57,229,5,Down,81,64,84,238,86.91,B+,6.5,8.23,8.51,Pass,0,4.3,7.4,4.1,No,5,Yes,Medium,1,2,61,Kinesthetic,60,84,15,4.5,23,55,Online,4.93,18,27,9,3,No
770,BCA0770,MMDU2026REG0770,MMDU,MMICTBM,CS,BCA,Data Science,Female,2002-01-19,22,SC,No,UP,Indian,6-8 LPA,10th,Teacher,Yes,No,Private,62.05,State,84.36,State,Arts,69,7996,Management,1,2025-26,VI,BCA601,Final Semester,Core,4,3.22,FAC112,120,67,67,Low,27,45,0.89,0,7,0.68,80,84,71,255,32,Up,78,78,88,221,73.92,A,8.2,8.23,7.41,Pass,1,7.9,7.2,5.9,No,48,No,Medium,1,4,83,Kinesthetic,72,46,13,4.81,21,47,Traditional,4.03,15,15,3,1,No
771,BCA0771,MMDU2026REG0771,MMDU,MMICTBM,CS,BCA,Cyber Security,Female,2005-02-05,22,GEN,Yes,Haryana,Indian,2-4 LPA,Graduate,Teacher,Yes,No,Govt,86.95,CBSE,85.29,CBSE,Science,56,3298,Quota,2,2025-26,VI,BCA601,Final Semester,Core,4,4.12,FAC105,120,73,73,Low,54,42,0.71,0,0,0.75,94,69,89,213,15,Down,73,61,77,190,60.11,B+,7.8,7.05,8.23,Pass,2,5.7,7.9,2.1,Yes,42,Yes,Low,3,2,42,Kinesthetic,81,90,20,4.21,17,60,Traditional,4.56,21,25,0,5,Yes
772,BCA0772,MMDU2026REG0772,MMDU,MMICTBM,CS,BCA,Cyber Security,Female,2003-05-23,23,SC,Yes,Haryana,Indian,4-6 LPA,Post-Graduate,Service,Yes,Yes,Private,91.35,CBSE,79.07,CBSE,Arts,55,5378,Merit,2,2025-26,VI,BCA601,Final Semester,Core,4,3.62,FAC104,120,79,79,Medium,48,42,0.91,3,4,0.64,67,73,70,255,60,Flat,85,67,84,198,77.59,B+,6.4,9.39,7.34,Pass,2,7.7,5.4,3,Yes,31,No,High,4,3,80,Visual,61,77,10,3.99,24,33,Blended,3.74,9,6,2,5,Yes
773,BCA0773,MMDU2026REG0773,MMDU,MMICTBM,CS,BCA,Data Science,Male,2004-03-27,23,ST,No,UP,Indian,6-8 LPA,Graduate,Teacher,Yes,Yes,Govt,70.44,CBSE,58.17,CBSE,Science,65,6593,Quota,1,2025-26,VI,BCA601,Final Semester,Core,4,4.28,FAC118,120,71,71,Low,47,24,0.77,4,0,0.95,60,77,56,233,14,Down,77,64,80,182,83.26,B,7.8,6.48,6.7,Pass,2,2.3,7.8,6,Yes,47,No,Low,5,4,63,Auditory,65,67,10,3.6,36,46,Online,3.92,14,24,7,0,No
774,BCA0774,MMDU2026REG0774,MMDU,MMICTBM,CS,BCA,Cyber Security,Female,2002-08-02,21,OBC,Yes,Punjab,Indian,6-8 LPA,Graduate,Business,No,Yes,Govt,61.88,CBSE,83.89,CBSE,Arts,85,7561,Merit,1,2025-26,VI,BCA601,Final Semester,Core,4,3.76,FAC115,120,74,74,Low,37,31,0.86,4,0,0.76,77,62,63,230,47,Up,62,66,76,256,77.2,B+,7.7,8.42,8.78,Pass,1,3.8,6.7,4.6,Yes,19,Yes,Medium,3,2,75,Auditory,52,75,7,4.99,27,41,Traditional,4.86,13,40,10,0,Yes
775,BCA0775,MMDU2026REG0775,MMDU,MMICTBM,CS,BCA,Data Science,Male,2002-06-18,23,SC,Yes,Punjab,Indian,4-6 LPA,Graduate,Teacher,No,No,Private,90.66,ICSE,69.43,CBSE,Commerce,78,7812,Quota,0,2025-26,VI,BCA601,Final Semester,Core,4,4.23,FAC109,120,70,70,Low,35,33,0.92,3,6,0.75,63,86,75,230,20,Down,85,68,63,227,71.1,B+,7.8,5.8,7.95,Pass,1,4.9,7.2,3.6,Yes,33,Yes,Medium,4,5,42,Reading,55,51,11,4.57,26,58,Blended,4.06,11,27,10,0,No
776,BCA0776,MMDU2026REG0776,MMDU,MMICTBM,CS,BCA,Cloud,Male,2003-05-22,22,OBC,Yes,Haryana,Indian,6-8 LPA,Graduate,Business,Yes,Yes,Private,88.75,State,88.46,CBSE,Science,88,6089,Merit,2,2025-26,VI,BCA601,Final Semester,Core,4,4.05,FAC110,120,61,61,Low,46,39,0.78,4,9,0.71,70,68,74,242,22,Down,82,83,83,183,72.66,B,6.9,6.8,8.63,Pass,2,5.8,6,2.2,Yes,37,No,Medium,2,2,63,Kinesthetic,78,48,7,4.11,37,65,Traditional,3.57,26,27,6,0,Yes
777,BCA0777,MMDU2026REG0777,MMDU,MMICTBM,CS,BCA,Cloud,Male,2004-09-08,21,ST,No,Bihar,Indian,6-8 LPA,Post-Graduate,Business,Yes,No,Private,84.9,ICSE,77.73,State,Arts,86,4680,Merit,1,2025-26,VI,BCA601,Final Semester,Core,4,3.92,FAC111,120,80,80,Medium,39,27,0.85,3,11,0.7,71,72,58,222,30,Flat,70,71,71,218,67.04,A,7.2,9.23,8.47,Pass,0,5.3,5.5,5,No,17,Yes,Low,2,1,64,Visual,75,43,19,4.79,31,33,Online,3.86,23,27,2,2,No
778,BCA0778,MMDU2026REG0778,MMDU,MMICTBM,CS,BCA,Cyber Security,Male,2003-05-03,21,SC,No,Haryana,Indian,4-6 LPA,Post-Graduate,Service,No,Yes,Govt,69.48,CBSE,90.55,CBSE,Commerce,90,4044,Quota,1,2025-26,VI,BCA601,Final Semester,Core,4,3.09,FAC114,120,87,87,High,22,27,0.78,1,10,0.73,82,87,73,226,8,Down,75,77,66,227,84.6,B+,8.9,8.9,8.71,Pass,1,6.4,5.5,5.4,Yes,19,Yes,Medium,3,5,88,Reading,47,69,6,4.94,25,44,Blended,4.03,8,33,8,3,Yes
779,BCA0779,MMDU2026REG0779,MMDU,MMICTBM,CS,BCA,AI,Male,2002-02-04,21,SC,Yes,Bihar,Indian,2-4 LPA,Post-Graduate,Service,No,No,Private,61.79,CBSE,58.85,CBSE,Commerce,76,1401,Merit,2,2025-26,VI,BCA601,Final Semester,Core,4,3.39,FAC104,120,70,70,Low,25,25,0.94,0,7,0.95,95,90,82,185,42,Up,58,83,83,198,67.49,B,7.8,7.6,7.62,Pass,2,3.9,6.2,5.3,Yes,20,Yes,Medium,1,2,75,Auditory,51,77,15,4.56,36,45,Blended,4.32,9,31,1,3,Yes
780,BCA0780,MMDU2026REG0780,MMDU,MMICTBM,CS,BCA,Data Science,Female,2004-11-07,21,GEN,No,Bihar,Indian,2-4 LPA,Post-Graduate,Farmer,No,Yes,Govt,64.34,ICSE,81.48,State,Commerce,55,1299,Management,2,2025-26,VI,BCA601,Final Semester,Core,4,3.32,FAC113,120,62,62,Low,47,25,0.7,0,7,0.78,64,56,73,266,24,Flat,57,88,71,200,74.26,B+,9.1,6.33,7.63,Pass,1,7,5.4,2.8,No,39,Yes,High,5,5,90,Visual,86,58,20,4.22,35,75,Traditional,3.72,21,21,4,2,Yes
781,BCA0781,MMDU2026REG0781,MMDU,MMICTBM,CS,BCA,Cyber Security,Female,2002-03-17,21,OBC,Yes,Punjab,Indian,2-4 LPA,Graduate,Farmer,No,No,Govt,67.59,ICSE,93.01,CBSE,Science,75,5515,Quota,0,2025-26,VI,BCA601,Final Semester,Core,4,3.15,FAC108,120,92,92,High,28,43,0.7,5,1,0.62,63,70,80,242,37,Flat,75,76,87,253,82.28,B+,6.3,6.46,8.41,Pass,1,2.9,6.5,3.9,No,15,No,Low,3,2,44,Kinesthetic,78,42,5,4.22,38,41,Online,4.04,26,6,2,5,No
782,BCA0782,MMDU2026REG0782,MMDU,MMICTBM,CS,BCA,Cloud,Male,2002-12-15,24,SC,Yes,Haryana,Indian,6-8 LPA,10th,Teacher,No,No,NA,70.21,ICSE,70.81,CBSE,Science,68,1036,Quota,1,2025-26,VI,BCA601,Final Semester,Core,4,4.09,FAC109,120,84,84,Medium,46,38,0.74,1,6,0.86,90,72,58,186,16,Up,63,73,59,196,81.19,A,8.4,8.35,8.48,Pass,1,4.8,6.8,4.2,Yes,33,No,High,4,3,61,Kinesthetic,56,61,10,4.7,16,78,Online,3.8,5,31,5,3,No
783,BCA0783,MMDU2026REG0783,MMDU,MMICTBM,CS,BCA,Data Science,Male,2002-10-29,21,ST,No,Haryana,Indian,4-6 LPA,Graduate,Business,Yes,No,Govt,61.8,ICSE,65.93,CBSE,Science,74,2779,Quota,0,2025-26,VI,BCA601,Final Semester,Core,4,3.49,FAC116,120,66,66,Low,59,33,0.72,5,1,0.75,80,67,61,238,17,Flat,66,64,68,268,69.53,C,8.8,7.27,6.84,Pass,0,4.9,6.6,2.4,Yes,33,Yes,Low,5,3,88,Reading,82,59,12,4.36,23,51,Blended,4.27,23,22,6,0,No
784,BCA0784,MMDU2026REG0784,MMDU,MMICTBM,CS,BCA,Cloud,Female,2003-03-11,22,GEN,No,Bihar,Indian,6-8 LPA,Graduate,Service,No,No,NA,74.54,CBSE,87.38,State,Science,79,5242,Merit,1,2025-26,VI,BCA601,Final Semester,Core,4,3.43,FAC115,120,79,79,Medium,26,21,0.71,1,12,0.99,73,76,69,235,40,Up,71,89,71,197,61.83,A+,6.6,9.45,7.09,Pass,1,3.7,5.2,5,Yes,13,No,High,3,4,59,Reading,59,76,14,4.21,19,44,Online,3.81,6,5,6,3,No
785,BCA0785,MMDU2026REG0785,MMDU,MMICTBM,CS,BCA,Data Science,Female,2003-07-12,21,GEN,Yes,Haryana,Indian,<2 LPA,Graduate,Teacher,No,Yes,Private,66.27,ICSE,65.11,State,Commerce,64,3010,Management,0,2025-26,VI,BCA601,Final Semester,Core,4,3.46,FAC107,120,77,77,Medium,37,29,0.89,0,5,0.65,68,56,63,211,48,Down,74,76,74,231,71.1,C,6.1,5.88,8.96,Pass,1,3.2,6.5,2.7,Yes,55,Yes,Low,5,2,46,Visual,43,80,17,4.45,35,33,Traditional,3.67,23,36,5,1,No
786,BCA0786,MMDU2026REG0786,MMDU,MMICTBM,CS,BCA,Cyber Security,Female,2002-05-29,21,OBC,Yes,UP,Indian,4-6 LPA,10th,Service,No,No,Govt,66.43,CBSE,74.41,CBSE,Arts,75,5728,Merit,1,2025-26,VI,BCA601,Final Semester,Core,4,4.38,FAC113,120,80,80,Medium,26,34,0.93,1,10,0.73,69,76,61,235,34,Up,55,82,84,269,69.44,A+,9.4,8.81,7.55,Pass,2,7.5,7.1,3.8,Yes,32,No,High,2,1,46,Reading,89,85,20,4.43,22,46,Traditional,4.51,8,12,9,3,No
787,BCA0787,MMDU2026REG0787,MMDU,MMICTBM,CS,BCA,Cyber Security,Male,2004-10-30,21,OBC,No,UP,Indian,6-8 LPA,10th,Business,No,No,NA,85.39,State,82.28,CBSE,Science,59,4273,Management,2,2025-26,VI,BCA601,Final Semester,Core,4,3.17,FAC104,120,87,87,High,23,37,0.98,2,6,0.62,89,56,87,245,53,Up,72,80,83,238,62.54,C,9.2,8.23,7.81,Pass,2,7.6,7.7,6.3,Yes,29,No,Low,3,3,46,Reading,46,46,12,3.71,15,38,Blended,4.33,26,27,5,4,No
788,BCA0788,MMDU2026REG0788,MMDU,MMICTBM,CS,BCA,AI,Male,2004-03-25,23,ST,No,Punjab,Indian,<2 LPA,Post-Graduate,Service,Yes,No,Govt,68.04,State,94.85,CBSE,Science,70,2348,Quota,2,2025-26,VI,BCA601,Final Semester,Core,4,4.41,FAC112,120,88,88,High,35,27,0.87,4,4,0.89,63,85,67,204,11,Down,62,87,66,184,81.4,B+,7.6,5.09,8.31,Pass,1,3.4,7.4,3.8,No,55,No,Medium,1,5,45,Auditory,43,44,18,4.29,27,32,Traditional,4.01,10,38,0,5,No
789,BCA0789,MMDU2026REG0789,MMDU,MMICTBM,CS,BCA,Cyber Security,Female,2003-08-30,22,SC,Yes,Punjab,Indian,<2 LPA,Post-Graduate,Farmer,No,No,Govt,73.02,ICSE,66.1,CBSE,Commerce,81,4230,Management,0,2025-26,VI,BCA601,Final Semester,Core,4,4.1,FAC105,120,63,63,Low,54,29,0.81,3,7,0.82,73,83,67,242,45,Up,70,82,82,205,83.66,A+,8.9,6.15,8.62,Pass,1,7.4,5.8,5,Yes,38,No,Low,3,1,57,Visual,62,74,20,4.21,26,66,Traditional,3.73,30,16,6,0,Yes
790,BCA0790,MMDU2026REG0790,MMDU,MMICTBM,CS,BCA,Cyber Security,Male,2004-07-30,24,ST,No,Haryana,Indian,6-8 LPA,Graduate,Teacher,No,Yes,Private,85.99,CBSE,85.24,State,Commerce,84,2709,Merit,1,2025-26,VI,BCA601,Final Semester,Core,4,3.21,FAC104,120,63,63,Low,22,32,1,2,10,0.68,85,70,86,240,16,Flat,74,84,65,184,76.22,B,8.2,7.39,8.98,Pass,1,7.6,6.2,3.2,No,13,No,Low,2,1,83,Visual,76,53,19,4.18,21,59,Online,3.52,30,9,5,4,Yes
791,BCA0791,MMDU2026REG0791,MMDU,MMICTBM,CS,BCA,Cloud,Female,2002-11-25,23,GEN,Yes,Haryana,Indian,4-6 LPA,10th,Farmer,No,Yes,NA,80.96,ICSE,94.07,State,Arts,61,1608,Merit,1,2025-26,VI,BCA601,Final Semester,Core,4,4.05,FAC112,120,61,61,Low,51,31,0.9,0,11,0.76,61,75,74,264,46,Down,87,71,87,192,60.88,C,6.4,8.07,8.87,Pass,1,4.1,5.8,5.3,Yes,7,Yes,Medium,5,2,46,Reading,54,56,14,3.75,26,73,Online,4.45,24,31,1,5,Yes
792,BCA0792,MMDU2026REG0792,MMDU,MMICTBM,CS,BCA,Cloud,Male,2003-09-21,22,OBC,Yes,Bihar,Indian,4-6 LPA,Graduate,Farmer,No,Yes,NA,70.99,ICSE,74.87,State,Arts,85,6086,Quota,1,2025-26,VI,BCA601,Final Semester,Core,4,3.81,FAC117,120,75,75,Medium,31,30,0.95,0,8,0.95,65,82,65,195,55,Flat,60,79,89,211,88.13,A+,7.8,6.39,6.76,Pass,2,7.7,7.1,4.1,Yes,52,Yes,High,1,2,56,Kinesthetic,72,48,5,4.35,19,61,Online,4.96,12,34,4,1,No
793,BCA0793,MMDU2026REG0793,MMDU,MMICTBM,CS,BCA,Cloud,Male,2004-02-24,22,OBC,Yes,Punjab,Indian,6-8 LPA,Graduate,Service,Yes,No,Private,77.26,State,83.24,CBSE,Commerce,50,2359,Quota,1,2025-26,VI,BCA601,Final Semester,Core,4,3.79,FAC101,120,65,65,Low,25,36,0.87,2,2,0.81,62,72,89,233,22,Up,90,76,86,235,85.08,A+,9.2,6.94,6.03,Pass,0,3.5,5.6,2.5,No,27,Yes,Medium,4,4,73,Auditory,88,42,4,3.51,34,32,Blended,4.16,18,10,2,5,Yes
794,BCA0794,MMDU2026REG0794,MMDU,MMICTBM,CS,BCA,Cyber Security,Female,2005-03-14,21,SC,Yes,Haryana,Indian,<2 LPA,10th,Farmer,Yes,No,Private,91.41,ICSE,69.72,CBSE,Science,56,6128,Merit,1,2025-26,VI,BCA601,Final Semester,Core,4,4.11,FAC112,120,62,62,Low,44,31,0.78,4,7,0.77,88,67,59,226,32,Flat,60,56,90,214,66.67,A+,8.9,6.93,8.8,Pass,1,4.5,5.8,2.1,No,11,Yes,Medium,1,3,72,Reading,48,46,14,4.54,20,74,Blended,4.31,20,39,1,0,No
795,BCA0795,MMDU2026REG0795,MMDU,MMICTBM,CS,BCA,Cyber Security,Female,2005-01-15,22,GEN,Yes,Punjab,Indian,4-6 LPA,Post-Graduate,Service,Yes,Yes,Private,89.04,ICSE,86.04,State,Science,77,3146,Merit,2,2025-26,VI,BCA601,Final Semester,Core,4,3.23,FAC104,120,68,68,Low,23,29,0.81,2,3,0.94,62,56,78,245,19,Up,72,89,85,225,76.23,A,7.3,6.26,8.79,Pass,2,7.3,6.8,5.8,No,34,Yes,High,4,1,86,Reading,57,71,7,4.27,22,63,Traditional,4.91,19,18,1,1,No
796,BCA0796,MMDU2026REG0796,MMDU,MMICTBM,CS,BCA,Data Science,Female,2003-08-06,21,ST,Yes,Haryana,Indian,2-4 LPA,Graduate,Teacher,Yes,No,Govt,81.22,CBSE,73.66,CBSE,Science,70,1605,Merit,1,2025-26,VI,BCA601,Final Semester,Core,4,4.49,FAC120,120,97,97,High,43,23,0.83,0,1,0.98,91,57,65,260,59,Up,84,71,66,239,63.76,B,7.8,6.52,8.94,Pass,0,7.4,5.6,3.6,Yes,52,Yes,Low,2,5,65,Auditory,77,51,16,3.58,35,37,Traditional,4,14,24,2,3,Yes
797,BCA0797,MMDU2026REG0797,MMDU,MMICTBM,CS,BCA,Cyber Security,Male,2002-11-23,21,SC,Yes,Haryana,Indian,<2 LPA,Post-Graduate,Business,No,Yes,Private,89.67,CBSE,62.04,CBSE,Science,52,3769,Quota,2,2025-26,VI,BCA601,Final Semester,Core,4,3.35,FAC112,120,88,88,High,33,42,0.88,5,11,0.91,88,62,67,182,1,Flat,85,64,57,210,77.4,A,6.7,7.22,8.04,Pass,2,2.3,5.8,5.5,Yes,36,Yes,Low,3,3,80,Auditory,81,76,16,4.67,39,45,Blended,4.02,7,9,10,4,Yes
798,BCA0798,MMDU2026REG0798,MMDU,MMICTBM,CS,BCA,Data Science,Male,2005-02-05,22,SC,No,Punjab,Indian,6-8 LPA,Graduate,Business,No,No,Govt,61.47,CBSE,72.98,State,Science,51,3955,Quota,1,2025-26,VI,BCA601,Final Semester,Core,4,3.7,FAC107,120,60,60,Low,54,45,0.7,3,3,0.78,63,79,82,207,44,Up,57,55,75,270,86.26,A+,7.8,5.67,6.55,Pass,2,3.3,7.5,5.9,Yes,21,Yes,High,1,5,86,Visual,52,52,18,4.98,17,50,Online,4.16,14,5,2,3,No
799,BCA0799,MMDU2026REG0799,MMDU,MMICTBM,CS,BCA,Cyber Security,Female,2002-05-21,24,ST,Yes,UP,Indian,4-6 LPA,Post-Graduate,Farmer,Yes,No,Private,75.27,ICSE,92.28,State,Science,68,5458,Quota,0,2025-26,VI,BCA601,Final Semester,Core,4,4.2,FAC105,120,98,98,High,55,21,0.98,3,2,0.71,88,60,80,223,7,Flat,71,78,70,213,65.86,B+,8.2,7.93,8.78,Pass,0,7.8,5.6,2.3,Yes,55,Yes,High,1,2,60,Auditory,54,65,4,3.77,31,44,Online,4,22,19,3,4,Yes
800,BCA0800,MMDU2026REG0800,MMDU,MMICTBM,CS,BCA,Data Science,Male,2003-05-22,21,OBC,No,Punjab,Indian,<2 LPA,10th,Farmer,Yes,Yes,Govt,63.87,ICSE,85.14,CBSE,Commerce,51,5131,Merit,0,2025-26,VI,BCA601,Final Semester,Core,4,4.1,FAC110,120,86,86,High,28,37,0.72,0,0,0.87,74,64,65,220,59,Down,72,90,74,226,63.6,B,8.9,7.83,6.83,Pass,1,7.5,6.8,6.6,Yes,11,No,Low,2,5,54,Kinesthetic,72,51,20,4.78,28,63,Traditional,4.89,6,20,4,3,No
801,BCA0801,MMDU2026REG0801,MMDU,MMICTBM,CS,BCA,Cloud,Female,2004-11-21,22,GEN,No,Bihar,Indian,<2 LPA,Post-Graduate,Teacher,No,No,Private,65.53,CBSE,91.89,CBSE,Science,62,2077,Quota,1,2025-26,VI,BCA601,Final Semester,Core,4,3.51,FAC118,120,75,75,Medium,37,31,0.73,0,2,0.68,67,80,62,207,37,Up,76,68,73,199,78.66,B+,6.3,6.71,8.12,Pass,1,5.9,7.1,2.9,No,26,Yes,Medium,5,3,55,Visual,60,75,16,4.83,29,71,Traditional,4.36,14,36,9,2,No
802,BCA0802,MMDU2026REG0802,MMDU,MMICTBM,CS,BCA,Cyber Security,Female,2003-07-31,22,OBC,Yes,Punjab,Indian,4-6 LPA,Graduate,Service,No,Yes,Govt,91.24,CBSE,69.1,CBSE,Science,81,6384,Quota,1,2025-26,VI,BCA601,Final Semester,Core,4,4,FAC101,120,79,79,Medium,40,32,0.86,0,1,1,67,69,80,214,34,Down,89,58,75,201,78.51,A,7.8,8.88,7.39,Pass,1,7.1,5.3,6.5,No,57,No,Low,1,2,77,Visual,44,49,16,4.47,15,51,Online,3.9,24,12,0,4,Yes
803,BCA0803,MMDU2026REG0803,MMDU,MMICTBM,CS,BCA,Cloud,Male,2002-04-02,24,ST,No,Bihar,Indian,2-4 LPA,Graduate,Farmer,No,Yes,Private,68.22,CBSE,89.57,CBSE,Science,50,5231,Merit,2,2025-26,VI,BCA601,Final Semester,Core,4,4.4,FAC106,120,83,83,Medium,22,31,0.96,0,4,0.91,71,57,82,217,32,Up,64,68,55,221,63.7,A+,6.3,6.56,7.46,Pass,1,6.9,5.9,5.6,No,36,No,Medium,2,3,71,Reading,43,47,4,4.29,27,59,Blended,4.24,28,10,3,3,No
804,BCA0804,MMDU2026REG0804,MMDU,MMICTBM,CS,BCA,Cyber Security,Male,2002-09-12,21,ST,Yes,Punjab,Indian,2-4 LPA,Graduate,Teacher,No,No,Private,87.15,ICSE,72.41,CBSE,Science,82,3898,Management,2,2025-26,VI,BCA601,Final Semester,Core,4,4.26,FAC113,120,88,88,High,26,40,0.98,4,6,0.86,83,66,57,252,21,Up,89,71,60,259,69.96,B+,6.1,7.06,7.37,Pass,1,7,7.4,5.4,No,7,No,High,1,4,45,Reading,75,86,10,3.76,23,44,Online,3.5,25,6,5,3,No
805,BCA0805,MMDU2026REG0805,MMDU,MMICTBM,CS,BCA,Cyber Security,Male,2002-05-12,23,SC,Yes,Bihar,Indian,2-4 LPA,10th,Farmer,Yes,No,Private,64.27,CBSE,91.49,CBSE,Commerce,50,1985,Quota,2,2025-26,VI,BCA601,Final Semester,Core,4,4.16,FAC101,120,99,99,High,29,40,0.96,0,8,0.78,66,61,90,241,6,Flat,59,60,82,215,86.04,C,7.9,7.47,6.72,Pass,0,4.2,6.6,2.4,Yes,47,Yes,Medium,1,4,55,Reading,43,88,4,4.03,33,33,Blended,4.58,13,28,1,0,Yes
806,BCA0806,MMDU2026REG0806,MMDU,MMICTBM,CS,BCA,Cyber Security,Male,2004-04-03,21,GEN,No,Haryana,Indian,<2 LPA,Post-Graduate,Farmer,Yes,Yes,Private,76.7,ICSE,61.24,CBSE,Arts,76,5216,Merit,2,2025-26,VI,BCA601,Final Semester,Core,4,3.74,FAC118,120,88,88,High,33,37,0.95,1,4,0.9,75,70,81,207,24,Flat,57,62,57,265,81.99,A+,8.9,7.33,6.7,Pass,2,4.1,5,4.5,Yes,24,No,Low,1,5,58,Auditory,89,62,11,4.16,21,72,Blended,3.57,23,31,1,0,No
807,BCA0807,MMDU2026REG0807,MMDU,MMICTBM,CS,BCA,Cloud,Female,2003-10-27,23,OBC,Yes,Punjab,Indian,6-8 LPA,10th,Farmer,No,Yes,NA,94.8,CBSE,56.8,CBSE,Arts,55,4349,Management,1,2025-26,VI,BCA601,Final Semester,Core,4,3.03,FAC114,120,76,76,Medium,48,39,0.81,4,0,0.62,88,75,61,243,22,Up,55,69,84,184,69.42,A,8.4,6.32,6.39,Pass,1,7.8,6.7,7,No,9,Yes,Medium,2,5,73,Auditory,62,53,15,4.96,18,65,Traditional,4.51,17,31,3,3,Yes
808,BCA0808,MMDU2026REG0808,MMDU,MMICTBM,CS,BCA,Cyber Security,Male,2002-01-24,22,OBC,Yes,Haryana,Indian,4-6 LPA,Post-Graduate,Teacher,Yes,Yes,NA,86.38,CBSE,82.18,State,Commerce,60,3482,Quota,0,2025-26,VI,BCA601,Final Semester,Core,4,3.39,FAC114,120,63,63,Low,49,44,0.86,2,3,0.88,67,57,73,220,39,Up,66,69,86,238,82.57,C,8.6,5.88,7.11,Pass,2,6.6,5.3,2,No,7,Yes,High,5,4,61,Kinesthetic,79,87,20,4,16,77,Blended,3.78,25,23,5,5,Yes
809,BCA0809,MMDU2026REG0809,MMDU,MMICTBM,CS,BCA,Data Science,Female,2005-03-05,21,SC,No,Punjab,Indian,2-4 LPA,Post-Graduate,Business,Yes,No,NA,72.85,ICSE,69.21,State,Science,72,4897,Management,1,2025-26,VI,BCA601,Final Semester,Core,4,4.22,FAC108,120,70,70,Low,56,26,0.75,0,6,0.74,84,76,90,195,52,Down,79,77,74,217,77.74,B+,7.2,6.24,7.84,Pass,2,6,7.5,7,No,55,Yes,High,3,3,72,Visual,44,43,3,4.26,20,48,Traditional,3.57,12,30,6,3,No
810,BCA0810,MMDU2026REG0810,MMDU,MMICTBM,CS,BCA,Cloud,Male,2004-02-29,23,GEN,No,Bihar,Indian,2-4 LPA,10th,Business,Yes,Yes,NA,86.07,ICSE,74.5,CBSE,Commerce,65,4327,Management,2,2025-26,VI,BCA601,Final Semester,Core,4,4.4,FAC111,120,96,96,High,31,25,0.8,1,8,0.85,71,74,81,212,21,Up,66,78,63,220,88.24,A+,9.5,8.41,6.74,Pass,0,5.4,7.7,5.4,No,56,Yes,Medium,1,1,53,Reading,40,76,6,4.24,25,40,Blended,3.6,25,33,0,0,No
811,BCA0811,MMDU2026REG0811,MMDU,MMICTBM,CS,BCA,Cloud,Male,2002-08-26,23,OBC,Yes,UP,Indian,<2 LPA,10th,Farmer,No,No,Private,65.69,CBSE,83.69,CBSE,Science,56,1613,Quota,0,2025-26,VI,BCA601,Final Semester,Core,4,3.83,FAC103,120,91,91,High,35,39,0.94,4,9,0.66,60,64,73,250,2,Up,66,87,58,268,73.2,C,7.9,9.16,7.62,Pass,0,3.9,5.9,2.8,No,26,No,High,2,1,43,Auditory,49,74,7,3.85,37,72,Traditional,3.71,6,10,0,2,No
812,BCA0812,MMDU2026REG0812,MMDU,MMICTBM,CS,BCA,AI,Female,2002-09-20,22,GEN,No,Bihar,Indian,6-8 LPA,Graduate,Service,Yes,No,Private,85.25,CBSE,81.31,CBSE,Science,76,1229,Quota,0,2025-26,VI,BCA601,Final Semester,Core,4,3.14,FAC105,120,98,98,High,23,41,0.7,5,7,0.88,84,78,78,265,7,Flat,65,64,88,243,66.23,C,7.5,5.68,7.75,Pass,2,5.2,6.4,7,No,47,Yes,Low,4,2,71,Reading,64,49,16,4.27,28,56,Blended,4.68,19,8,9,1,No
813,BCA0813,MMDU2026REG0813,MMDU,MMICTBM,CS,BCA,Cyber Security,Male,2004-11-11,21,OBC,Yes,UP,Indian,2-4 LPA,Post-Graduate,Farmer,Yes,Yes,NA,77.06,CBSE,88.11,State,Arts,70,6355,Quota,2,2025-26,VI,BCA601,Final Semester,Core,4,3.85,FAC101,120,63,63,Low,49,41,0.72,3,10,0.66,88,76,61,206,58,Up,61,81,72,200,76.64,C,8.3,8.95,8.24,Pass,0,5.1,6.1,3.6,Yes,32,Yes,Medium,4,3,53,Auditory,43,46,17,4.87,25,62,Traditional,4.96,11,12,10,0,Yes
814,BCA0814,MMDU2026REG0814,MMDU,MMICTBM,CS,BCA,Cyber Security,Female,2002-09-22,23,SC,No,Bihar,Indian,2-4 LPA,Graduate,Farmer,No,Yes,Govt,73.54,CBSE,89.25,CBSE,Arts,86,2368,Merit,1,2025-26,VI,BCA601,Final Semester,Core,4,3.75,FAC116,120,82,82,Medium,55,31,0.7,4,5,0.91,62,65,77,223,19,Flat,83,58,85,199,62.64,B,7.1,7.02,7.35,Pass,2,6.2,6,3.2,Yes,56,Yes,Low,5,1,41,Reading,83,87,10,4.88,26,79,Blended,4.56,25,34,0,3,Yes
815,BCA0815,MMDU2026REG0815,MMDU,MMICTBM,CS,BCA,Cyber Security,Female,2002-05-08,23,OBC,No,Punjab,Indian,<2 LPA,Graduate,Farmer,No,Yes,Govt,68.79,CBSE,89.95,CBSE,Science,56,7968,Merit,0,2025-26,VI,BCA601,Final Semester,Core,4,4.45,FAC118,120,76,76,Medium,21,21,0.7,3,1,0.61,61,76,86,234,60,Up,59,82,59,205,76.48,B+,6,6.2,8.25,Pass,0,3.8,7.6,5.9,Yes,40,No,Low,4,1,40,Kinesthetic,87,79,19,3.66,21,63,Traditional,4.64,13,16,2,5,No
816,BCA0816,MMDU2026REG0816,MMDU,MMICTBM,CS,BCA,Cloud,Female,2004-03-14,22,OBC,Yes,Bihar,Indian,2-4 LPA,Graduate,Teacher,Yes,No,Private,86.29,State,84.69,CBSE,Commerce,61,5816,Management,1,2025-26,VI,BCA601,Final Semester,Core,4,3.05,FAC102,120,99,99,High,47,37,0.98,4,5,0.99,79,83,77,195,33,Flat,90,87,58,263,87.9,A+,7.1,7.4,7.65,Pass,1,2.4,6.7,2.1,Yes,9,Yes,High,3,3,42,Reading,63,63,6,4.25,16,75,Traditional,3.74,21,35,1,2,No
817,BCA0817,MMDU2026REG0817,MMDU,MMICTBM,CS,BCA,AI,Male,2003-01-18,23,ST,Yes,Punjab,Indian,2-4 LPA,Post-Graduate,Business,Yes,Yes,Govt,75.44,ICSE,57.41,CBSE,Arts,85,6520,Quota,2,2025-26,VI,BCA601,Final Semester,Core,4,4.17,FAC119,120,75,75,Medium,56,21,0.89,5,10,0.65,66,62,76,258,4,Down,69,67,80,237,77.48,A+,9.1,8.4,7.2,Pass,1,4.8,6.4,6.1,No,37,Yes,Medium,5,2,53,Visual,71,86,9,3.67,35,45,Blended,3.66,16,16,3,4,No
818,BCA0818,MMDU2026REG0818,MMDU,MMICTBM,CS,BCA,Cyber Security,Male,2004-12-20,21,OBC,No,UP,Indian,6-8 LPA,Graduate,Farmer,No,No,Govt,65.33,ICSE,80.37,CBSE,Science,59,5755,Merit,1,2025-26,VI,BCA601,Final Semester,Core,4,3.42,FAC111,120,85,85,High,24,31,0.79,0,4,0.89,81,67,87,236,49,Down,57,64,67,193,69.52,A+,6.7,5.64,6.59,Pass,1,6.6,7.7,2.9,No,35,Yes,High,1,2,46,Reading,80,55,9,4.66,36,74,Online,4.84,29,35,8,1,Yes
819,BCA0819,MMDU2026REG0819,MMDU,MMICTBM,CS,BCA,Cyber Security,Male,2004-07-26,23,GEN,No,Punjab,Indian,6-8 LPA,Graduate,Service,No,Yes,Private,62.94,State,59.54,CBSE,Arts,77,7743,Quota,1,2025-26,VI,BCA601,Final Semester,Core,4,3.62,FAC103,120,95,95,High,53,35,0.98,5,2,0.71,67,73,63,225,17,Down,59,73,83,217,80.89,B+,9.3,8.21,6.37,Pass,1,3.8,6,4,No,37,No,Low,4,5,41,Kinesthetic,40,56,7,4.28,30,48,Traditional,3.92,19,15,5,5,No
820,BCA0820,MMDU2026REG0820,MMDU,MMICTBM,CS,BCA,Data Science,Female,2004-12-11,23,SC,No,Punjab,Indian,<2 LPA,Post-Graduate,Farmer,No,No,Govt,91.51,State,67.07,CBSE,Arts,63,5894,Management,1,2025-26,VI,BCA601,Final Semester,Core,4,3.24,FAC118,120,97,97,High,54,45,0.76,4,0,1,71,58,81,224,11,Flat,82,85,90,193,85.27,B,7.4,7.49,7.4,Pass,0,5.9,7.3,6.4,No,50,Yes,High,3,2,75,Visual,65,67,3,3.7,22,36,Online,4.47,7,31,2,1,No
821,BCA0821,MMDU2026REG0821,MMDU,MMICTBM,CS,BCA,Cyber Security,Female,2002-06-12,24,ST,Yes,Bihar,Indian,6-8 LPA,Graduate,Business,No,Yes,Govt,73.63,State,72.1,State,Arts,62,2564,Merit,0,2025-26,VI,BCA601,Final Semester,Core,4,3.18,FAC118,120,92,92,High,57,30,0.81,4,6,0.9,70,88,55,262,46,Down,60,66,70,204,89.16,B,7,6.73,8.91,Pass,0,3.3,5.9,2.9,No,39,No,Medium,2,5,62,Reading,48,71,16,4.84,15,80,Traditional,3.66,25,37,10,5,No
822,BCA0822,MMDU2026REG0822,MMDU,MMICTBM,CS,BCA,Cloud,Female,2003-08-20,24,ST,No,UP,Indian,<2 LPA,Graduate,Teacher,No,No,NA,93.91,CBSE,88.7,State,Commerce,55,3100,Quota,2,2025-26,VI,BCA601,Final Semester,Core,4,3.92,FAC120,120,99,99,High,41,34,0.85,3,12,0.72,73,63,63,214,41,Down,69,55,80,217,75.67,B+,8.8,7.76,8.9,Pass,1,3.4,5.2,5.9,No,42,No,High,5,1,70,Visual,43,72,9,4.03,25,65,Traditional,4.28,30,29,7,5,No
823,BCA0823,MMDU2026REG0823,MMDU,MMICTBM,CS,BCA,Cyber Security,Male,2002-11-27,23,OBC,Yes,Haryana,Indian,<2 LPA,Graduate,Business,No,No,Private,87.1,ICSE,76.51,CBSE,Science,50,5690,Merit,0,2025-26,VI,BCA601,Final Semester,Core,4,4.46,FAC103,120,94,94,High,55,40,0.9,5,0,0.74,91,65,83,248,46,Down,83,70,63,237,86.75,B,7.4,6.72,8.69,Pass,1,4.2,7.2,4.9,No,55,No,Low,3,3,48,Auditory,48,76,11,3.88,28,49,Traditional,4.18,5,31,7,2,Yes
824,BCA0824,MMDU2026REG0824,MMDU,MMICTBM,CS,BCA,Cyber Security,Female,2004-04-05,21,ST,Yes,UP,Indian,<2 LPA,Graduate,Farmer,No,No,Private,67.29,State,55.66,CBSE,Commerce,71,6014,Merit,1,2025-26,VI,BCA601,Final Semester,Core,4,3.23,FAC101,120,66,66,Low,24,30,0.9,5,8,0.85,95,66,84,252,59,Flat,63,88,67,225,68.27,B,6.5,8.73,8.34,Pass,2,3,6.7,5.3,Yes,47,No,Low,1,4,86,Visual,78,79,18,4.91,31,33,Blended,3.57,12,12,3,5,No
825,BCA0825,MMDU2026REG0825,MMDU,MMICTBM,CS,BCA,AI,Male,2003-04-18,23,SC,Yes,UP,Indian,4-6 LPA,Post-Graduate,Service,No,Yes,Govt,72.17,CBSE,82.63,State,Arts,60,7990,Quota,1,2025-26,VI,BCA601,Final Semester,Core,4,3.25,FAC105,120,61,61,Low,50,22,0.8,1,5,0.93,75,76,78,245,53,Up,73,57,69,221,87.87,C,9.2,9.05,7.8,Pass,2,7.6,5.5,4.2,Yes,37,No,Medium,4,5,64,Visual,84,82,6,3.91,33,66,Online,4.81,15,22,6,2,Yes
826,BCA0826,MMDU2026REG0826,MMDU,MMICTBM,CS,BCA,Data Science,Female,2005-03-25,24,GEN,No,Haryana,Indian,6-8 LPA,10th,Farmer,Yes,No,Private,90.77,ICSE,63.43,State,Science,60,7497,Management,1,2025-26,VI,BCA601,Final Semester,Core,4,3.5,FAC104,120,72,72,Low,47,30,0.74,1,1,0.88,74,75,90,248,31,Down,55,83,84,209,87.67,C,6.6,8.35,6.14,Pass,2,4.2,7.6,4.1,Yes,40,No,Medium,5,4,57,Auditory,89,45,9,3.82,36,72,Blended,4.17,18,27,9,5,Yes
827,BCA0827,MMDU2026REG0827,MMDU,MMICTBM,CS,BCA,Data Science,Female,2004-06-22,22,OBC,Yes,Bihar,Indian,2-4 LPA,Post-Graduate,Business,Yes,No,Private,76.83,CBSE,67.53,CBSE,Commerce,54,3512,Quota,2,2025-26,VI,BCA601,Final Semester,Core,4,3.49,FAC102,120,78,78,Medium,45,39,0.97,5,0,0.87,74,64,60,256,4,Down,60,74,67,230,69.37,B+,9.3,5.64,6.44,Pass,1,3,5.4,6.2,Yes,36,Yes,Medium,3,5,61,Auditory,68,88,4,3.7,34,76,Online,4.98,30,29,10,1,No
828,BCA0828,MMDU2026REG0828,MMDU,MMICTBM,CS,BCA,Data Science,Female,2003-03-17,24,ST,No,Bihar,Indian,4-6 LPA,Post-Graduate,Business,No,Yes,Private,74.6,State,60.56,State,Arts,55,3298,Merit,2,2025-26,VI,BCA601,Final Semester,Core,4,4.03,FAC108,120,66,66,Low,24,22,0.8,4,9,0.92,76,76,84,180,36,Up,71,67,68,235,71.5,B+,7.9,7.5,8.16,Pass,0,5.9,7.5,5.2,No,22,Yes,Low,5,2,82,Auditory,80,42,14,3.95,33,64,Traditional,4.88,13,17,10,4,Yes
829,BCA0829,MMDU2026REG0829,MMDU,MMICTBM,CS,BCA,AI,Female,2004-03-03,23,OBC,No,Bihar,Indian,4-6 LPA,Post-Graduate,Teacher,No,No,Private,73.16,CBSE,70.25,State,Science,64,2937,Quota,0,2025-26,VI,BCA601,Final Semester,Core,4,4.48,FAC104,120,93,93,High,22,35,0.94,4,9,0.65,93,81,83,227,44,Down,83,78,64,270,77.73,A,9.3,8.93,6.12,Pass,2,2.1,7.2,2.6,Yes,52,Yes,High,3,2,86,Reading,54,44,19,3.77,35,77,Traditional,3.96,10,29,6,4,Yes
830,BCA0830,MMDU2026REG0830,MMDU,MMICTBM,CS,BCA,Data Science,Male,2005-01-25,21,GEN,Yes,UP,Indian,<2 LPA,Post-Graduate,Teacher,No,No,Private,60.52,State,81.31,State,Science,75,3837,Quota,1,2025-26,VI,BCA601,Final Semester,Core,4,4.06,FAC117,120,68,68,Low,52,36,0.87,1,12,0.79,83,74,65,241,10,Up,68,90,72,203,89.46,B,7.6,6.92,7.14,Pass,2,4,5.7,3.7,Yes,44,Yes,Medium,3,4,62,Reading,58,54,18,4.54,16,35,Traditional,4.41,23,20,9,1,Yes
831,BCA0831,MMDU2026REG0831,MMDU,MMICTBM,CS,BCA,Cyber Security,Female,2005-03-08,21,OBC,Yes,Bihar,Indian,6-8 LPA,10th,Teacher,Yes,Yes,Private,87.33,ICSE,85.6,CBSE,Commerce,75,1133,Merit,1,2025-26,VI,BCA601,Final Semester,Core,4,4.47,FAC104,120,74,74,Low,35,23,0.76,4,11,0.77,94,76,82,182,17,Flat,68,70,74,222,67.93,A,7.5,9.12,7.74,Pass,2,3,7.2,5.1,No,18,No,High,5,5,40,Reading,65,86,14,4.22,17,64,Online,3.93,7,31,8,3,Yes
832,BCA0832,MMDU2026REG0832,MMDU,MMICTBM,CS,BCA,Data Science,Female,2003-02-15,24,OBC,No,UP,Indian,6-8 LPA,Graduate,Service,No,No,Private,61.08,State,93.35,State,Commerce,60,3282,Merit,1,2025-26,VI,BCA601,Final Semester,Core,4,4.24,FAC101,120,84,84,Medium,57,26,0.98,4,2,0.66,81,65,65,248,60,Up,64,73,63,227,84.32,B,7.1,7.51,8.81,Pass,0,3.9,5,7,No,41,No,High,2,3,69,Visual,77,87,15,4.95,27,32,Blended,4.59,5,30,10,5,Yes
833,BCA0833,MMDU2026REG0833,MMDU,MMICTBM,CS,BCA,AI,Male,2003-09-11,22,OBC,Yes,UP,Indian,6-8 LPA,10th,Teacher,Yes,No,Govt,80.29,ICSE,79.23,State,Commerce,89,7125,Management,0,2025-26,VI,BCA601,Final Semester,Core,4,3.81,FAC111,120,90,90,High,22,26,0.84,1,6,0.62,62,82,72,197,10,Down,89,82,57,208,64.46,A,9.1,8.84,6.7,Pass,0,6.9,6.5,2.2,Yes,38,Yes,High,4,5,46,Kinesthetic,73,51,14,4.2,40,40,Traditional,4.48,17,6,2,1,Yes
834,BCA0834,MMDU2026REG0834,MMDU,MMICTBM,CS,BCA,Data Science,Male,2003-06-13,23,GEN,No,Bihar,Indian,<2 LPA,Graduate,Teacher,No,Yes,Govt,84.82,State,68.75,State,Arts,59,2267,Merit,0,2025-26,VI,BCA601,Final Semester,Core,4,3.26,FAC114,120,94,94,High,28,44,0.97,0,12,0.96,75,86,69,249,36,Down,80,60,63,250,85.1,A+,7.5,5.57,6.31,Pass,2,4.6,6.2,5.5,No,17,No,High,2,3,54,Kinesthetic,79,90,9,3.5,23,38,Blended,4.25,25,23,5,0,Yes
835,BCA0835,MMDU2026REG0835,MMDU,MMICTBM,CS,BCA,Cloud,Male,2002-01-10,22,OBC,No,Bihar,Indian,2-4 LPA,Graduate,Teacher,Yes,No,NA,91.34,ICSE,89.46,State,Science,58,5552,Management,1,2025-26,VI,BCA601,Final Semester,Core,4,3.9,FAC120,120,95,95,High,24,44,0.77,5,0,0.69,79,58,66,213,45,Flat,83,88,72,226,69.24,B+,6.4,9.23,8.79,Pass,1,7.9,7.9,2.3,No,6,No,Low,4,5,71,Auditory,69,79,8,4.79,28,67,Traditional,4.79,27,32,5,2,No
836,BCA0836,MMDU2026REG0836,MMDU,MMICTBM,CS,BCA,Cyber Security,Male,2002-01-24,22,OBC,No,Punjab,Indian,<2 LPA,Post-Graduate,Farmer,Yes,No,NA,74.58,CBSE,65.21,State,Arts,69,5843,Quota,0,2025-26,VI,BCA601,Final Semester,Core,4,4.05,FAC117,120,87,87,High,47,33,0.71,0,1,0.81,61,88,89,258,15,Up,57,75,83,189,63.76,C,8,6.25,7.08,Pass,1,2.9,6,4.9,Yes,55,No,Low,5,5,42,Visual,59,84,4,3.77,40,74,Online,4.8,5,25,6,3,No
837,BCA0837,MMDU2026REG0837,MMDU,MMICTBM,CS,BCA,AI,Female,2003-02-27,22,ST,Yes,UP,Indian,2-4 LPA,10th,Farmer,No,Yes,Private,76.52,State,71.47,State,Arts,77,5943,Quota,1,2025-26,VI,BCA601,Final Semester,Core,4,3.05,FAC105,120,68,68,Low,56,39,0.77,4,5,0.71,92,88,77,222,56,Up,85,81,68,266,69.23,B+,9.4,5.67,8.1,Pass,2,3.4,6.5,4.9,No,48,No,Low,5,4,51,Reading,51,62,17,4.9,30,65,Blended,4.38,13,33,9,0,No
838,BCA0838,MMDU2026REG0838,MMDU,MMICTBM,CS,BCA,Cyber Security,Female,2004-07-01,24,ST,Yes,UP,Indian,<2 LPA,Graduate,Service,Yes,No,Private,90.86,State,85.87,CBSE,Science,85,7339,Merit,0,2025-26,VI,BCA601,Final Semester,Core,4,3.22,FAC107,120,60,60,Low,32,27,0.95,5,6,0.78,64,72,80,269,40,Down,63,65,61,230,78.91,B+,8,8.5,8.92,Pass,1,5.4,5.5,3.8,No,25,Yes,High,5,3,51,Auditory,52,89,15,4.95,40,56,Traditional,3.81,27,8,4,2,Yes
839,BCA0839,MMDU2026REG0839,MMDU,MMICTBM,CS,BCA,Cyber Security,Male,2004-06-27,24,ST,Yes,UP,Indian,6-8 LPA,10th,Teacher,No,Yes,Govt,63.21,ICSE,71.89,CBSE,Science,76,1615,Management,0,2025-26,VI,BCA601,Final Semester,Core,4,3.22,FAC118,120,70,70,Low,31,33,0.72,4,6,0.85,92,90,74,180,36,Down,66,79,88,264,65.58,A,8.4,7.18,7.54,Pass,0,6.2,7.4,4.4,No,37,Yes,Medium,2,2,79,Visual,66,54,13,4.07,25,54,Traditional,4.88,22,27,3,1,Yes
840,BCA0840,MMDU2026REG0840,MMDU,MMICTBM,CS,BCA,Cloud,Female,2004-11-29,21,OBC,Yes,Bihar,Indian,2-4 LPA,Post-Graduate,Farmer,No,Yes,Govt,61.12,ICSE,88.47,CBSE,Commerce,57,5420,Merit,1,2025-26,VI,BCA601,Final Semester,Core,4,3.58,FAC119,120,61,61,Low,49,22,0.99,0,7,0.68,93,65,78,257,58,Up,79,80,58,219,68.27,B+,9.1,7.9,8.95,Pass,0,6.6,5.4,3.5,Yes,32,Yes,Low,3,4,82,Reading,85,67,17,3.6,24,80,Traditional,4.61,18,33,3,0,No
841,BCA0841,MMDU2026REG0841,MMDU,MMICTBM,CS,BCA,Data Science,Female,2004-06-28,24,GEN,No,UP,Indian,<2 LPA,Post-Graduate,Business,Yes,No,NA,89.87,State,81.84,CBSE,Science,74,7149,Quota,2,2025-26,VI,BCA601,Final Semester,Core,4,3.67,FAC104,120,84,84,Medium,48,33,0.92,0,4,0.75,89,82,77,266,11,Up,90,78,71,218,73.28,C,7.7,8.42,8.05,Pass,1,6.3,7.9,6.7,Yes,25,No,Low,1,1,52,Auditory,78,40,19,4.65,20,60,Blended,4.35,14,20,1,3,Yes
842,BCA0842,MMDU2026REG0842,MMDU,MMICTBM,CS,BCA,Cloud,Male,2002-12-08,22,ST,Yes,Punjab,Indian,6-8 LPA,Graduate,Service,Yes,Yes,NA,91.46,ICSE,93.14,State,Arts,64,7989,Merit,0,2025-26,VI,BCA601,Final Semester,Core,4,3.37,FAC109,120,74,74,Low,44,30,0.82,0,11,0.9,61,90,57,250,59,Down,81,63,81,199,63.56,A,7.4,5.05,6.68,Pass,2,7.3,6.7,3.4,No,46,No,Low,3,5,59,Visual,47,41,3,4.66,26,69,Blended,3.89,12,25,10,5,No
843,BCA0843,MMDU2026REG0843,MMDU,MMICTBM,CS,BCA,AI,Female,2004-01-13,21,OBC,Yes,Punjab,Indian,4-6 LPA,10th,Business,Yes,No,Private,60.77,State,77.54,CBSE,Arts,75,4043,Merit,1,2025-26,VI,BCA601,Final Semester,Core,4,3.86,FAC109,120,80,80,Medium,35,31,0.97,4,7,0.85,66,88,56,268,42,Up,73,67,72,247,89.07,B+,6.3,5.85,8.81,Pass,1,7.7,6.3,5.9,Yes,40,Yes,Low,4,5,90,Reading,46,68,7,3.84,31,68,Blended,4.22,20,32,10,3,No
844,BCA0844,MMDU2026REG0844,MMDU,MMICTBM,CS,BCA,Cloud,Male,2003-04-09,23,ST,Yes,Haryana,Indian,2-4 LPA,Graduate,Business,No,No,NA,71.13,CBSE,82.64,CBSE,Arts,72,2559,Quota,1,2025-26,VI,BCA601,Final Semester,Core,4,3.34,FAC116,120,99,99,High,49,23,0.88,1,6,0.78,88,83,59,228,59,Flat,73,68,68,227,84.43,A+,8.9,5.76,7.49,Pass,0,6.7,7.1,6.4,No,11,Yes,High,5,4,48,Kinesthetic,71,85,14,4.8,34,68,Traditional,3.65,14,28,5,1,Yes
845,BCA0845,MMDU2026REG0845,MMDU,MMICTBM,CS,BCA,AI,Female,2003-08-14,24,ST,No,Bihar,Indian,2-4 LPA,Post-Graduate,Teacher,Yes,Yes,Private,90.07,CBSE,91.45,State,Arts,53,6674,Management,0,2025-26,VI,BCA601,Final Semester,Core,4,3.23,FAC104,120,67,67,Low,32,33,0.97,0,3,0.67,65,77,67,196,14,Up,87,55,73,227,72.85,A+,7.6,7.5,6.63,Pass,1,5.4,7,4.5,No,43,No,Low,5,1,74,Auditory,85,64,11,4.3,15,43,Traditional,4.87,25,12,7,5,Yes
846,BCA0846,MMDU2026REG0846,MMDU,MMICTBM,CS,BCA,Cloud,Female,2004-04-27,23,SC,No,UP,Indian,<2 LPA,10th,Business,Yes,No,Private,80.02,State,93.02,CBSE,Commerce,86,3434,Management,2,2025-26,VI,BCA601,Final Semester,Core,4,3.16,FAC112,120,79,79,Medium,22,35,0.72,0,5,0.81,95,81,73,221,15,Up,84,59,74,196,77.37,B+,9.2,5,7.28,Pass,2,2.6,5.4,2.8,No,34,Yes,Medium,5,3,77,Visual,48,45,14,4.47,18,50,Online,4.86,18,31,10,0,Yes
847,BCA0847,MMDU2026REG0847,MMDU,MMICTBM,CS,BCA,Cloud,Female,2002-02-18,22,SC,Yes,Bihar,Indian,4-6 LPA,Post-Graduate,Farmer,Yes,Yes,Private,63.65,ICSE,80.38,CBSE,Commerce,53,6124,Merit,0,2025-26,VI,BCA601,Final Semester,Core,4,3.21,FAC103,120,85,85,High,34,38,0.78,5,8,0.74,67,83,66,206,34,Down,63,55,62,245,80.26,C,6.7,7.05,6.26,Pass,1,4.7,7.8,6.6,No,47,Yes,Low,1,2,72,Auditory,90,48,11,3.56,36,44,Blended,3.95,18,37,1,4,No
848,BCA0848,MMDU2026REG0848,MMDU,MMICTBM,CS,BCA,Cyber Security,Male,2004-09-21,23,GEN,No,Punjab,Indian,2-4 LPA,10th,Service,Yes,Yes,Private,73.23,State,60.96,CBSE,Science,55,2576,Merit,2,2025-26,VI,BCA601,Final Semester,Core,4,3.24,FAC101,120,93,93,High,34,30,0.74,4,8,0.61,65,89,74,207,52,Flat,71,57,90,226,77.79,B,7.5,8,8.71,Pass,2,7.7,6,3.3,No,24,Yes,Medium,4,5,42,Reading,65,60,17,4.94,30,61,Blended,4.96,20,29,2,1,Yes
849,BCA0849,MMDU2026REG0849,MMDU,MMICTBM,CS,BCA,Cyber Security,Male,2003-08-19,23,SC,No,Bihar,Indian,2-4 LPA,Post-Graduate,Teacher,No,Yes,Govt,88.71,CBSE,71.94,State,Arts,70,5064,Merit,1,2025-26,VI,BCA601,Final Semester,Core,4,4.07,FAC120,120,80,80,Medium,55,25,0.93,4,1,0.95,86,82,88,243,47,Flat,75,81,78,262,65.23,C,8.5,5.66,6.32,Pass,0,6.7,7.8,6.5,Yes,57,No,High,2,2,40,Auditory,72,86,12,4.02,33,54,Traditional,4.76,19,6,0,3,No
850,BCA0850,MMDU2026REG0850,MMDU,MMICTBM,CS,BCA,AI,Female,2003-05-25,21,ST,Yes,Bihar,Indian,2-4 LPA,Graduate,Business,Yes,Yes,Private,90.59,CBSE,90.94,State,Arts,88,1816,Management,1,2025-26,VI,BCA601,Final Semester,Core,4,3.28,FAC103,120,100,100,High,27,38,0.9,0,3,0.95,79,61,77,205,7,Flat,83,56,79,238,83.53,A+,8,8.07,6.92,Pass,1,4.5,6.2,5.9,No,52,No,Medium,1,3,43,Kinesthetic,81,87,7,4.41,39,63,Traditional,4.39,30,34,8,4,No
851,BCA0851,MMDU2026REG0851,MMDU,MMICTBM,CS,BCA,AI,Male,2002-12-03,24,SC,No,UP,Indian,2-4 LPA,Graduate,Business,Yes,Yes,Private,77.47,CBSE,69.76,CBSE,Arts,65,6788,Management,0,2025-26,VI,BCA601,Final Semester,Core,4,4.36,FAC115,120,60,60,Low,43,22,0.9,4,2,0.79,91,86,59,234,20,Up,87,67,57,234,74.9,B,8.7,9.3,7.26,Pass,2,3.5,5.8,4.8,Yes,23,No,High,5,5,53,Kinesthetic,52,70,17,4.64,39,39,Online,3.68,14,12,2,5,No
852,BCA0852,MMDU2026REG0852,MMDU,MMICTBM,CS,BCA,Cloud,Male,2002-03-18,23,OBC,No,Punjab,Indian,2-4 LPA,Graduate,Farmer,No,No,Govt,73.2,CBSE,59.97,CBSE,Arts,53,6930,Management,1,2025-26,VI,BCA601,Final Semester,Core,4,3.87,FAC103,120,74,74,Low,37,20,0.72,1,4,0.81,62,57,88,257,14,Down,79,87,90,235,64.67,C,9.1,7.76,6.14,Pass,0,7.5,5.9,4.8,Yes,55,Yes,High,1,2,46,Reading,50,49,12,3.73,33,63,Online,4.85,30,29,2,0,No
853,BCA0853,MMDU2026REG0853,MMDU,MMICTBM,CS,BCA,AI,Male,2002-06-13,24,GEN,No,UP,Indian,6-8 LPA,Graduate,Farmer,No,No,Private,93.71,CBSE,73.88,CBSE,Commerce,62,7659,Merit,2,2025-26,VI,BCA601,Final Semester,Core,4,3.34,FAC101,120,93,93,High,34,43,0.72,0,2,0.69,89,75,61,263,58,Down,57,87,76,241,81.33,A+,8,6.12,6.23,Pass,1,2.2,6.6,6.1,No,13,No,High,3,2,45,Kinesthetic,77,88,10,4.93,37,38,Traditional,4.52,6,18,2,0,Yes
854,BCA0854,MMDU2026REG0854,MMDU,MMICTBM,CS,BCA,AI,Male,2003-09-13,21,OBC,Yes,Punjab,Indian,<2 LPA,10th,Farmer,Yes,No,NA,74.01,State,69.46,State,Commerce,73,2798,Quota,2,2025-26,VI,BCA601,Final Semester,Core,4,3.32,FAC110,120,82,82,Medium,44,43,0.87,4,11,0.77,72,76,75,267,9,Flat,75,69,82,247,74.6,A,8,8.69,7.33,Pass,2,3.6,7.6,6.1,Yes,27,No,Medium,2,5,90,Visual,62,78,5,3.77,17,42,Blended,4.41,13,33,0,1,Yes
855,BCA0855,MMDU2026REG0855,MMDU,MMICTBM,CS,BCA,AI,Male,2003-05-07,22,SC,No,Bihar,Indian,4-6 LPA,Graduate,Service,No,No,Private,82.95,State,81.05,CBSE,Science,66,6742,Management,2,2025-26,VI,BCA601,Final Semester,Core,4,3.44,FAC101,120,72,72,Low,50,33,0.76,0,9,0.82,75,66,90,225,6,Flat,84,63,86,250,70.14,A,6.2,8.77,8.95,Pass,2,4,7.9,4.1,No,53,No,High,1,3,74,Kinesthetic,70,65,14,4.83,15,55,Online,3.6,16,23,1,1,Yes
856,BCA0856,MMDU2026REG0856,MMDU,MMICTBM,CS,BCA,Cyber Security,Female,2003-01-22,22,ST,No,UP,Indian,4-6 LPA,Post-Graduate,Business,Yes,No,NA,90.72,State,82.31,State,Commerce,75,3105,Merit,1,2025-26,VI,BCA601,Final Semester,Core,4,3.09,FAC107,120,100,100,High,51,26,0.77,4,9,0.88,73,61,89,230,8,Up,68,70,63,214,85.33,A+,7,5.9,7.53,Pass,0,2.9,6,6.5,No,29,No,High,2,1,86,Kinesthetic,67,49,12,4.44,30,43,Online,4.2,21,11,9,2,Yes
857,BCA0857,MMDU2026REG0857,MMDU,MMICTBM,CS,BCA,Cyber Security,Male,2002-01-28,23,ST,Yes,Punjab,Indian,6-8 LPA,Graduate,Service,Yes,Yes,Govt,83.58,ICSE,81.18,CBSE,Science,74,7041,Merit,2,2025-26,VI,BCA601,Final Semester,Core,4,3.41,FAC101,120,99,99,High,37,28,0.97,3,8,0.62,71,73,72,209,43,Flat,79,82,82,249,65.32,C,6.5,8.31,7.75,Pass,2,5.6,7.9,5.4,Yes,23,Yes,High,5,3,44,Kinesthetic,88,48,11,4.31,36,44,Traditional,4.56,12,29,3,2,No
858,BCA0858,MMDU2026REG0858,MMDU,MMICTBM,CS,BCA,Cyber Security,Female,2003-05-15,24,ST,No,Bihar,Indian,2-4 LPA,10th,Farmer,No,Yes,Govt,80.75,CBSE,62.11,CBSE,Commerce,67,3709,Quota,0,2025-26,VI,BCA601,Final Semester,Core,4,3.97,FAC101,120,68,68,Low,40,34,0.86,2,7,0.67,91,70,76,200,40,Down,83,80,75,203,78.73,A,6.7,6.08,8.71,Pass,0,2.4,7.8,6.1,Yes,16,Yes,Medium,5,2,41,Kinesthetic,61,66,14,4.43,33,32,Online,4.22,6,21,5,4,Yes
859,BCA0859,MMDU2026REG0859,MMDU,MMICTBM,CS,BCA,Data Science,Female,2002-06-04,23,SC,No,Haryana,Indian,<2 LPA,10th,Business,Yes,Yes,Govt,72.85,ICSE,55.74,CBSE,Science,56,2898,Quota,0,2025-26,VI,BCA601,Final Semester,Core,4,3.61,FAC117,120,96,96,High,42,43,0.79,2,6,0.63,75,86,61,209,31,Up,76,66,73,189,81.19,A,7.7,7.45,7.04,Pass,2,4.5,6.2,2.1,Yes,13,Yes,Medium,5,3,51,Kinesthetic,83,69,15,4.39,36,42,Traditional,3.75,18,38,10,5,No
860,BCA0860,MMDU2026REG0860,MMDU,MMICTBM,CS,BCA,AI,Female,2002-05-28,23,GEN,No,Bihar,Indian,4-6 LPA,Graduate,Farmer,No,No,NA,94.33,CBSE,82.69,CBSE,Commerce,68,7364,Management,0,2025-26,VI,BCA601,Final Semester,Core,4,4.18,FAC105,120,68,68,Low,58,35,0.81,1,5,0.67,68,76,84,266,21,Flat,78,56,68,239,87.2,B+,7.6,5.93,6.55,Pass,1,6.8,7.4,5.3,No,42,Yes,High,2,1,42,Reading,87,64,17,4.94,22,74,Blended,5,11,24,7,1,No
861,BCA0861,MMDU2026REG0861,MMDU,MMICTBM,CS,BCA,Data Science,Female,2004-06-23,22,GEN,No,Bihar,Indian,4-6 LPA,Post-Graduate,Farmer,Yes,No,NA,90.57,ICSE,75.97,CBSE,Arts,87,7111,Merit,1,2025-26,VI,BCA601,Final Semester,Core,4,3.05,FAC117,120,89,89,High,44,32,0.82,3,3,0.84,87,84,74,257,23,Flat,59,66,66,246,76.72,C,6,7.67,6.16,Pass,0,4.5,6.2,4.4,No,39,Yes,High,4,5,87,Visual,74,41,12,4.29,25,52,Online,4.57,12,8,8,1,No
862,BCA0862,MMDU2026REG0862,MMDU,MMICTBM,CS,BCA,Cloud,Male,2002-12-11,22,ST,No,Punjab,Indian,<2 LPA,Post-Graduate,Teacher,No,Yes,Private,61.12,State,77.55,State,Science,60,7428,Merit,0,2025-26,VI,BCA601,Final Semester,Core,4,3.76,FAC109,120,89,89,High,57,23,0.73,3,2,0.82,89,81,86,205,11,Flat,90,86,69,230,65.82,B,8,7.62,8.73,Pass,0,4.1,7.3,5,Yes,9,Yes,Medium,2,1,70,Visual,53,90,18,4.27,23,49,Traditional,4.77,28,23,8,0,No
863,BCA0863,MMDU2026REG0863,MMDU,MMICTBM,CS,BCA,Cyber Security,Female,2003-10-29,24,GEN,No,UP,Indian,2-4 LPA,Graduate,Farmer,No,No,Private,88.3,CBSE,83.61,State,Science,84,6359,Merit,0,2025-26,VI,BCA601,Final Semester,Core,4,4.18,FAC109,120,76,76,Medium,26,45,0.88,4,3,0.9,90,83,66,219,18,Up,55,71,55,260,85.44,B,6.2,8.77,7.99,Pass,1,5.3,6.8,4.2,Yes,39,Yes,Low,4,1,65,Kinesthetic,54,78,6,3.59,26,68,Blended,5,5,33,10,4,No
864,BCA0864,MMDU2026REG0864,MMDU,MMICTBM,CS,BCA,AI,Female,2002-03-25,23,GEN,Yes,Bihar,Indian,<2 LPA,Graduate,Service,No,No,Govt,93.49,CBSE,73.29,State,Science,86,6963,Management,1,2025-26,VI,BCA601,Final Semester,Core,4,4.19,FAC103,120,62,62,Low,43,42,1,0,4,0.81,90,66,58,257,60,Up,70,57,83,247,80.93,C,7.8,7.27,7.72,Pass,0,4.3,7.8,5.1,No,6,No,Medium,1,1,63,Visual,76,69,4,3.77,15,75,Traditional,3.89,13,29,6,1,Yes
865,BCA0865,MMDU2026REG0865,MMDU,MMICTBM,CS,BCA,Cyber Security,Male,2002-01-29,24,OBC,Yes,UP,Indian,6-8 LPA,10th,Service,Yes,Yes,Private,67.95,State,65.93,State,Commerce,76,7527,Quota,0,2025-26,VI,BCA601,Final Semester,Core,4,3.77,FAC107,120,93,93,High,29,34,0.72,3,7,0.7,76,59,82,265,41,Flat,67,56,60,241,64.26,A,8.5,8.54,7.59,Pass,1,6.1,7.2,7,No,29,Yes,Low,1,3,50,Visual,85,76,18,3.55,40,30,Blended,3.76,13,30,9,4,No
866,BCA0866,MMDU2026REG0866,MMDU,MMICTBM,CS,BCA,Cyber Security,Male,2002-07-14,22,GEN,Yes,Bihar,Indian,6-8 LPA,10th,Teacher,No,Yes,Govt,60.54,CBSE,89.58,State,Arts,76,3883,Merit,1,2025-26,VI,BCA601,Final Semester,Core,4,3.08,FAC110,120,70,70,Low,49,20,0.74,1,10,0.88,92,80,84,189,38,Flat,87,78,61,220,67.3,A+,7.5,5.25,6.59,Pass,1,5.3,7,3.1,Yes,29,No,Low,4,5,83,Auditory,70,66,8,4.93,15,45,Online,4.71,13,21,6,3,Yes
867,BCA0867,MMDU2026REG0867,MMDU,MMICTBM,CS,BCA,Cloud,Female,2002-06-26,22,ST,Yes,Haryana,Indian,4-6 LPA,Graduate,Service,No,No,Private,71.11,State,68.76,CBSE,Commerce,85,3858,Management,1,2025-26,VI,BCA601,Final Semester,Core,4,3.32,FAC101,120,94,94,High,22,43,0.96,5,4,0.76,63,87,64,217,25,Down,69,84,71,216,85.21,A+,9.3,7.19,8.63,Pass,0,7.5,6.5,5.6,No,6,Yes,High,1,5,47,Auditory,77,52,8,3.75,36,54,Blended,4.64,20,39,7,0,Yes
868,BCA0868,MMDU2026REG0868,MMDU,MMICTBM,CS,BCA,AI,Female,2004-01-22,21,SC,Yes,Bihar,Indian,4-6 LPA,Post-Graduate,Farmer,No,No,Private,74.45,ICSE,63.78,State,Arts,80,6396,Merit,1,2025-26,VI,BCA601,Final Semester,Core,4,3.9,FAC107,120,85,85,High,36,36,0.93,5,7,0.86,81,80,88,255,59,Up,61,55,59,198,87.11,C,9.5,8.54,7.63,Pass,1,3.3,6.1,5.2,No,11,Yes,Medium,3,1,64,Auditory,66,60,14,4.81,20,72,Blended,3.6,9,29,9,3,Yes
869,BCA0869,MMDU2026REG0869,MMDU,MMICTBM,CS,BCA,Cloud,Male,2004-06-19,21,SC,Yes,UP,Indian,<2 LPA,10th,Teacher,Yes,Yes,NA,71.06,State,55.46,State,Science,71,4629,Merit,1,2025-26,VI,BCA601,Final Semester,Core,4,3.04,FAC118,120,65,65,Low,38,38,0.99,5,12,0.81,75,64,61,245,1,Up,87,89,85,195,64,A,7.1,6.58,8.37,Pass,0,7.1,6.5,6.7,Yes,18,Yes,Medium,3,5,65,Kinesthetic,59,44,5,4.19,37,49,Online,3.86,25,35,9,3,Yes
870,BCA0870,MMDU2026REG0870,MMDU,MMICTBM,CS,BCA,Cyber Security,Female,2004-01-25,22,SC,Yes,Punjab,Indian,2-4 LPA,Post-Graduate,Teacher,Yes,Yes,NA,68.75,ICSE,91.75,CBSE,Science,52,7010,Merit,0,2025-26,VI,BCA601,Final Semester,Core,4,3.91,FAC106,120,64,64,Low,46,43,0.85,5,2,0.61,85,85,90,187,55,Down,57,66,71,253,76.02,B,8.4,6.66,8.7,Pass,2,5.5,5.7,4.5,No,46,Yes,Medium,4,3,81,Reading,83,67,4,4.93,16,43,Traditional,3.63,12,27,6,3,No
871,BCA0871,MMDU2026REG0871,MMDU,MMICTBM,CS,BCA,Data Science,Female,2003-03-09,24,ST,No,UP,Indian,<2 LPA,Post-Graduate,Teacher,No,No,Private,61.4,ICSE,58.75,CBSE,Commerce,64,1227,Merit,2,2025-26,VI,BCA601,Final Semester,Core,4,3.23,FAC110,120,80,80,Medium,21,35,0.76,5,12,0.9,71,74,66,232,27,Up,71,86,89,246,60.89,A,6.5,8.34,6.1,Pass,0,4.5,6.8,5.7,Yes,49,Yes,High,2,1,58,Auditory,56,47,6,4.78,24,35,Online,4.91,20,28,3,3,No
872,BCA0872,MMDU2026REG0872,MMDU,MMICTBM,CS,BCA,AI,Male,2002-02-04,24,SC,No,Punjab,Indian,4-6 LPA,Graduate,Farmer,Yes,Yes,NA,90.69,State,68.17,State,Commerce,65,3336,Management,2,2025-26,VI,BCA601,Final Semester,Core,4,4.1,FAC108,120,93,93,High,48,22,0.77,2,2,0.62,67,66,71,255,12,Up,65,66,79,186,72.04,B,9.2,9.48,6.83,Pass,0,2.3,7.8,3,No,8,No,High,4,3,83,Auditory,42,77,19,4.3,26,78,Traditional,4.26,17,20,4,2,No
873,BCA0873,MMDU2026REG0873,MMDU,MMICTBM,CS,BCA,Cyber Security,Female,2002-11-03,23,SC,No,Haryana,Indian,2-4 LPA,Graduate,Farmer,Yes,Yes,NA,91.5,State,66.64,CBSE,Arts,85,6579,Quota,0,2025-26,VI,BCA601,Final Semester,Core,4,3.12,FAC115,120,86,86,High,46,34,0.85,1,10,0.95,82,68,78,206,27,Flat,56,67,67,209,72.05,A,8.5,6.64,8.42,Pass,0,7.5,5.8,2.1,Yes,45,Yes,Medium,2,3,48,Reading,60,65,8,4.26,26,66,Traditional,4.94,21,22,9,2,No
874,BCA0874,MMDU2026REG0874,MMDU,MMICTBM,CS,BCA,Cyber Security,Male,2003-02-25,22,GEN,Yes,Bihar,Indian,2-4 LPA,10th,Teacher,No,Yes,NA,88,CBSE,75.09,CBSE,Science,86,4950,Quota,0,2025-26,VI,BCA601,Final Semester,Core,4,3.91,FAC102,120,78,78,Medium,23,23,0.91,1,0,0.87,71,84,88,264,1,Up,83,65,81,252,88.54,B,9.2,7.76,7.78,Pass,2,6.7,6.4,4.1,Yes,34,No,Low,2,3,80,Reading,58,75,20,4.56,31,73,Online,4.86,16,34,8,2,Yes
875,BCA0875,MMDU2026REG0875,MMDU,MMICTBM,CS,BCA,Data Science,Female,2003-03-30,24,GEN,Yes,Bihar,Indian,2-4 LPA,10th,Teacher,No,No,Govt,73.06,CBSE,66.1,State,Commerce,69,7834,Quota,1,2025-26,VI,BCA601,Final Semester,Core,4,3.66,FAC119,120,89,89,High,53,39,0.93,0,5,0.67,77,73,83,270,15,Up,57,62,83,219,60.81,A,7.4,5.5,7.36,Pass,1,5.5,6.5,6.2,No,39,No,Low,5,1,53,Reading,43,57,11,4.62,31,54,Traditional,4.15,22,10,3,5,No
876,BCA0876,MMDU2026REG0876,MMDU,MMICTBM,CS,BCA,AI,Female,2002-11-10,21,OBC,No,Bihar,Indian,2-4 LPA,Graduate,Farmer,Yes,Yes,Private,77.32,CBSE,88.39,CBSE,Commerce,50,1400,Quota,0,2025-26,VI,BCA601,Final Semester,Core,4,4.18,FAC101,120,86,86,High,44,44,0.83,2,9,0.79,86,71,77,221,42,Down,71,65,84,189,64.54,C,7.7,7.29,7.01,Pass,2,2.6,7.9,6.5,No,13,No,Low,4,2,63,Reading,82,72,7,4.43,36,76,Online,4.11,11,13,6,3,Yes
877,BCA0877,MMDU2026REG0877,MMDU,MMICTBM,CS,BCA,Cyber Security,Female,2003-04-18,21,ST,No,Bihar,Indian,2-4 LPA,Post-Graduate,Teacher,Yes,No,Govt,63.65,ICSE,82.48,State,Arts,68,6130,Merit,2,2025-26,VI,BCA601,Final Semester,Core,4,3.92,FAC117,120,68,68,Low,38,21,0.75,0,1,0.86,68,58,55,195,11,Up,74,87,69,211,62.07,B+,9.5,8.98,6.37,Pass,2,8,7,5.1,Yes,17,Yes,Medium,5,4,42,Reading,44,90,13,3.73,28,57,Online,4.84,8,8,9,4,No
878,BCA0878,MMDU2026REG0878,MMDU,MMICTBM,CS,BCA,Cyber Security,Female,2002-04-11,21,ST,No,Punjab,Indian,4-6 LPA,10th,Teacher,No,No,Private,70.68,State,78.89,State,Commerce,84,7538,Management,0,2025-26,VI,BCA601,Final Semester,Core,4,3.46,FAC101,120,63,63,Low,48,41,0.71,3,10,0.66,80,55,71,255,53,Up,56,61,56,212,72.84,B,8.9,8.35,7,Pass,1,2.9,5.2,3.9,Yes,32,Yes,High,3,1,40,Kinesthetic,42,80,9,4.89,20,63,Traditional,4.62,29,22,2,3,Yes
879,BCA0879,MMDU2026REG0879,MMDU,MMICTBM,CS,BCA,AI,Female,2005-04-10,24,OBC,Yes,Haryana,Indian,6-8 LPA,Post-Graduate,Farmer,Yes,No,Govt,65.73,State,81.51,CBSE,Arts,82,5250,Merit,0,2025-26,VI,BCA601,Final Semester,Core,4,3.58,FAC114,120,87,87,High,34,20,0.81,0,2,0.73,95,76,90,192,23,Down,56,78,56,196,67.51,B+,7.7,6.7,7.28,Pass,0,6.7,7.2,4.9,Yes,15,No,High,3,4,61,Auditory,78,45,4,3.93,27,79,Online,3.95,14,25,5,4,Yes
880,BCA0880,MMDU2026REG0880,MMDU,MMICTBM,CS,BCA,Cloud,Male,2002-08-26,22,GEN,No,Punjab,Indian,<2 LPA,Graduate,Service,No,Yes,Govt,79.71,State,63.34,State,Science,78,1324,Management,1,2025-26,VI,BCA601,Final Semester,Core,4,4.45,FAC120,120,68,68,Low,28,30,0.84,1,7,0.64,70,82,62,253,16,Down,81,64,63,207,63.1,C,8.5,7.8,6.57,Pass,2,2,6,4.6,Yes,26,No,High,2,3,43,Visual,70,69,13,3.83,19,77,Online,4.35,12,9,7,2,Yes
881,BCA0881,MMDU2026REG0881,MMDU,MMICTBM,CS,BCA,Data Science,Male,2002-06-11,24,ST,No,Haryana,Indian,6-8 LPA,Graduate,Business,No,No,Private,81.08,State,78.92,State,Science,80,7403,Management,0,2025-26,VI,BCA601,Final Semester,Core,4,3.32,FAC105,120,78,78,Medium,55,27,0.97,1,5,0.67,78,82,73,182,1,Flat,55,62,58,250,88.3,A+,6.4,5.31,7.65,Pass,1,7.4,7.4,2.2,Yes,23,No,Low,2,2,70,Auditory,67,46,20,3.93,39,41,Traditional,4.69,23,6,10,1,Yes
882,BCA0882,MMDU2026REG0882,MMDU,MMICTBM,CS,BCA,AI,Female,2003-07-23,21,ST,Yes,Bihar,Indian,<2 LPA,10th,Farmer,No,No,Govt,93.85,State,86.42,CBSE,Commerce,80,5194,Quota,0,2025-26,VI,BCA601,Final Semester,Core,4,3.09,FAC116,120,69,69,Low,28,23,1,4,12,0.76,81,79,85,197,49,Up,61,72,90,196,75.3,A+,6.8,9.21,7.21,Pass,1,5.6,7.7,2.4,Yes,34,Yes,Low,2,5,50,Reading,81,41,15,4.81,19,42,Online,3.94,22,25,8,0,Yes
883,BCA0883,MMDU2026REG0883,MMDU,MMICTBM,CS,BCA,Cloud,Female,2005-03-26,23,OBC,No,Punjab,Indian,4-6 LPA,10th,Business,No,Yes,Govt,61.9,ICSE,71.7,CBSE,Science,66,7367,Management,2,2025-26,VI,BCA601,Final Semester,Core,4,3.85,FAC110,120,68,68,Low,36,21,0.73,3,6,0.69,88,66,74,239,20,Flat,83,56,90,262,87.2,A,8.3,8.18,6.07,Pass,0,4.4,5.8,2.7,No,31,Yes,Medium,3,4,70,Visual,54,74,11,3.98,40,49,Traditional,4.26,6,39,6,3,No
884,BCA0884,MMDU2026REG0884,MMDU,MMICTBM,CS,BCA,Cloud,Male,2004-08-04,22,SC,Yes,Haryana,Indian,2-4 LPA,Post-Graduate,Business,No,No,NA,94.83,ICSE,55.21,CBSE,Commerce,76,5671,Merit,1,2025-26,VI,BCA601,Final Semester,Core,4,3.06,FAC107,120,79,79,Medium,24,43,0.8,3,8,0.99,77,69,72,262,28,Down,64,67,55,244,67.72,C,8.3,5.92,6.65,Pass,0,2.5,5.4,4.2,Yes,28,No,Medium,2,3,43,Auditory,72,88,20,3.81,29,33,Online,3.94,21,6,4,1,No
885,BCA0885,MMDU2026REG0885,MMDU,MMICTBM,CS,BCA,Data Science,Male,2004-04-03,23,GEN,No,Punjab,Indian,2-4 LPA,Graduate,Service,Yes,No,NA,78.47,CBSE,73.5,CBSE,Arts,65,6369,Quota,0,2025-26,VI,BCA601,Final Semester,Core,4,3.28,FAC111,120,66,66,Low,45,40,0.85,3,7,1,76,76,64,191,52,Up,80,79,83,210,74.2,B+,8.8,7.37,7.48,Pass,1,5.5,5,3.9,Yes,53,No,Low,3,1,52,Auditory,54,80,15,4.54,24,51,Blended,4.82,26,38,3,2,Yes
886,BCA0886,MMDU2026REG0886,MMDU,MMICTBM,CS,BCA,Data Science,Male,2004-10-31,21,GEN,No,Bihar,Indian,6-8 LPA,Graduate,Service,No,Yes,Private,84.2,CBSE,68.62,State,Arts,85,2428,Management,0,2025-26,VI,BCA601,Final Semester,Core,4,4.2,FAC116,120,65,65,Low,41,25,0.98,2,0,0.62,92,74,69,263,34,Up,62,85,83,216,68.93,B,6.1,7.76,7.13,Pass,0,4.4,6.7,6.4,No,28,No,Low,1,1,46,Visual,40,65,7,4.1,20,38,Traditional,3.99,5,13,4,4,Yes
887,BCA0887,MMDU2026REG0887,MMDU,MMICTBM,CS,BCA,AI,Male,2003-03-09,23,SC,Yes,UP,Indian,2-4 LPA,Graduate,Business,Yes,Yes,Govt,65.43,CBSE,63.32,CBSE,Arts,75,5746,Merit,1,2025-26,VI,BCA601,Final Semester,Core,4,3.1,FAC110,120,82,82,Medium,26,43,0.79,3,9,0.95,88,56,70,227,29,Up,60,89,66,204,73.89,A+,7,8.83,7.58,Pass,0,3.3,5.4,3.7,No,43,Yes,Low,3,1,63,Kinesthetic,62,82,12,3.63,33,67,Online,4.47,10,14,7,2,No
888,BCA0888,MMDU2026REG0888,MMDU,MMICTBM,CS,BCA,Cyber Security,Male,2002-03-07,24,OBC,Yes,Haryana,Indian,<2 LPA,Post-Graduate,Farmer,Yes,Yes,Private,73.6,CBSE,83.53,CBSE,Arts,88,6661,Management,0,2025-26,VI,BCA601,Final Semester,Core,4,3.76,FAC109,120,79,79,Medium,60,25,0.9,0,12,0.65,94,65,65,209,20,Down,56,61,77,180,83.59,C,6.1,6.94,8.68,Pass,2,6.3,6.6,5.5,Yes,57,No,Low,4,4,78,Visual,83,57,14,3.57,17,43,Traditional,4.85,23,20,5,1,No
889,BCA0889,MMDU2026REG0889,MMDU,MMICTBM,CS,BCA,AI,Female,2005-01-15,22,SC,No,Haryana,Indian,4-6 LPA,Graduate,Farmer,No,No,NA,87.31,CBSE,82.64,State,Science,53,7544,Management,1,2025-26,VI,BCA601,Final Semester,Core,4,4.28,FAC113,120,91,91,High,51,40,0.81,3,0,0.79,64,76,83,226,36,Flat,65,79,57,256,70.22,A,8.6,6.71,8.13,Pass,2,6.5,6.5,2.7,No,19,Yes,Low,2,2,41,Auditory,68,43,3,4.26,39,68,Online,4.89,30,25,0,3,No
890,BCA0890,MMDU2026REG0890,MMDU,MMICTBM,CS,BCA,AI,Female,2004-03-04,22,ST,Yes,UP,Indian,6-8 LPA,10th,Business,Yes,Yes,Private,82.98,CBSE,57.45,CBSE,Commerce,56,5463,Merit,1,2025-26,VI,BCA601,Final Semester,Core,4,3.5,FAC120,120,81,81,Medium,35,25,0.86,2,7,0.89,80,83,57,262,57,Up,82,79,65,220,74.37,C,6.6,5.68,8.13,Pass,1,7.2,6.4,2,Yes,13,Yes,Medium,4,1,62,Kinesthetic,51,41,10,4.06,40,48,Traditional,3.59,14,8,8,1,No
891,BCA0891,MMDU2026REG0891,MMDU,MMICTBM,CS,BCA,AI,Male,2004-05-15,23,SC,Yes,Haryana,Indian,4-6 LPA,Graduate,Business,No,No,NA,65.13,ICSE,69.4,CBSE,Commerce,54,2082,Quota,0,2025-26,VI,BCA601,Final Semester,Core,4,4.18,FAC118,120,68,68,Low,38,45,0.86,3,4,1,93,72,60,187,28,Up,55,64,87,253,81.91,A,7.9,9.17,7.57,Pass,0,4.3,5.7,2.8,No,34,Yes,High,3,4,87,Reading,53,70,9,3.59,39,69,Traditional,4.33,18,35,7,1,No
892,BCA0892,MMDU2026REG0892,MMDU,MMICTBM,CS,BCA,AI,Male,2004-07-09,22,ST,No,Haryana,Indian,4-6 LPA,10th,Teacher,Yes,No,Private,76.15,ICSE,90.27,State,Commerce,64,3474,Merit,2,2025-26,VI,BCA601,Final Semester,Core,4,3.86,FAC110,120,98,98,High,34,31,0.78,1,3,0.64,71,60,83,256,2,Up,74,78,82,194,60.12,C,6.8,6.07,7.69,Pass,2,4,6.2,6.9,No,24,Yes,High,3,1,82,Kinesthetic,57,89,13,4.93,15,57,Blended,4.82,17,11,8,0,No
893,BCA0893,MMDU2026REG0893,MMDU,MMICTBM,CS,BCA,AI,Female,2003-07-06,21,GEN,Yes,Bihar,Indian,4-6 LPA,Post-Graduate,Farmer,Yes,No,Govt,93.15,State,94.8,State,Arts,84,3541,Merit,1,2025-26,VI,BCA601,Final Semester,Core,4,3.87,FAC120,120,83,83,Medium,55,38,0.98,0,11,0.74,64,83,56,227,34,Flat,64,84,64,184,69.77,B,6.1,8.18,7.22,Pass,2,3.6,5.6,4.4,No,47,Yes,High,1,4,60,Kinesthetic,67,59,13,3.56,28,64,Online,4.9,12,12,0,2,No
894,BCA0894,MMDU2026REG0894,MMDU,MMICTBM,CS,BCA,AI,Female,2003-11-19,23,SC,No,Bihar,Indian,<2 LPA,Post-Graduate,Business,Yes,No,NA,73.61,ICSE,80.43,CBSE,Commerce,85,2690,Merit,0,2025-26,VI,BCA601,Final Semester,Core,4,3.36,FAC119,120,86,86,High,40,41,0.87,4,11,0.95,78,82,81,252,3,Down,90,55,58,201,72.05,A+,8.6,5.61,8.16,Pass,1,2.4,7.3,5.7,No,48,Yes,Medium,1,4,51,Kinesthetic,48,68,19,4.8,26,79,Traditional,4.05,8,23,1,5,No
895,BCA0895,MMDU2026REG0895,MMDU,MMICTBM,CS,BCA,AI,Female,2002-04-03,24,OBC,Yes,Punjab,Indian,<2 LPA,10th,Service,No,Yes,NA,75.02,CBSE,90.32,State,Science,55,2018,Quota,2,2025-26,VI,BCA601,Final Semester,Core,4,3.07,FAC114,120,72,72,Low,47,41,1,3,3,0.64,81,73,89,243,13,Up,87,84,70,211,68.64,A,6.7,6.27,6.39,Pass,2,3.6,7.2,6.3,Yes,21,Yes,Low,1,2,75,Auditory,76,50,13,4.28,24,54,Traditional,4.71,10,22,9,3,No
896,BCA0896,MMDU2026REG0896,MMDU,MMICTBM,CS,BCA,Cyber Security,Male,2002-07-27,24,GEN,No,UP,Indian,<2 LPA,Graduate,Farmer,Yes,No,Private,81.7,State,84.74,CBSE,Science,77,2685,Quota,0,2025-26,VI,BCA601,Final Semester,Core,4,4.35,FAC107,120,67,67,Low,42,24,0.83,3,1,0.69,81,65,90,184,42,Down,68,64,84,199,78.12,A+,9.4,8.71,8.19,Pass,0,3.7,5.9,6.8,No,24,Yes,Medium,4,1,52,Reading,54,55,17,4.03,15,57,Traditional,4.04,18,26,4,0,Yes
897,BCA0897,MMDU2026REG0897,MMDU,MMICTBM,CS,BCA,Data Science,Female,2002-10-17,21,ST,No,Bihar,Indian,6-8 LPA,Post-Graduate,Business,No,Yes,NA,61.03,ICSE,70.03,CBSE,Commerce,54,5426,Merit,2,2025-26,VI,BCA601,Final Semester,Core,4,3.55,FAC120,120,96,96,High,23,29,0.93,0,6,0.92,86,78,70,269,52,Down,79,86,57,203,79.29,B+,8.1,6.81,8.33,Pass,0,6.6,5.6,4.7,No,25,Yes,Medium,1,3,50,Reading,64,64,17,3.51,32,56,Blended,4.68,30,21,7,3,No
898,BCA0898,MMDU2026REG0898,MMDU,MMICTBM,CS,BCA,Cloud,Male,2004-08-13,21,SC,Yes,UP,Indian,<2 LPA,Graduate,Farmer,Yes,No,NA,80.82,State,55.15,CBSE,Commerce,82,2140,Merit,1,2025-26,VI,BCA601,Final Semester,Core,4,3.63,FAC115,120,67,67,Low,57,22,0.75,2,1,0.93,69,57,76,236,3,Flat,69,70,67,237,83.97,B,6.8,8.21,8.18,Pass,1,4.4,7.9,2.8,Yes,33,No,Low,4,2,70,Kinesthetic,72,74,16,4.02,29,64,Blended,4.69,12,32,6,0,No
899,BCA0899,MMDU2026REG0899,MMDU,MMICTBM,CS,BCA,Cloud,Male,2004-10-25,23,SC,Yes,Haryana,Indian,4-6 LPA,Graduate,Business,Yes,Yes,NA,92.31,CBSE,83.28,CBSE,Arts,76,3066,Merit,2,2025-26,VI,BCA601,Final Semester,Core,4,4.48,FAC109,120,60,60,Low,29,34,0.76,3,5,0.61,77,60,76,190,4,Up,65,89,62,256,82.59,B,6.8,7.77,6.62,Pass,2,5,6,4.5,No,19,No,Low,4,2,87,Auditory,43,51,4,3.54,35,47,Traditional,4.51,19,5,4,0,Yes
900,BCA0900,MMDU2026REG0900,MMDU,MMICTBM,CS,BCA,Data Science,Male,2004-06-11,22,SC,No,UP,Indian,2-4 LPA,Graduate,Business,Yes,Yes,NA,92.15,ICSE,63.91,CBSE,Science,73,5348,Quota,1,2025-26,VI,BCA601,Final Semester,Core,4,3.17,FAC106,120,69,69,Low,47,43,0.86,2,1,0.66,73,58,82,263,49,Flat,66,77,81,216,78.61,C,9.4,7.54,6.12,Pass,2,5,5.1,3.6,Yes,54,Yes,Low,3,3,71,Visual,67,78,14,4.89,18,33,Traditional,4.48,13,8,0,3,No
901,BCA0901,MMDU2026REG0901,MMDU,MMICTBM,CS,BCA,Cloud,Female,2003-04-18,22,SC,No,Bihar,Indian,<2 LPA,Post-Graduate,Teacher,No,No,NA,83.38,State,64.83,CBSE,Arts,84,1542,Quota,1,2025-26,VI,BCA601,Final Semester,Core,4,3.37,FAC105,120,61,61,Low,40,33,0.95,1,5,0.84,72,66,64,248,26,Flat,71,68,59,206,69.09,B,6.8,9.43,7.11,Pass,1,7.3,6.5,5.6,Yes,52,Yes,High,5,1,47,Kinesthetic,74,83,10,4.62,19,39,Online,4.51,14,5,6,1,No
902,BCA0902,MMDU2026REG0902,MMDU,MMICTBM,CS,BCA,Data Science,Male,2004-02-12,23,SC,No,Punjab,Indian,2-4 LPA,10th,Teacher,Yes,No,Private,70.36,State,74.4,State,Arts,73,1748,Quota,1,2025-26,VI,BCA601,Final Semester,Core,4,3.62,FAC106,120,70,70,Low,38,33,0.92,0,8,0.88,90,89,73,223,49,Flat,61,73,77,212,64.51,C,7.2,5.41,7.9,Pass,1,7.2,6.4,4.5,Yes,14,Yes,High,3,1,89,Kinesthetic,77,79,11,4.04,38,30,Blended,3.54,6,38,7,4,Yes
903,BCA0903,MMDU2026REG0903,MMDU,MMICTBM,CS,BCA,Data Science,Male,2003-11-03,23,SC,Yes,Haryana,Indian,4-6 LPA,Graduate,Teacher,Yes,No,NA,83.36,ICSE,84.8,CBSE,Arts,60,6749,Management,1,2025-26,VI,BCA601,Final Semester,Core,4,3.72,FAC110,120,83,83,Medium,42,25,0.75,3,4,0.77,77,59,90,240,55,Up,76,59,76,215,68.02,A+,8.3,7.6,7.8,Pass,0,2.5,5.4,3.2,No,36,No,Low,4,5,81,Visual,69,78,12,4.91,25,62,Blended,4.66,27,23,6,2,Yes
904,BCA0904,MMDU2026REG0904,MMDU,MMICTBM,CS,BCA,Cloud,Male,2003-03-02,23,GEN,Yes,UP,Indian,4-6 LPA,Post-Graduate,Business,No,No,Private,80.77,ICSE,85.87,CBSE,Arts,55,2083,Management,1,2025-26,VI,BCA601,Final Semester,Core,4,3.16,FAC115,120,74,74,Low,30,21,0.82,2,4,0.87,93,67,80,209,4,Down,72,88,89,205,75.51,B+,8.6,5.45,6.68,Pass,1,4,5.2,4.9,Yes,19,Yes,Low,3,1,57,Visual,46,63,16,4.38,38,32,Traditional,4.09,5,33,5,1,Yes
905,BCA0905,MMDU2026REG0905,MMDU,MMICTBM,CS,BCA,AI,Male,2003-04-09,21,ST,No,UP,Indian,4-6 LPA,Post-Graduate,Teacher,No,No,NA,92.68,CBSE,84.44,State,Arts,87,3458,Merit,2,2025-26,VI,BCA601,Final Semester,Core,4,4.12,FAC115,120,76,76,Medium,21,23,0.84,4,4,0.87,69,66,87,247,2,Flat,67,88,87,236,87.45,B+,8.4,7.69,8.55,Pass,0,4.3,7.5,6.2,Yes,22,No,Medium,5,3,82,Kinesthetic,75,74,5,3.7,24,48,Online,4.28,20,36,5,4,No
906,BCA0906,MMDU2026REG0906,MMDU,MMICTBM,CS,BCA,AI,Male,2004-07-11,23,GEN,No,Punjab,Indian,<2 LPA,10th,Service,No,No,NA,69.15,ICSE,88.3,State,Science,63,2597,Management,2,2025-26,VI,BCA601,Final Semester,Core,4,3.53,FAC115,120,68,68,Low,22,21,0.87,2,4,0.81,60,68,61,191,19,Flat,79,57,65,223,82.4,C,6.7,9.13,6.1,Pass,0,3.1,5.2,3.5,No,28,No,Medium,3,4,74,Kinesthetic,40,43,5,4.28,37,36,Online,4.47,17,37,6,2,No
907,BCA0907,MMDU2026REG0907,MMDU,MMICTBM,CS,BCA,AI,Female,2005-01-24,23,ST,No,Bihar,Indian,4-6 LPA,Graduate,Teacher,Yes,No,Private,93.65,State,90.25,State,Science,61,2634,Merit,2,2025-26,VI,BCA601,Final Semester,Core,4,4.49,FAC111,120,91,91,High,31,39,0.9,4,11,0.75,95,58,80,200,58,Down,62,88,86,188,67.29,B+,7.4,7.43,6.77,Pass,2,2.6,6.3,6.2,No,58,No,Medium,5,3,62,Auditory,86,75,6,3.81,16,78,Blended,3.84,6,22,10,3,No
908,BCA0908,MMDU2026REG0908,MMDU,MMICTBM,CS,BCA,Data Science,Male,2002-11-27,21,GEN,Yes,Haryana,Indian,2-4 LPA,10th,Service,Yes,No,Govt,85.71,State,76.65,CBSE,Science,51,1183,Quota,0,2025-26,VI,BCA601,Final Semester,Core,4,4.41,FAC101,120,60,60,Low,43,43,0.98,1,11,0.86,89,67,69,227,27,Flat,81,56,83,240,73.98,A+,8.5,8.77,6.89,Pass,1,2.5,7.9,2.8,Yes,57,Yes,Low,1,5,49,Kinesthetic,60,74,18,4.06,24,49,Online,4.34,25,27,8,1,Yes
909,BCA0909,MMDU2026REG0909,MMDU,MMICTBM,CS,BCA,AI,Male,2003-01-04,24,GEN,No,Punjab,Indian,<2 LPA,Graduate,Farmer,No,Yes,Private,75.99,State,65.52,CBSE,Commerce,70,2718,Management,1,2025-26,VI,BCA601,Final Semester,Core,4,3.37,FAC115,120,79,79,Medium,44,37,0.82,1,5,0.68,91,70,77,187,23,Up,68,61,80,257,64.16,A,7.8,6.11,6.7,Pass,1,2.1,7.6,3.7,Yes,55,No,High,5,3,62,Auditory,77,48,18,4.96,22,30,Online,3.65,18,21,3,3,Yes
910,BCA0910,MMDU2026REG0910,MMDU,MMICTBM,CS,BCA,AI,Female,2002-08-17,24,SC,No,UP,Indian,<2 LPA,10th,Business,Yes,No,Govt,66.08,CBSE,55.26,State,Commerce,87,7923,Merit,1,2025-26,VI,BCA601,Final Semester,Core,4,3.61,FAC120,120,97,97,High,41,21,0.91,1,10,0.74,83,86,64,263,54,Up,61,64,72,206,88.72,C,6.7,5.83,7.07,Pass,1,2.1,5.7,6,Yes,44,No,Medium,1,4,49,Kinesthetic,65,82,7,4.34,32,63,Blended,3.51,30,27,3,3,No
911,BCA0911,MMDU2026REG0911,MMDU,MMICTBM,CS,BCA,Cloud,Male,2004-01-22,24,ST,No,Punjab,Indian,2-4 LPA,Graduate,Teacher,No,Yes,Private,93.14,CBSE,62.69,State,Science,56,6920,Quota,2,2025-26,VI,BCA601,Final Semester,Core,4,3.36,FAC118,120,71,71,Low,40,33,0.77,0,0,0.83,63,66,81,222,45,Up,83,79,84,184,88.35,A,7.2,5.72,8.21,Pass,2,4.2,7.1,2.7,No,9,No,Low,1,1,87,Auditory,51,45,5,3.65,37,34,Blended,3.67,28,9,4,5,No
912,BCA0912,MMDU2026REG0912,MMDU,MMICTBM,CS,BCA,Cloud,Female,2004-05-17,23,OBC,Yes,Punjab,Indian,<2 LPA,Post-Graduate,Service,Yes,No,NA,90.09,ICSE,66.91,CBSE,Science,72,1744,Management,1,2025-26,VI,BCA601,Final Semester,Core,4,4.14,FAC108,120,81,81,Medium,28,21,0.86,4,5,0.85,62,86,56,187,13,Down,82,78,89,218,82.84,B,9.2,5.65,7.15,Pass,2,4.7,5.9,2.2,Yes,49,Yes,Low,1,2,66,Kinesthetic,68,90,10,4.27,25,31,Traditional,4.05,6,22,0,2,Yes
913,BCA0913,MMDU2026REG0913,MMDU,MMICTBM,CS,BCA,AI,Female,2003-10-06,23,GEN,No,UP,Indian,2-4 LPA,Post-Graduate,Farmer,No,Yes,Private,89.75,State,82.71,State,Arts,70,1955,Merit,1,2025-26,VI,BCA601,Final Semester,Core,4,3.03,FAC107,120,82,82,Medium,31,35,0.99,4,5,0.84,66,81,78,226,40,Down,89,77,78,232,65.58,A,6.5,7.04,8.83,Pass,2,6.5,5.3,2.1,Yes,27,Yes,Low,1,2,43,Reading,45,47,19,4.44,24,77,Blended,4.73,26,7,4,3,No
914,BCA0914,MMDU2026REG0914,MMDU,MMICTBM,CS,BCA,Data Science,Male,2002-06-14,22,SC,No,UP,Indian,4-6 LPA,10th,Service,Yes,No,NA,81.98,CBSE,86.29,CBSE,Arts,89,6520,Quota,1,2025-26,VI,BCA601,Final Semester,Core,4,4.1,FAC110,120,68,68,Low,34,30,0.93,4,12,0.65,77,86,55,254,42,Down,78,84,83,200,62.43,B,7.9,9.37,7.9,Pass,1,6.5,6.3,6.5,No,44,Yes,Low,3,3,48,Kinesthetic,51,64,13,4.32,39,41,Blended,3.79,26,29,10,2,No
915,BCA0915,MMDU2026REG0915,MMDU,MMICTBM,CS,BCA,Cloud,Female,2003-03-01,21,GEN,Yes,Bihar,Indian,<2 LPA,Graduate,Business,No,Yes,NA,66.19,ICSE,79.19,State,Arts,58,5411,Quota,0,2025-26,VI,BCA601,Final Semester,Core,4,3.96,FAC115,120,63,63,Low,43,29,0.95,0,6,0.73,89,77,83,213,14,Down,55,85,73,194,73.37,A+,7,8.54,8.2,Pass,2,2.3,6.6,3.1,No,28,Yes,Low,1,3,49,Kinesthetic,71,62,20,4.21,35,31,Blended,3.5,24,5,5,2,No
916,BCA0916,MMDU2026REG0916,MMDU,MMICTBM,CS,BCA,Cyber Security,Female,2002-08-26,23,OBC,No,Bihar,Indian,2-4 LPA,10th,Teacher,No,No,Private,67.1,CBSE,91.17,State,Arts,78,2828,Merit,2,2025-26,VI,BCA601,Final Semester,Core,4,3.26,FAC115,120,74,74,Low,51,45,0.99,1,3,0.79,93,60,61,234,21,Up,79,88,78,189,74.48,A,6.7,7.92,8.41,Pass,2,7.6,6.1,2.2,Yes,10,No,High,1,4,68,Reading,56,68,14,4.93,29,66,Online,4.3,19,8,7,4,No
917,BCA0917,MMDU2026REG0917,MMDU,MMICTBM,CS,BCA,Data Science,Male,2002-01-22,21,SC,Yes,Bihar,Indian,<2 LPA,Graduate,Teacher,No,Yes,NA,84.35,State,88.56,CBSE,Science,60,5367,Quota,0,2025-26,VI,BCA601,Final Semester,Core,4,3.6,FAC118,120,60,60,Low,54,34,0.71,2,7,0.91,74,86,90,238,1,Down,57,73,55,232,60.91,A,7.9,5.87,8.2,Pass,1,6.2,5.7,4.2,Yes,11,Yes,Low,4,1,83,Kinesthetic,43,79,11,3.99,34,74,Traditional,3.72,18,19,8,1,No
918,BCA0918,MMDU2026REG0918,MMDU,MMICTBM,CS,BCA,Cyber Security,Female,2002-01-22,22,OBC,Yes,Bihar,Indian,6-8 LPA,Post-Graduate,Farmer,Yes,No,Private,86.27,State,86.91,State,Arts,73,3720,Management,2,2025-26,VI,BCA601,Final Semester,Core,4,4.22,FAC116,120,78,78,Medium,58,23,0.76,5,7,0.79,84,55,75,245,25,Up,55,74,82,238,61.5,A+,7.7,6.23,8.55,Pass,0,2.4,5.2,6.3,No,10,Yes,Low,1,3,71,Reading,87,44,9,3.81,28,56,Online,3.56,15,6,10,4,Yes
919,BCA0919,MMDU2026REG0919,MMDU,MMICTBM,CS,BCA,Cyber Security,Female,2002-10-14,22,ST,No,UP,Indian,4-6 LPA,Graduate,Business,Yes,Yes,NA,87.01,CBSE,82.58,CBSE,Science,76,3363,Merit,1,2025-26,VI,BCA601,Final Semester,Core,4,3.25,FAC118,120,78,78,Medium,59,39,0.92,3,0,0.62,93,65,70,234,32,Down,81,88,56,251,81.39,A+,6.9,6.82,6.51,Pass,2,6,5.6,6.5,No,10,No,High,5,4,88,Kinesthetic,78,45,18,4.79,40,79,Online,4.31,23,31,0,4,Yes
920,BCA0920,MMDU2026REG0920,MMDU,MMICTBM,CS,BCA,Cyber Security,Male,2005-04-14,21,ST,No,Punjab,Indian,4-6 LPA,Graduate,Teacher,No,No,Private,91.87,CBSE,63.06,CBSE,Commerce,85,7932,Merit,2,2025-26,VI,BCA601,Final Semester,Core,4,3.29,FAC101,120,84,84,Medium,36,28,0.72,4,12,0.76,89,90,76,201,57,Flat,85,90,75,225,67.33,B+,9,8.81,6.15,Pass,0,6.8,5.8,2.2,No,48,No,Medium,4,5,84,Auditory,74,46,4,4.9,15,70,Blended,3.84,9,9,8,5,Yes
921,BCA0921,MMDU2026REG0921,MMDU,MMICTBM,CS,BCA,Data Science,Male,2002-02-02,23,SC,Yes,Haryana,Indian,<2 LPA,Graduate,Teacher,No,No,Private,83.43,CBSE,65.8,State,Science,85,6467,Management,2,2025-26,VI,BCA601,Final Semester,Core,4,3.67,FAC102,120,80,80,Medium,54,39,0.91,0,1,0.99,74,82,56,239,35,Down,86,57,73,191,80.61,A+,7.3,5.47,8.82,Pass,0,4,7.5,4.7,No,12,Yes,High,1,4,79,Reading,75,70,5,4.44,24,46,Blended,4.32,24,19,1,3,No
922,BCA0922,MMDU2026REG0922,MMDU,MMICTBM,CS,BCA,Cyber Security,Female,2004-04-01,23,GEN,Yes,Bihar,Indian,2-4 LPA,Post-Graduate,Business,No,Yes,NA,69.79,ICSE,67.11,CBSE,Commerce,57,7221,Merit,2,2025-26,VI,BCA601,Final Semester,Core,4,3.98,FAC116,120,71,71,Low,53,44,0.85,0,4,0.8,88,66,70,264,6,Down,62,86,62,218,76.59,B+,7.2,8.17,7,Pass,1,3.8,5,2.4,Yes,42,Yes,High,1,4,64,Kinesthetic,66,75,12,4.54,32,40,Blended,4.4,5,15,6,5,Yes
923,BCA0923,MMDU2026REG0923,MMDU,MMICTBM,CS,BCA,Cyber Security,Female,2002-09-14,22,ST,No,Bihar,Indian,2-4 LPA,Post-Graduate,Business,No,Yes,Private,82.97,State,89.14,CBSE,Commerce,77,4072,Management,1,2025-26,VI,BCA601,Final Semester,Core,4,3.59,FAC103,120,74,74,Low,22,21,0.86,2,7,0.96,90,69,65,258,20,Down,80,55,82,256,66.63,A,6.8,8.82,7.83,Pass,2,5.1,6.1,5.2,Yes,16,No,Low,3,1,42,Visual,45,69,12,4.04,27,57,Blended,3.51,8,15,5,2,Yes
924,BCA0924,MMDU2026REG0924,MMDU,MMICTBM,CS,BCA,Cloud,Male,2004-12-11,22,GEN,Yes,UP,Indian,6-8 LPA,Post-Graduate,Service,No,No,NA,89.66,State,56.98,State,Commerce,85,5872,Management,2,2025-26,VI,BCA601,Final Semester,Core,4,3.59,FAC112,120,99,99,High,51,40,0.75,4,10,0.96,72,89,80,186,23,Up,62,72,81,203,77.99,B+,6.4,6.69,6.46,Pass,0,6.8,5.6,2.9,Yes,55,No,High,4,1,83,Reading,82,81,18,3.99,26,72,Online,4.43,21,7,5,3,Yes
925,BCA0925,MMDU2026REG0925,MMDU,MMICTBM,CS,BCA,Data Science,Male,2002-04-03,22,OBC,Yes,Punjab,Indian,6-8 LPA,10th,Business,Yes,Yes,NA,89.83,ICSE,81.71,State,Science,69,1069,Management,1,2025-26,VI,BCA601,Final Semester,Core,4,3.41,FAC102,120,96,96,High,50,31,0.91,2,0,0.96,90,74,88,243,24,Up,56,90,64,231,78.35,B+,9,6.2,7.04,Pass,1,2.1,6.9,6.1,No,22,Yes,Medium,1,1,78,Reading,62,50,12,3.96,34,38,Online,4.78,6,31,10,1,No
926,BCA0926,MMDU2026REG0926,MMDU,MMICTBM,CS,BCA,AI,Female,2003-10-22,21,GEN,No,UP,Indian,2-4 LPA,Post-Graduate,Business,No,Yes,NA,65.44,ICSE,78.91,State,Science,80,6618,Merit,1,2025-26,VI,BCA601,Final Semester,Core,4,3.67,FAC101,120,77,77,Medium,41,44,0.77,1,5,0.84,83,85,55,239,28,Down,84,57,57,230,61.61,A,6.1,5.69,6.23,Pass,2,3.6,5.5,2.4,No,51,No,Medium,5,4,79,Visual,62,73,12,4.9,25,40,Traditional,3.55,6,37,0,4,No
927,BCA0927,MMDU2026REG0927,MMDU,MMICTBM,CS,BCA,Cloud,Female,2004-10-22,23,GEN,No,Haryana,Indian,6-8 LPA,10th,Service,No,Yes,NA,68.45,State,61.96,CBSE,Arts,64,7164,Quota,2,2025-26,VI,BCA601,Final Semester,Core,4,3.96,FAC108,120,99,99,High,47,44,0.91,4,1,0.8,93,58,66,185,11,Up,68,85,71,197,67.21,B+,8.7,6.37,7.06,Pass,1,5,6,6.7,Yes,40,Yes,Low,3,5,90,Auditory,61,59,16,3.9,23,44,Online,3.93,14,32,10,1,No
928,BCA0928,MMDU2026REG0928,MMDU,MMICTBM,CS,BCA,Data Science,Female,2002-09-16,21,OBC,Yes,UP,Indian,4-6 LPA,Post-Graduate,Business,No,Yes,NA,81.01,CBSE,55.44,State,Commerce,84,7920,Quota,2,2025-26,VI,BCA601,Final Semester,Core,4,4.41,FAC112,120,84,84,Medium,38,44,0.78,0,11,0.98,91,69,73,221,50,Down,66,79,76,258,71.85,A,8.9,5.78,7.46,Pass,2,7.1,5.6,4.7,Yes,29,Yes,Low,5,3,70,Kinesthetic,40,61,17,4.69,15,68,Traditional,3.8,8,6,3,5,Yes
929,BCA0929,MMDU2026REG0929,MMDU,MMICTBM,CS,BCA,Cyber Security,Male,2002-07-18,21,SC,Yes,UP,Indian,<2 LPA,10th,Service,Yes,No,NA,83.43,CBSE,88.69,CBSE,Science,74,2504,Quota,0,2025-26,VI,BCA601,Final Semester,Core,4,3.56,FAC103,120,90,90,High,40,28,0.7,1,6,0.65,70,73,63,240,55,Down,78,75,83,223,84.36,B+,8.5,5.43,6.66,Pass,1,7.1,5.3,4.8,No,44,Yes,Medium,3,2,63,Visual,86,79,16,4.33,39,56,Online,4.61,15,9,7,1,No
930,BCA0930,MMDU2026REG0930,MMDU,MMICTBM,CS,BCA,Cyber Security,Female,2002-02-10,23,OBC,Yes,UP,Indian,<2 LPA,10th,Business,Yes,Yes,Private,61.81,CBSE,67.97,CBSE,Arts,84,2301,Merit,0,2025-26,VI,BCA601,Final Semester,Core,4,4.19,FAC114,120,75,75,Medium,42,28,0.79,3,8,0.65,89,65,70,255,23,Flat,77,81,88,218,66.67,B+,9,5.27,8.24,Pass,2,3.5,6.6,6.2,Yes,40,Yes,Medium,4,2,74,Reading,66,77,12,3.56,38,68,Online,4.6,30,19,4,5,Yes
931,BCA0931,MMDU2026REG0931,MMDU,MMICTBM,CS,BCA,Cloud,Male,2004-05-17,23,ST,Yes,UP,Indian,<2 LPA,10th,Farmer,No,Yes,Private,74.26,CBSE,79.33,CBSE,Arts,59,5871,Quota,2,2025-26,VI,BCA601,Final Semester,Core,4,3.06,FAC102,120,91,91,High,36,44,0.82,0,11,0.87,62,82,79,184,12,Down,59,59,78,195,78.72,A+,9.4,5.65,8.29,Pass,2,2.7,6.9,2.6,No,13,No,Medium,3,5,42,Kinesthetic,57,48,4,3.54,20,75,Blended,3.98,11,25,4,4,Yes
932,BCA0932,MMDU2026REG0932,MMDU,MMICTBM,CS,BCA,Cyber Security,Male,2002-10-20,24,GEN,No,Haryana,Indian,<2 LPA,Post-Graduate,Business,No,No,NA,85.56,ICSE,92.85,State,Arts,63,3742,Management,0,2025-26,VI,BCA601,Final Semester,Core,4,3.74,FAC117,120,91,91,High,60,36,0.72,1,2,0.96,65,75,62,199,30,Down,66,67,89,183,82.67,C,8.8,5.24,6.02,Pass,1,6.2,6.7,6.6,Yes,39,No,High,4,2,65,Reading,89,82,14,3.8,20,54,Traditional,4.41,18,23,7,4,Yes
933,BCA0933,MMDU2026REG0933,MMDU,MMICTBM,CS,BCA,Cloud,Male,2002-02-20,24,ST,No,UP,Indian,6-8 LPA,Graduate,Farmer,No,No,NA,87.89,ICSE,59.38,CBSE,Commerce,80,4305,Merit,2,2025-26,VI,BCA601,Final Semester,Core,4,3.87,FAC115,120,66,66,Low,59,26,0.84,1,11,0.93,72,80,88,235,46,Up,73,71,55,185,74.08,B,8.2,5.5,8.95,Pass,2,7.5,7.7,5,Yes,51,Yes,Medium,2,2,87,Auditory,42,76,10,3.66,26,49,Traditional,3.69,15,30,8,4,No
934,BCA0934,MMDU2026REG0934,MMDU,MMICTBM,CS,BCA,Cloud,Female,2004-11-16,22,SC,No,Haryana,Indian,6-8 LPA,10th,Teacher,No,Yes,Govt,93.02,State,74.81,State,Arts,53,1475,Quota,2,2025-26,VI,BCA601,Final Semester,Core,4,3.15,FAC111,120,67,67,Low,54,32,0.76,2,3,0.8,75,76,70,228,55,Flat,59,73,88,225,66.01,A,7,6.83,7.53,Pass,0,4.8,6.1,2,No,49,No,Medium,3,5,64,Visual,65,81,16,4.23,35,50,Blended,4.2,26,8,3,5,Yes
935,BCA0935,MMDU2026REG0935,MMDU,MMICTBM,CS,BCA,Cyber Security,Male,2003-03-08,22,GEN,No,Bihar,Indian,6-8 LPA,10th,Farmer,Yes,Yes,Private,83.46,ICSE,63.33,State,Science,58,3305,Quota,0,2025-26,VI,BCA601,Final Semester,Core,4,3.85,FAC114,120,91,91,High,59,32,0.88,2,7,0.75,95,76,82,224,49,Up,89,74,76,204,81.4,B+,7.5,6.14,8.58,Pass,0,4.8,6,3.4,No,60,No,Medium,1,2,79,Visual,63,40,6,3.83,19,51,Traditional,4.75,14,36,10,4,No
936,BCA0936,MMDU2026REG0936,MMDU,MMICTBM,CS,BCA,AI,Female,2003-05-28,23,GEN,Yes,Bihar,Indian,<2 LPA,Post-Graduate,Business,Yes,Yes,NA,93.29,CBSE,62.18,CBSE,Arts,82,3349,Management,2,2025-26,VI,BCA601,Final Semester,Core,4,3.98,FAC115,120,83,83,Medium,55,22,0.94,0,1,0.72,88,69,65,269,9,Up,82,84,82,217,86.91,B+,8,7.48,6.15,Pass,1,6.2,6.7,6.6,Yes,11,Yes,High,1,5,44,Reading,58,56,7,3.77,30,41,Traditional,3.82,7,39,9,3,Yes
937,BCA0937,MMDU2026REG0937,MMDU,MMICTBM,CS,BCA,Cloud,Female,2002-09-23,23,SC,No,UP,Indian,2-4 LPA,Post-Graduate,Business,No,Yes,NA,82.48,State,77.74,State,Science,71,6336,Quota,1,2025-26,VI,BCA601,Final Semester,Core,4,3.08,FAC118,120,85,85,High,47,30,0.97,0,9,0.65,61,61,60,199,54,Up,86,61,61,227,82.19,B+,7.9,6.11,7.97,Pass,1,4.3,6,5.5,Yes,9,Yes,Medium,1,1,82,Auditory,82,85,10,4.99,20,61,Traditional,3.86,26,5,1,4,Yes
938,BCA0938,MMDU2026REG0938,MMDU,MMICTBM,CS,BCA,Data Science,Female,2003-07-11,21,SC,Yes,Punjab,Indian,2-4 LPA,Post-Graduate,Business,Yes,No,Private,72.02,CBSE,89.12,CBSE,Commerce,73,7528,Management,1,2025-26,VI,BCA601,Final Semester,Core,4,4.16,FAC110,120,69,69,Low,38,31,0.73,2,10,0.68,67,79,58,223,31,Down,76,72,61,202,82.4,A,8.1,7.42,7.03,Pass,2,6.3,7,4.2,No,52,Yes,High,2,3,88,Kinesthetic,74,87,17,4.62,29,38,Online,4.6,25,9,9,5,Yes
939,BCA0939,MMDU2026REG0939,MMDU,MMICTBM,CS,BCA,AI,Male,2002-02-18,23,GEN,No,Bihar,Indian,2-4 LPA,Post-Graduate,Teacher,Yes,No,NA,75.34,ICSE,73.11,CBSE,Arts,57,4565,Merit,0,2025-26,VI,BCA601,Final Semester,Core,4,4.03,FAC119,120,67,67,Low,39,29,0.97,5,4,0.99,81,56,70,209,50,Down,67,84,75,223,69.78,B,8.6,6.22,7.63,Pass,2,7.3,5.2,6.9,Yes,24,Yes,Low,5,1,72,Auditory,61,59,8,3.81,35,59,Online,4.95,8,40,3,0,Yes
940,BCA0940,MMDU2026REG0940,MMDU,MMICTBM,CS,BCA,AI,Male,2002-10-18,21,SC,No,Punjab,Indian,6-8 LPA,Post-Graduate,Service,No,No,NA,86.06,State,78.39,State,Arts,60,4501,Merit,1,2025-26,VI,BCA601,Final Semester,Core,4,3.87,FAC111,120,84,84,Medium,36,41,0.74,3,9,0.78,69,59,84,236,12,Down,56,84,90,209,73.55,A,6.8,5.05,8.24,Pass,1,2.3,8,4.5,No,20,No,Medium,4,4,81,Visual,46,71,5,3.87,36,50,Blended,3.79,19,14,0,4,No
941,BCA0941,MMDU2026REG0941,MMDU,MMICTBM,CS,BCA,Cloud,Male,2003-06-25,23,SC,No,Punjab,Indian,4-6 LPA,Post-Graduate,Business,Yes,No,Govt,66.67,State,76.99,CBSE,Science,76,5670,Management,2,2025-26,VI,BCA601,Final Semester,Core,4,3.32,FAC118,120,94,94,High,43,29,0.84,5,5,0.75,84,70,83,180,25,Down,79,68,61,189,72.77,B+,6.6,5.84,6.13,Pass,1,7.6,5.8,2.5,No,33,Yes,Low,4,1,83,Visual,67,87,11,4.14,26,54,Blended,4.27,17,33,9,5,No
942,BCA0942,MMDU2026REG0942,MMDU,MMICTBM,CS,BCA,Data Science,Male,2003-08-31,23,ST,No,UP,Indian,<2 LPA,Post-Graduate,Farmer,Yes,No,Govt,76.6,CBSE,56.21,State,Arts,60,1485,Management,0,2025-26,VI,BCA601,Final Semester,Core,4,4.33,FAC103,120,75,75,Medium,33,44,0.85,3,0,0.85,90,60,71,246,14,Flat,87,88,85,232,77.03,B,6.3,6.83,8.77,Pass,2,7.7,7.5,2.8,No,7,No,Low,3,4,41,Auditory,51,87,6,3.5,17,73,Blended,4.73,20,5,6,2,No
943,BCA0943,MMDU2026REG0943,MMDU,MMICTBM,CS,BCA,AI,Female,2002-02-15,22,SC,Yes,Haryana,Indian,6-8 LPA,10th,Service,Yes,No,Private,65.6,ICSE,86.86,CBSE,Science,53,7684,Management,0,2025-26,VI,BCA601,Final Semester,Core,4,4.5,FAC111,120,61,61,Low,59,38,0.86,0,12,0.79,75,66,55,193,5,Up,81,71,83,249,86.49,B+,7.5,9.31,7.04,Pass,0,4.5,5.8,4,No,25,No,Low,1,5,70,Visual,51,63,14,4.26,25,78,Traditional,3.68,20,36,2,1,Yes
944,BCA0944,MMDU2026REG0944,MMDU,MMICTBM,CS,BCA,Cyber Security,Male,2004-07-24,24,OBC,Yes,Punjab,Indian,<2 LPA,Graduate,Teacher,Yes,Yes,Govt,82.63,State,62.5,CBSE,Commerce,81,7371,Management,0,2025-26,VI,BCA601,Final Semester,Core,4,3.28,FAC107,120,71,71,Low,60,22,0.85,5,12,0.76,68,80,86,237,29,Flat,68,70,84,237,69.17,C,7.9,6.25,8.32,Pass,1,4.5,7.3,5.3,Yes,21,No,Low,3,3,77,Reading,52,40,11,4.33,37,63,Blended,4.09,15,22,8,1,Yes
945,BCA0945,MMDU2026REG0945,MMDU,MMICTBM,CS,BCA,AI,Male,2004-01-10,23,GEN,Yes,UP,Indian,4-6 LPA,10th,Business,Yes,No,Govt,74.1,ICSE,90.01,State,Commerce,90,4888,Merit,1,2025-26,VI,BCA601,Final Semester,Core,4,3.49,FAC105,120,93,93,High,31,24,0.82,2,10,0.72,68,86,88,268,24,Flat,63,59,82,225,68.72,C,6.7,5.44,6.27,Pass,2,5.2,6.4,6,No,21,Yes,Low,5,2,82,Auditory,78,56,8,4.67,21,33,Blended,3.78,23,33,7,2,Yes
946,BCA0946,MMDU2026REG0946,MMDU,MMICTBM,CS,BCA,AI,Male,2003-03-22,21,SC,No,UP,Indian,4-6 LPA,Graduate,Business,Yes,Yes,NA,80.51,CBSE,88.09,CBSE,Commerce,90,7696,Quota,0,2025-26,VI,BCA601,Final Semester,Core,4,3.42,FAC111,120,65,65,Low,55,41,0.88,3,3,0.74,93,62,67,225,26,Up,86,88,58,198,78.12,A,7.9,5.72,7.99,Pass,0,2.7,5.6,5.2,No,39,Yes,Low,2,3,48,Kinesthetic,75,70,5,3.74,18,75,Blended,4.71,27,10,4,3,No
947,BCA0947,MMDU2026REG0947,MMDU,MMICTBM,CS,BCA,Cyber Security,Male,2002-04-14,21,SC,Yes,Punjab,Indian,6-8 LPA,Graduate,Farmer,Yes,Yes,Govt,71.72,ICSE,55.62,State,Arts,58,1123,Management,2,2025-26,VI,BCA601,Final Semester,Core,4,4.45,FAC116,120,66,66,Low,43,32,0.98,2,9,0.85,62,55,79,223,19,Down,80,78,85,189,69.63,C,9.3,8.83,8.95,Pass,1,4.5,6.6,5.8,No,6,Yes,Low,2,3,56,Auditory,62,61,16,4.25,21,58,Online,4.48,26,8,4,2,Yes
948,BCA0948,MMDU2026REG0948,MMDU,MMICTBM,CS,BCA,Cyber Security,Female,2002-03-07,22,OBC,Yes,Haryana,Indian,2-4 LPA,Graduate,Business,No,No,NA,93.3,State,57.72,CBSE,Commerce,89,3317,Merit,1,2025-26,VI,BCA601,Final Semester,Core,4,3.73,FAC101,120,67,67,Low,33,34,0.78,4,9,0.62,95,67,81,187,33,Down,79,65,70,190,75.6,B,8,5.59,8.69,Pass,2,6,5.1,3,No,17,No,High,5,5,43,Reading,43,49,4,4.49,25,66,Online,4.94,9,19,2,0,No
949,BCA0949,MMDU2026REG0949,MMDU,MMICTBM,CS,BCA,Cyber Security,Male,2002-02-28,23,ST,No,Bihar,Indian,4-6 LPA,10th,Business,No,Yes,Private,72.75,ICSE,81.7,State,Science,80,7290,Merit,2,2025-26,VI,BCA601,Final Semester,Core,4,3.2,FAC118,120,93,93,High,29,40,0.74,0,11,0.65,87,77,67,191,5,Flat,71,72,84,190,70.24,A,8.8,5.09,7.17,Pass,0,2.8,5.5,3.1,Yes,34,No,Medium,5,2,48,Kinesthetic,89,66,7,4.37,40,52,Blended,4.87,21,25,0,4,No
950,BCA0950,MMDU2026REG0950,MMDU,MMICTBM,CS,BCA,Cyber Security,Female,2005-03-02,23,OBC,Yes,Punjab,Indian,4-6 LPA,10th,Business,No,No,Private,66.1,CBSE,78.33,State,Science,70,7763,Merit,2,2025-26,VI,BCA601,Final Semester,Core,4,3.56,FAC103,120,78,78,Medium,30,42,0.82,4,4,0.79,64,78,89,268,35,Down,65,72,77,180,71.65,A+,6.5,7.19,7.8,Pass,2,7.9,6.4,6.5,Yes,34,Yes,Medium,3,3,62,Reading,57,42,7,3.82,36,36,Online,4.44,13,23,9,3,Yes
951,BCA0951,MMDU2026REG0951,MMDU,MMICTBM,CS,BCA,Cyber Security,Female,2004-04-25,21,OBC,Yes,UP,Indian,<2 LPA,Graduate,Service,No,No,Govt,76.94,ICSE,63.71,CBSE,Commerce,72,3064,Merit,2,2025-26,VI,BCA601,Final Semester,Core,4,3.54,FAC116,120,80,80,Medium,26,45,0.84,0,8,0.91,67,74,55,240,23,Flat,69,82,63,266,69.42,A,7.1,8.28,8.9,Pass,0,6.5,5.4,3.2,No,36,Yes,Medium,5,5,42,Kinesthetic,72,56,12,3.78,31,80,Online,4.19,23,27,1,3,No
952,BCA0952,MMDU2026REG0952,MMDU,MMICTBM,CS,BCA,Cloud,Male,2003-07-12,21,ST,No,Bihar,Indian,2-4 LPA,Post-Graduate,Farmer,Yes,No,NA,76.65,CBSE,60.32,CBSE,Arts,64,3380,Merit,2,2025-26,VI,BCA601,Final Semester,Core,4,3.54,FAC112,120,88,88,High,23,28,0.84,5,10,0.72,73,64,89,180,10,Down,70,60,81,195,84.73,B+,9,6.41,8.2,Pass,0,4.4,7.7,6.6,No,18,Yes,Low,4,5,85,Visual,70,68,13,3.73,40,37,Traditional,3.77,17,35,9,3,No
953,BCA0953,MMDU2026REG0953,MMDU,MMICTBM,CS,BCA,Cloud,Female,2004-06-28,24,ST,No,UP,Indian,6-8 LPA,10th,Service,Yes,No,Govt,82.22,ICSE,72.55,State,Science,70,4196,Management,2,2025-26,VI,BCA601,Final Semester,Core,4,3.22,FAC110,120,71,71,Low,36,31,0.96,3,5,0.96,78,61,87,207,7,Down,74,87,59,193,79.56,A,6.3,6.78,6.55,Pass,1,4,5.4,4.1,No,56,Yes,Low,1,4,49,Kinesthetic,68,71,14,4.88,26,42,Online,3.97,26,24,1,4,Yes
954,BCA0954,MMDU2026REG0954,MMDU,MMICTBM,CS,BCA,AI,Female,2003-07-20,23,SC,No,Haryana,Indian,2-4 LPA,10th,Service,Yes,Yes,NA,62.52,CBSE,57.85,State,Science,62,5390,Quota,0,2025-26,VI,BCA601,Final Semester,Core,4,4.08,FAC107,120,100,100,High,39,23,0.88,4,1,0.61,67,64,73,239,22,Flat,60,65,77,233,73.79,B+,8.2,6.33,8.37,Pass,2,3.3,5.8,2.6,Yes,26,Yes,Medium,2,1,41,Kinesthetic,48,54,6,3.72,18,76,Blended,4.14,18,24,0,3,Yes
955,BCA0955,MMDU2026REG0955,MMDU,MMICTBM,CS,BCA,Data Science,Male,2003-02-20,23,GEN,Yes,Bihar,Indian,4-6 LPA,Post-Graduate,Service,No,No,Private,87.93,CBSE,71.07,CBSE,Arts,82,7352,Management,0,2025-26,VI,BCA601,Final Semester,Core,4,4.44,FAC119,120,63,63,Low,38,44,0.96,1,10,0.88,67,90,63,244,10,Flat,62,87,62,246,70.38,A,8,7.6,6.3,Pass,2,7,5.4,5.5,No,41,Yes,Medium,4,1,42,Reading,74,84,4,4.86,30,33,Blended,4.58,9,28,9,4,No
956,BCA0956,MMDU2026REG0956,MMDU,MMICTBM,CS,BCA,Cloud,Male,2003-04-17,21,OBC,No,Punjab,Indian,<2 LPA,Post-Graduate,Farmer,Yes,No,NA,92.22,State,72.03,State,Arts,87,3498,Quota,2,2025-26,VI,BCA601,Final Semester,Core,4,3.64,FAC113,120,89,89,High,47,29,0.94,4,5,0.67,90,90,64,208,25,Flat,76,55,66,265,67.96,A+,7.4,6.39,8.88,Pass,1,4.6,5.3,2.7,No,7,No,Medium,1,2,56,Auditory,47,85,10,4.01,25,58,Blended,3.97,24,35,7,2,No
957,BCA0957,MMDU2026REG0957,MMDU,MMICTBM,CS,BCA,Cloud,Female,2002-07-23,21,GEN,No,UP,Indian,4-6 LPA,Post-Graduate,Teacher,Yes,Yes,NA,69.13,ICSE,76.96,CBSE,Commerce,69,1890,Quota,1,2025-26,VI,BCA601,Final Semester,Core,4,3.96,FAC109,120,92,92,High,42,43,0.75,5,0,0.99,86,83,71,248,57,Down,90,87,61,220,84.34,C,8.8,9.17,7.23,Pass,0,4.4,7.3,4.5,No,40,Yes,High,4,4,55,Visual,41,87,6,4.52,22,44,Blended,4.92,16,16,6,2,No
958,BCA0958,MMDU2026REG0958,MMDU,MMICTBM,CS,BCA,Cloud,Male,2002-03-28,22,OBC,No,Haryana,Indian,6-8 LPA,Post-Graduate,Teacher,Yes,No,NA,84.57,State,70.82,State,Science,87,5147,Quota,0,2025-26,VI,BCA601,Final Semester,Core,4,3.75,FAC117,120,62,62,Low,34,32,0.94,4,3,0.8,73,76,82,238,44,Up,67,88,66,215,66.03,A,7.1,9.49,7.71,Pass,1,5,5.6,4,Yes,40,No,Low,3,3,69,Reading,79,84,7,4.28,15,39,Blended,3.86,24,15,7,1,No
959,BCA0959,MMDU2026REG0959,MMDU,MMICTBM,CS,BCA,Data Science,Female,2004-10-15,22,SC,No,Haryana,Indian,4-6 LPA,Graduate,Teacher,Yes,Yes,NA,68.6,ICSE,63,CBSE,Arts,72,5641,Management,0,2025-26,VI,BCA601,Final Semester,Core,4,4.31,FAC109,120,66,66,Low,27,29,0.92,0,0,0.8,80,63,56,183,2,Flat,88,63,75,183,69.07,A+,7.4,9.03,7.53,Pass,2,3.1,7.6,6.6,Yes,38,Yes,Medium,5,5,62,Reading,59,74,13,3.52,20,58,Blended,4.12,6,20,10,1,Yes
960,BCA0960,MMDU2026REG0960,MMDU,MMICTBM,CS,BCA,Cyber Security,Male,2003-06-27,23,GEN,No,UP,Indian,4-6 LPA,Graduate,Teacher,Yes,Yes,Govt,71.31,ICSE,55.14,CBSE,Arts,69,1295,Merit,1,2025-26,VI,BCA601,Final Semester,Core,4,3.23,FAC114,120,84,84,Medium,21,31,0.97,2,10,0.77,84,74,75,250,30,Up,62,55,84,221,81,B,6.3,9.45,8.93,Pass,2,2.7,7.8,2.6,No,47,No,Low,5,2,45,Reading,88,89,16,4.6,22,76,Traditional,4.03,26,12,1,2,Yes
961,BCA0961,MMDU2026REG0961,MMDU,MMICTBM,CS,BCA,Cloud,Male,2003-10-04,24,ST,No,Punjab,Indian,2-4 LPA,Post-Graduate,Teacher,No,No,Private,93.23,ICSE,89.41,State,Commerce,78,3445,Management,0,2025-26,VI,BCA601,Final Semester,Core,4,4.35,FAC120,120,66,66,Low,58,28,0.93,3,4,0.64,73,86,55,238,49,Flat,73,62,66,219,89.36,B+,7.3,7.27,7.46,Pass,1,3.5,6.8,3.5,Yes,40,No,Medium,2,2,72,Visual,79,70,5,3.89,37,48,Traditional,4.26,27,14,6,4,Yes
962,BCA0962,MMDU2026REG0962,MMDU,MMICTBM,CS,BCA,Cyber Security,Male,2003-10-23,24,GEN,No,Haryana,Indian,2-4 LPA,10th,Business,No,Yes,NA,70.53,State,90.47,State,Commerce,60,1598,Merit,0,2025-26,VI,BCA601,Final Semester,Core,4,3.72,FAC118,120,60,60,Low,42,41,0.96,4,10,1,83,73,57,248,24,Down,77,65,78,199,81.35,A,8.6,8.99,6.14,Pass,0,3,6.6,4.7,No,5,Yes,Medium,1,4,52,Reading,52,44,4,4.54,40,71,Online,3.84,30,31,10,1,No
963,BCA0963,MMDU2026REG0963,MMDU,MMICTBM,CS,BCA,Cloud,Male,2004-06-12,23,ST,No,Bihar,Indian,4-6 LPA,10th,Business,No,No,NA,62.22,State,93.83,State,Arts,84,4078,Merit,0,2025-26,VI,BCA601,Final Semester,Core,4,3.82,FAC120,120,79,79,Medium,43,28,0.75,5,3,0.64,83,73,84,214,1,Up,61,88,72,265,89.63,C,6.7,6.58,7.32,Pass,0,2.7,7.4,4.5,No,46,Yes,Medium,2,5,85,Visual,45,45,4,4.92,27,40,Blended,4.81,26,15,0,5,Yes
964,BCA0964,MMDU2026REG0964,MMDU,MMICTBM,CS,BCA,AI,Female,2002-08-09,23,ST,No,UP,Indian,2-4 LPA,10th,Farmer,Yes,No,Govt,90.18,CBSE,72.94,CBSE,Arts,62,3369,Quota,2,2025-26,VI,BCA601,Final Semester,Core,4,3.71,FAC117,120,65,65,Low,35,20,0.71,4,9,0.62,67,64,83,237,45,Down,86,71,55,263,88.01,B,6.6,7.29,6.9,Pass,1,4.1,5.6,6.1,No,54,Yes,Low,5,4,84,Kinesthetic,78,67,20,4.05,39,80,Online,3.56,29,36,6,3,Yes
965,BCA0965,MMDU2026REG0965,MMDU,MMICTBM,CS,BCA,Data Science,Female,2003-04-14,24,ST,No,UP,Indian,2-4 LPA,10th,Teacher,Yes,No,NA,63.29,CBSE,69.68,CBSE,Arts,90,7761,Quota,0,2025-26,VI,BCA601,Final Semester,Core,4,3.37,FAC105,120,62,62,Low,36,43,0.81,2,1,0.8,62,61,82,268,18,Down,77,79,81,264,74.96,B+,7.9,7.89,8.16,Pass,1,7.6,5.4,6.7,No,32,No,High,4,4,47,Kinesthetic,54,68,13,4.89,34,61,Blended,4.56,12,38,0,4,Yes
966,BCA0966,MMDU2026REG0966,MMDU,MMICTBM,CS,BCA,Cyber Security,Female,2004-04-19,23,SC,Yes,Punjab,Indian,2-4 LPA,Post-Graduate,Business,Yes,Yes,Private,70.42,State,87.07,CBSE,Arts,75,4656,Merit,1,2025-26,VI,BCA601,Final Semester,Core,4,4.15,FAC111,120,98,98,High,60,29,0.95,0,2,0.97,91,81,88,208,51,Down,65,57,62,196,88.8,A+,9.5,8.1,8.95,Pass,0,5.8,6.7,2.3,Yes,37,No,Low,2,1,54,Reading,73,80,16,3.74,28,73,Online,4.33,19,19,4,0,No
967,BCA0967,MMDU2026REG0967,MMDU,MMICTBM,CS,BCA,AI,Female,2004-10-03,24,ST,No,UP,Indian,4-6 LPA,Graduate,Service,Yes,No,Govt,72.08,State,59.84,State,Commerce,71,1113,Merit,0,2025-26,VI,BCA601,Final Semester,Core,4,3.51,FAC106,120,98,98,High,30,29,0.86,5,11,0.73,89,64,83,217,30,Down,70,56,65,226,72.94,A,6.5,6.78,7.15,Pass,1,4.2,5.3,3,No,16,No,Low,3,2,83,Kinesthetic,89,58,5,4.76,27,74,Traditional,4.33,11,40,6,0,No
968,BCA0968,MMDU2026REG0968,MMDU,MMICTBM,CS,BCA,Cyber Security,Male,2005-01-25,24,OBC,No,Bihar,Indian,<2 LPA,Graduate,Teacher,Yes,No,Private,86.81,State,78.78,State,Arts,82,2882,Quota,2,2025-26,VI,BCA601,Final Semester,Core,4,4.41,FAC109,120,69,69,Low,33,27,0.87,4,3,0.81,69,57,75,182,30,Down,64,82,84,207,71.24,C,8.8,5.38,7.03,Pass,0,7.4,7.6,6.3,Yes,15,No,Low,2,1,48,Auditory,90,66,20,4.99,33,35,Traditional,3.82,18,38,4,3,Yes
969,BCA0969,MMDU2026REG0969,MMDU,MMICTBM,CS,BCA,AI,Male,2003-04-20,21,GEN,No,UP,Indian,<2 LPA,Post-Graduate,Farmer,No,Yes,NA,88.12,ICSE,90.67,CBSE,Commerce,71,1871,Merit,2,2025-26,VI,BCA601,Final Semester,Core,4,3.16,FAC108,120,89,89,High,35,44,0.79,2,11,0.76,83,67,61,183,17,Up,70,77,85,243,61.14,A,8.7,6.02,8.79,Pass,2,6.6,5.2,4.4,Yes,43,No,High,1,2,59,Reading,89,42,19,3.57,20,72,Traditional,4.32,24,16,0,1,No
970,BCA0970,MMDU2026REG0970,MMDU,MMICTBM,CS,BCA,Cloud,Male,2003-12-08,21,ST,Yes,Haryana,Indian,4-6 LPA,Post-Graduate,Farmer,No,Yes,Govt,78.68,CBSE,82.94,State,Commerce,87,2836,Management,1,2025-26,VI,BCA601,Final Semester,Core,4,3.11,FAC108,120,87,87,High,25,24,0.83,2,11,0.73,65,72,78,184,2,Flat,68,74,74,265,67.55,A,6.6,6.21,8.41,Pass,1,7,6.8,6.1,Yes,21,No,Medium,3,2,77,Auditory,57,87,6,4.4,19,71,Traditional,4.29,21,10,2,5,No
971,BCA0971,MMDU2026REG0971,MMDU,MMICTBM,CS,BCA,Cloud,Female,2005-02-01,21,OBC,Yes,Haryana,Indian,<2 LPA,10th,Service,Yes,No,Govt,73.52,CBSE,92.55,CBSE,Science,74,7602,Quota,0,2025-26,VI,BCA601,Final Semester,Core,4,3.01,FAC119,120,79,79,Medium,42,29,0.78,3,10,0.74,67,62,66,206,14,Up,84,83,77,247,78.99,B,9,7.82,6.87,Pass,1,2.3,5.6,6.3,No,40,Yes,Low,5,3,65,Visual,84,70,8,4.54,26,79,Blended,3.84,10,6,1,0,Yes
972,BCA0972,MMDU2026REG0972,MMDU,MMICTBM,CS,BCA,Cloud,Male,2002-06-21,22,OBC,Yes,Haryana,Indian,4-6 LPA,Post-Graduate,Teacher,No,Yes,Private,86.3,CBSE,83.76,State,Commerce,88,5623,Management,2,2025-26,VI,BCA601,Final Semester,Core,4,3.9,FAC102,120,63,63,Low,57,32,0.95,5,7,0.75,90,85,58,234,16,Up,89,88,88,240,61.73,B,7.7,6.24,6.22,Pass,0,2.5,7,2.1,Yes,35,No,Low,4,3,84,Visual,48,88,15,3.68,39,57,Blended,5,23,31,3,2,Yes
973,BCA0973,MMDU2026REG0973,MMDU,MMICTBM,CS,BCA,AI,Male,2004-04-02,21,ST,No,Haryana,Indian,2-4 LPA,Graduate,Teacher,No,No,Govt,80.43,CBSE,65.49,CBSE,Commerce,75,1318,Management,0,2025-26,VI,BCA601,Final Semester,Core,4,3.53,FAC120,120,78,78,Medium,47,26,0.93,0,9,0.61,63,75,71,205,53,Down,57,84,90,247,62.72,B,7.7,7.08,6.86,Pass,2,7.2,7.7,2.3,Yes,55,Yes,Medium,1,2,50,Auditory,43,74,18,4.02,30,54,Traditional,3.59,26,15,10,2,No
974,BCA0974,MMDU2026REG0974,MMDU,MMICTBM,CS,BCA,Data Science,Male,2002-03-24,21,SC,Yes,Bihar,Indian,<2 LPA,10th,Business,Yes,Yes,NA,64.04,ICSE,93.15,State,Arts,56,3033,Management,1,2025-26,VI,BCA601,Final Semester,Core,4,3.36,FAC117,120,80,80,Medium,26,41,0.96,2,1,0.86,73,79,67,260,26,Flat,82,81,89,185,71.87,B,8.4,7.17,8.44,Pass,0,6.7,6.3,3.8,No,20,Yes,High,5,3,46,Reading,61,45,6,4.26,23,42,Online,4.19,20,18,3,0,Yes
975,BCA0975,MMDU2026REG0975,MMDU,MMICTBM,CS,BCA,Cyber Security,Male,2005-03-01,22,GEN,No,Punjab,Indian,6-8 LPA,10th,Business,Yes,Yes,Private,94.11,CBSE,63.37,State,Science,63,6715,Management,0,2025-26,VI,BCA601,Final Semester,Core,4,3.31,FAC101,120,86,86,High,22,26,0.79,5,5,0.77,88,66,79,252,5,Up,88,63,88,196,77.56,A,7.3,7.51,8.2,Pass,1,2.1,5.9,6.1,Yes,47,No,High,4,5,75,Auditory,61,61,4,4.81,30,46,Blended,3.86,12,9,8,1,Yes
976,BCA0976,MMDU2026REG0976,MMDU,MMICTBM,CS,BCA,Cyber Security,Male,2005-01-22,24,ST,No,Haryana,Indian,2-4 LPA,10th,Business,Yes,Yes,Private,63.49,CBSE,56.72,State,Arts,57,3699,Merit,0,2025-26,VI,BCA601,Final Semester,Core,4,3.61,FAC104,120,82,82,Medium,44,32,0.81,2,7,0.81,69,63,80,187,21,Up,90,66,55,259,71.92,B+,6.3,5.51,8.03,Pass,0,4.5,5.2,4,No,22,No,Low,5,3,83,Kinesthetic,77,85,4,3.58,18,45,Traditional,4.01,22,19,10,4,Yes
977,BCA0977,MMDU2026REG0977,MMDU,MMICTBM,CS,BCA,AI,Female,2004-06-16,23,ST,Yes,Punjab,Indian,6-8 LPA,10th,Farmer,No,No,Private,78.82,ICSE,70.1,State,Commerce,63,5077,Management,0,2025-26,VI,BCA601,Final Semester,Core,4,3.94,FAC111,120,88,88,High,39,43,0.89,1,8,0.61,62,78,84,243,19,Flat,74,69,63,182,67.22,B,8.3,8.74,7.19,Pass,2,6.8,6.2,2.7,No,32,No,High,3,4,51,Kinesthetic,87,49,16,3.99,23,47,Blended,4.23,30,40,1,5,No
978,BCA0978,MMDU2026REG0978,MMDU,MMICTBM,CS,BCA,Cloud,Female,2003-08-24,23,SC,Yes,Bihar,Indian,4-6 LPA,Post-Graduate,Farmer,No,No,NA,62.49,ICSE,86.05,State,Arts,56,5848,Quota,2,2025-26,VI,BCA601,Final Semester,Core,4,3.5,FAC119,120,70,70,Low,35,45,0.95,3,9,0.77,65,82,71,193,47,Down,89,64,70,224,62.4,A+,8.4,7.6,8.61,Pass,2,3.6,6,2.4,Yes,56,Yes,High,2,3,59,Visual,89,60,7,3.79,36,57,Online,4.24,27,31,1,4,No
979,BCA0979,MMDU2026REG0979,MMDU,MMICTBM,CS,BCA,AI,Male,2003-09-21,24,GEN,No,Bihar,Indian,4-6 LPA,Graduate,Service,No,No,Govt,90.03,ICSE,57.91,CBSE,Arts,78,6342,Management,0,2025-26,VI,BCA601,Final Semester,Core,4,3.73,FAC120,120,82,82,Medium,48,29,0.74,1,3,0.92,65,81,60,252,35,Flat,70,62,59,184,89.46,A,6.4,6.49,7.45,Pass,1,2.9,7.5,3.9,Yes,46,Yes,Low,1,2,51,Kinesthetic,76,56,17,3.97,24,80,Blended,4.61,25,30,3,0,Yes
980,BCA0980,MMDU2026REG0980,MMDU,MMICTBM,CS,BCA,AI,Male,2003-06-21,24,SC,No,UP,Indian,<2 LPA,Graduate,Service,Yes,No,Govt,92.25,CBSE,72.45,State,Arts,87,5990,Quota,0,2025-26,VI,BCA601,Final Semester,Core,4,3.62,FAC108,120,98,98,High,49,21,0.92,2,3,0.67,61,60,63,254,28,Up,90,82,82,197,69.31,B+,8.1,9.09,7.31,Pass,0,3.9,6.5,5.6,Yes,21,No,Medium,4,3,64,Visual,79,61,6,4.14,31,53,Online,3.62,26,31,3,5,No
981,BCA0981,MMDU2026REG0981,MMDU,MMICTBM,CS,BCA,Cyber Security,Male,2003-03-16,21,GEN,No,UP,Indian,4-6 LPA,10th,Teacher,Yes,Yes,NA,65.56,ICSE,86.98,CBSE,Science,82,7298,Merit,1,2025-26,VI,BCA601,Final Semester,Core,4,3.99,FAC115,120,91,91,High,56,39,0.97,5,8,0.95,92,80,74,180,13,Down,90,78,89,265,84.29,C,8.1,5.91,8.58,Pass,2,5.5,6.3,6.2,Yes,27,No,Medium,3,4,74,Auditory,86,61,6,4.66,15,44,Blended,4.56,26,20,9,3,No
982,BCA0982,MMDU2026REG0982,MMDU,MMICTBM,CS,BCA,Cyber Security,Male,2004-01-17,23,GEN,Yes,Punjab,Indian,6-8 LPA,Graduate,Business,No,Yes,Govt,80.99,State,78.16,State,Commerce,76,5006,Merit,2,2025-26,VI,BCA601,Final Semester,Core,4,3.45,FAC119,120,75,75,Medium,55,45,0.8,3,2,0.89,69,72,77,201,49,Flat,67,87,74,199,77.64,C,6.8,5.02,8.25,Pass,0,3.1,7.7,3.2,Yes,43,No,Low,2,2,90,Kinesthetic,68,81,15,4.92,35,66,Blended,4.5,16,34,7,2,Yes
983,BCA0983,MMDU2026REG0983,MMDU,MMICTBM,CS,BCA,Data Science,Female,2004-12-30,23,ST,No,Haryana,Indian,6-8 LPA,Graduate,Service,No,Yes,NA,91.98,State,62.84,State,Arts,61,6566,Management,2,2025-26,VI,BCA601,Final Semester,Core,4,4.32,FAC117,120,83,83,Medium,30,22,0.79,3,0,0.82,72,72,80,196,10,Down,64,82,89,247,86.86,A,8.7,6.09,7,Pass,1,3.8,5.7,3.6,No,15,Yes,Low,5,4,48,Kinesthetic,57,89,8,3.9,30,78,Blended,4.35,9,37,0,2,No
984,BCA0984,MMDU2026REG0984,MMDU,MMICTBM,CS,BCA,AI,Male,2004-12-04,23,SC,Yes,UP,Indian,<2 LPA,Graduate,Service,No,Yes,NA,75.39,State,91.16,CBSE,Commerce,88,3068,Management,2,2025-26,VI,BCA601,Final Semester,Core,4,4.05,FAC112,120,78,78,Medium,32,24,0.98,2,7,0.69,63,84,55,267,13,Flat,80,72,73,214,80.66,A+,8,5.49,8.36,Pass,0,6,5.6,6.3,No,50,No,Medium,1,4,40,Reading,73,43,6,4.63,19,52,Blended,4.34,14,9,6,1,Yes
985,BCA0985,MMDU2026REG0985,MMDU,MMICTBM,CS,BCA,AI,Male,2003-05-08,21,SC,Yes,Bihar,Indian,4-6 LPA,Graduate,Business,No,No,NA,82.4,CBSE,78.49,CBSE,Arts,78,7646,Management,0,2025-26,VI,BCA601,Final Semester,Core,4,3.5,FAC115,120,95,95,High,38,22,0.98,3,5,0.88,81,62,75,228,34,Flat,67,63,84,228,70.11,B+,6.9,5.82,6.09,Pass,2,5,5.3,3.8,No,46,No,Medium,4,2,56,Reading,69,41,7,4.81,32,61,Blended,4.16,19,14,3,4,No
986,BCA0986,MMDU2026REG0986,MMDU,MMICTBM,CS,BCA,Cloud,Female,2002-08-15,21,GEN,Yes,Haryana,Indian,<2 LPA,10th,Farmer,No,Yes,NA,76.82,State,66.13,State,Commerce,74,5630,Management,2,2025-26,VI,BCA601,Final Semester,Core,4,3.39,FAC104,120,63,63,Low,55,27,0.78,3,10,0.69,77,67,84,221,26,Flat,89,74,85,231,60.73,C,7.4,8.55,8.77,Pass,0,3.7,7.7,4.2,No,29,Yes,Low,1,3,89,Visual,42,72,16,4.76,17,58,Online,3.68,11,39,8,0,Yes
987,BCA0987,MMDU2026REG0987,MMDU,MMICTBM,CS,BCA,Cloud,Female,2003-03-12,23,GEN,No,Punjab,Indian,<2 LPA,Graduate,Farmer,No,Yes,Govt,73.27,CBSE,68.14,CBSE,Science,72,2612,Quota,2,2025-26,VI,BCA601,Final Semester,Core,4,4.3,FAC106,120,83,83,Medium,32,43,0.86,2,3,0.67,82,78,69,234,60,Flat,70,69,58,235,60.94,A,8.8,8.69,6.32,Pass,2,3,6.9,7,Yes,56,No,Medium,5,1,65,Auditory,50,63,6,3.83,40,71,Traditional,4.94,13,9,3,4,No
988,BCA0988,MMDU2026REG0988,MMDU,MMICTBM,CS,BCA,Cloud,Male,2005-02-24,21,ST,No,Bihar,Indian,2-4 LPA,10th,Business,No,No,NA,69.27,CBSE,69.81,State,Arts,87,1390,Quota,2,2025-26,VI,BCA601,Final Semester,Core,4,3.21,FAC108,120,93,93,High,35,38,0.8,5,6,0.93,90,89,65,224,31,Up,84,80,86,189,63.92,A+,8.5,5.06,8.51,Pass,2,3.3,5.5,3.6,No,58,Yes,High,5,1,72,Auditory,80,49,10,3.98,32,68,Blended,3.73,14,16,5,1,Yes
989,BCA0989,MMDU2026REG0989,MMDU,MMICTBM,CS,BCA,Cyber Security,Male,2003-09-19,21,SC,No,Bihar,Indian,<2 LPA,Graduate,Teacher,No,Yes,Private,74.38,CBSE,94.33,State,Arts,66,5560,Quota,0,2025-26,VI,BCA601,Final Semester,Core,4,3.79,FAC103,120,95,95,High,53,45,0.81,2,0,0.85,82,57,84,219,49,Down,75,84,67,211,61.81,A,8.1,6.07,6.87,Pass,1,3,5.6,2,No,8,Yes,Medium,4,3,45,Visual,89,54,20,4.97,31,41,Online,3.81,7,39,7,3,Yes
990,BCA0990,MMDU2026REG0990,MMDU,MMICTBM,CS,BCA,Cyber Security,Female,2003-11-15,23,SC,No,UP,Indian,<2 LPA,10th,Service,No,Yes,Private,82.67,ICSE,85.64,CBSE,Arts,84,5852,Quota,1,2025-26,VI,BCA601,Final Semester,Core,4,4.3,FAC108,120,66,66,Low,40,28,0.72,1,1,0.81,86,69,55,195,46,Flat,71,55,89,260,70.2,C,8.8,5.86,7.64,Pass,0,4.4,7.5,4.4,No,11,Yes,Low,4,1,55,Auditory,58,75,13,3.72,16,33,Online,4.76,27,39,6,4,No
991,BCA0991,MMDU2026REG0991,MMDU,MMICTBM,CS,BCA,Data Science,Female,2004-06-12,24,SC,Yes,Haryana,Indian,2-4 LPA,Post-Graduate,Service,Yes,Yes,Private,90.2,State,92.03,State,Arts,64,7750,Merit,1,2025-26,VI,BCA601,Final Semester,Core,4,3.71,FAC107,120,66,66,Low,26,27,0.74,5,9,0.62,64,84,65,218,38,Flat,61,74,57,230,82.23,B+,9,9.41,8.06,Pass,0,2.8,6.8,4.5,No,60,No,High,3,4,62,Reading,87,55,18,4.82,21,42,Online,4.5,7,28,9,2,Yes
992,BCA0992,MMDU2026REG0992,MMDU,MMICTBM,CS,BCA,Data Science,Male,2003-07-22,24,SC,Yes,UP,Indian,<2 LPA,10th,Teacher,No,Yes,Private,61.21,CBSE,89.04,CBSE,Science,62,5184,Quota,1,2025-26,VI,BCA601,Final Semester,Core,4,3.16,FAC103,120,96,96,High,25,45,0.95,5,0,0.6,95,62,89,267,55,Down,72,67,60,207,69.65,A+,6.6,8.51,7.35,Pass,1,2.7,8,2.2,Yes,22,No,High,5,4,74,Auditory,90,47,12,4.41,28,55,Traditional,3.54,7,12,3,0,Yes
993,BCA0993,MMDU2026REG0993,MMDU,MMICTBM,CS,BCA,Cyber Security,Male,2005-04-04,21,ST,Yes,UP,Indian,4-6 LPA,Post-Graduate,Farmer,Yes,No,NA,61.99,ICSE,91.89,CBSE,Arts,62,2631,Management,2,2025-26,VI,BCA601,Final Semester,Core,4,4.33,FAC116,120,70,70,Low,59,34,0.8,1,2,0.72,82,90,88,210,54,Up,60,71,58,266,73.83,A+,8.9,7.22,7.54,Pass,0,7.1,7,4.6,No,5,Yes,Medium,1,4,74,Visual,86,69,5,4.92,38,65,Traditional,3.98,12,27,9,0,No
994,BCA0994,MMDU2026REG0994,MMDU,MMICTBM,CS,BCA,Cloud,Male,2003-03-21,24,ST,No,Punjab,Indian,6-8 LPA,Graduate,Farmer,No,Yes,Private,77.2,CBSE,61.67,State,Science,52,6467,Management,2,2025-26,VI,BCA601,Final Semester,Core,4,4.04,FAC103,120,70,70,Low,20,32,0.71,0,1,0.68,93,57,66,214,20,Flat,69,78,76,227,62.68,C,8.5,8.5,7.64,Pass,1,7.6,5.6,2.6,Yes,14,No,Medium,5,2,57,Auditory,65,61,15,3.94,15,46,Traditional,4.3,28,37,6,5,No
995,BCA0995,MMDU2026REG0995,MMDU,MMICTBM,CS,BCA,Cloud,Female,2003-01-02,24,GEN,Yes,UP,Indian,6-8 LPA,10th,Business,Yes,No,NA,93.56,CBSE,87.38,CBSE,Science,75,5967,Merit,2,2025-26,VI,BCA601,Final Semester,Core,4,3.52,FAC110,120,95,95,High,43,27,0.79,0,11,0.99,75,69,69,226,41,Flat,75,65,81,242,67.85,B+,7.8,8.79,7.94,Pass,2,6.7,6.8,4,No,57,Yes,Low,4,2,43,Auditory,84,65,16,3.86,34,61,Blended,4.79,5,34,5,1,Yes
996,BCA0996,MMDU2026REG0996,MMDU,MMICTBM,CS,BCA,Cyber Security,Female,2003-10-23,22,ST,No,Punjab,Indian,6-8 LPA,10th,Farmer,Yes,Yes,Govt,69.49,ICSE,57.42,CBSE,Arts,83,3160,Management,1,2025-26,VI,BCA601,Final Semester,Core,4,4.22,FAC107,120,89,89,High,46,22,0.83,2,4,0.94,72,76,77,248,53,Flat,60,68,58,226,83.58,C,8.7,8.41,6.09,Pass,1,2.8,5.9,4.4,Yes,49,Yes,Medium,4,3,42,Auditory,41,88,18,4.66,17,52,Blended,4.65,28,28,7,0,Yes
997,BCA0997,MMDU2026REG0997,MMDU,MMICTBM,CS,BCA,Cyber Security,Male,2004-01-05,23,ST,Yes,Punjab,Indian,2-4 LPA,Post-Graduate,Service,Yes,Yes,Govt,61.27,State,88.95,CBSE,Science,68,6870,Merit,2,2025-26,VI,BCA601,Final Semester,Core,4,3.22,FAC120,120,72,72,Low,23,33,0.77,2,3,0.93,79,71,90,193,55,Up,73,88,67,191,84.66,B,8.1,6.19,8.54,Pass,2,3.4,6.8,2.7,Yes,28,No,Low,4,5,55,Auditory,76,88,5,4.63,40,44,Blended,4.78,9,13,2,1,No
998,BCA0998,MMDU2026REG0998,MMDU,MMICTBM,CS,BCA,Cloud,Male,2002-01-09,24,ST,No,Punjab,Indian,6-8 LPA,10th,Teacher,No,No,Govt,66.73,CBSE,92.92,State,Commerce,59,3964,Merit,2,2025-26,VI,BCA601,Final Semester,Core,4,3.65,FAC109,120,96,96,High,52,28,0.98,3,11,0.98,81,57,81,264,43,Flat,71,70,67,203,80.18,B,6.3,6.42,8.35,Pass,0,2.9,7.7,5.6,No,26,Yes,Medium,4,3,74,Visual,65,45,9,4.33,31,68,Online,3.83,24,20,5,2,Yes
999,BCA0999,MMDU2026REG0999,MMDU,MMICTBM,CS,BCA,Data Science,Male,2004-05-11,23,ST,Yes,Haryana,Indian,<2 LPA,Post-Graduate,Teacher,No,No,NA,62.56,ICSE,56.26,CBSE,Science,89,6001,Merit,1,2025-26,VI,BCA601,Final Semester,Core,4,4.17,FAC107,120,82,82,Medium,44,28,0.79,4,3,0.84,70,77,57,223,29,Flat,77,81,76,217,79.89,A+,6.7,8.14,7.57,Pass,2,3.5,6.5,3.1,Yes,38,Yes,High,1,1,76,Auditory,42,79,20,3.78,19,49,Traditional,4.72,26,15,7,5,No
1000,BCA1000,MMDU2026REG1000,MMDU,MMICTBM,CS,BCA,AI,Female,2003-10-10,21,OBC,No,Bihar,Indian,2-4 LPA,Graduate,Service,Yes,Yes,Private,85.04,ICSE,91.95,State,Commerce,59,2303,Merit,2,2025-26,VI,BCA601,Final Semester,Core,4,3.17,FAC118,120,76,76,Medium,60,22,0.99,1,11,0.98,86,72,68,219,20,Flat,56,62,86,265,60.58,B,6.9,7.99,8.6,Pass,1,2.4,7.8,4.4,No,33,No,High,5,4,82,Auditory,78,60,5,4.54,24,36,Traditional,4.45,23,13,1,0,No
1001,BCA1001,MMDU2026REG1001,MMDU,MMICTBM,CS,BCA,Data Science,Male,2004-02-02,23,OBC,Yes,Punjab,Indian,<2 LPA,Graduate,Farmer,Yes,Yes,Govt,64.31,State,57.76,CBSE,Commerce,85,1661,Merit,2,2025-26,VI,BCA601,Final Semester,Core,4,3.66,FAC110,120,80,80,Medium,57,32,0.84,1,9,0.69,73,84,70,247,31,Up,76,86,90,253,65.46,C,9.1,8.97,6.37,Pass,0,3.7,5.6,2.7,Yes,6,No,High,1,2,86,Reading,64,54,3,4.81,22,37,Online,4.91,10,18,4,5,Yes
1002,BCA1002,MMDU2026REG1002,MMDU,MMICTBM,CS,BCA,Data Science,Female,2004-08-31,24,SC,No,UP,Indian,2-4 LPA,Post-Graduate,Farmer,No,Yes,Private,64.32,State,76.19,CBSE,Arts,55,6996,Management,1,2025-26,VI,BCA601,Final Semester,Core,4,3.89,FAC113,120,85,85,High,27,45,0.93,2,8,0.74,72,82,69,223,42,Down,75,72,89,244,60.21,B,8.2,6.86,8.61,Pass,1,3.6,6.1,5.7,Yes,16,Yes,High,1,4,85,Visual,86,61,7,4.88,37,64,Online,4.17,21,5,4,4,No
1003,BCA1003,MMDU2026REG1003,MMDU,MMICTBM,CS,BCA,Cloud,Female,2004-03-14,24,GEN,Yes,Punjab,Indian,<2 LPA,10th,Farmer,Yes,No,Govt,70.84,State,58.07,CBSE,Arts,62,3140,Management,0,2025-26,VI,BCA601,Final Semester,Core,4,3.5,FAC117,120,80,80,Medium,22,33,0.73,1,6,0.67,67,77,66,244,32,Flat,62,82,86,212,65.84,C,9.5,8.27,8.42,Pass,1,5.8,7.5,5.2,Yes,54,No,Medium,1,2,43,Auditory,69,61,6,3.71,37,60,Online,3.85,30,23,9,3,Yes
1004,BCA1004,MMDU2026REG1004,MMDU,MMICTBM,CS,BCA,AI,Male,2003-02-17,22,GEN,Yes,Bihar,Indian,6-8 LPA,10th,Business,Yes,No,NA,74.9,ICSE,55.45,CBSE,Commerce,80,4108,Merit,1,2025-26,VI,BCA601,Final Semester,Core,4,3.06,FAC109,120,86,86,High,44,43,0.92,3,10,0.68,75,70,81,203,48,Up,84,61,84,266,77.44,A+,6.3,9.14,6.97,Pass,1,3.4,7.8,6.7,Yes,50,No,High,2,1,77,Kinesthetic,80,60,17,4.76,30,37,Online,4.52,29,17,10,3,Yes
1005,BCA1005,MMDU2026REG1005,MMDU,MMICTBM,CS,BCA,AI,Male,2004-05-05,23,GEN,No,Punjab,Indian,4-6 LPA,10th,Teacher,No,Yes,Govt,65.62,ICSE,84.02,State,Commerce,58,3173,Quota,1,2025-26,VI,BCA601,Final Semester,Core,4,3.11,FAC115,120,66,66,Low,30,29,0.75,2,4,0.95,64,88,85,260,29,Flat,89,75,57,265,66.43,B,7.1,6.36,8.83,Pass,0,3.1,6.5,2.9,No,36,Yes,High,1,4,77,Kinesthetic,65,46,20,4.33,25,49,Traditional,3.96,27,26,3,2,Yes
1006,BCA1006,MMDU2026REG1006,MMDU,MMICTBM,CS,BCA,Cloud,Male,2003-02-03,23,SC,Yes,Haryana,Indian,2-4 LPA,Graduate,Farmer,No,Yes,Private,93.5,CBSE,58.2,State,Arts,85,2965,Quota,0,2025-26,VI,BCA601,Final Semester,Core,4,4.11,FAC106,120,99,99,High,36,42,0.8,1,0,0.8,66,76,59,205,55,Up,74,55,84,261,63.63,B,6.4,8.97,7.75,Pass,2,6.7,5.1,5.8,No,27,Yes,Medium,5,2,41,Visual,64,48,14,4.02,16,52,Online,4.64,29,30,5,1,Yes
1007,BCA1007,MMDU2026REG1007,MMDU,MMICTBM,CS,BCA,Data Science,Female,2003-07-27,21,ST,No,Haryana,Indian,6-8 LPA,10th,Teacher,Yes,No,NA,76.04,ICSE,82.12,CBSE,Science,86,6538,Management,2,2025-26,VI,BCA601,Final Semester,Core,4,3.6,FAC120,120,89,89,High,33,41,0.91,3,8,0.86,72,62,73,217,40,Up,62,75,78,246,76.67,A+,8.2,9.21,8.05,Pass,2,5.2,7.9,5.6,No,10,Yes,High,2,5,57,Reading,71,74,14,3.68,33,54,Traditional,3.84,24,7,6,0,No
1008,BCA1008,MMDU2026REG1008,MMDU,MMICTBM,CS,BCA,Cloud,Male,2004-07-25,22,SC,Yes,UP,Indian,<2 LPA,Post-Graduate,Business,No,No,Private,64.6,ICSE,94.39,State,Arts,65,5959,Merit,0,2025-26,VI,BCA601,Final Semester,Core,4,3.66,FAC107,120,75,75,Medium,38,43,0.75,1,5,0.83,90,64,61,252,10,Down,77,84,77,261,89.09,B,7.5,6.34,7.61,Pass,2,2.3,7.2,2.4,No,45,No,Medium,5,4,46,Auditory,57,71,5,4.52,18,63,Blended,4.24,7,40,3,3,Yes
1009,BCA1009,MMDU2026REG1009,MMDU,MMICTBM,CS,BCA,AI,Female,2003-02-19,24,GEN,No,Haryana,Indian,4-6 LPA,Post-Graduate,Farmer,Yes,No,Private,85,CBSE,66.34,State,Science,78,1892,Management,2,2025-26,VI,BCA601,Final Semester,Core,4,4.3,FAC110,120,76,76,Medium,47,40,0.7,1,6,0.82,71,72,72,222,11,Down,56,77,87,227,78.78,B+,9.3,8.31,7.67,Pass,1,2.3,5.7,5.1,Yes,18,Yes,High,4,5,78,Kinesthetic,50,90,15,3.91,38,53,Blended,3.97,19,21,0,3,Yes
1010,BCA1010,MMDU2026REG1010,MMDU,MMICTBM,CS,BCA,Data Science,Female,2004-12-03,21,GEN,No,Bihar,Indian,<2 LPA,Graduate,Farmer,No,Yes,Private,93.8,CBSE,65.34,CBSE,Science,61,5341,Management,2,2025-26,VI,BCA601,Final Semester,Core,4,3.91,FAC105,120,93,93,High,33,28,0.74,1,9,0.72,79,65,61,186,7,Flat,90,76,69,234,67.24,A+,6.1,7.83,6.37,Pass,2,3.6,6.8,2.6,No,8,Yes,Low,5,3,67,Kinesthetic,83,88,14,4.7,23,72,Blended,4.35,23,39,6,2,Yes
1011,BCA1011,MMDU2026REG1011,MMDU,MMICTBM,CS,BCA,Data Science,Female,2004-11-01,23,GEN,Yes,UP,Indian,4-6 LPA,Post-Graduate,Service,Yes,Yes,Govt,61.14,State,72.77,CBSE,Arts,60,7270,Merit,2,2025-26,VI,BCA601,Final Semester,Core,4,4.44,FAC104,120,76,76,Medium,51,43,0.87,2,10,0.91,79,61,60,254,48,Flat,57,71,57,189,87.9,A,7.1,6.32,7.58,Pass,2,6.8,7.3,2.3,Yes,44,No,Medium,3,5,80,Auditory,60,89,12,3.69,25,30,Blended,4.04,26,27,7,1,No
1012,BCA1012,MMDU2026REG1012,MMDU,MMICTBM,CS,BCA,Cloud,Male,2004-01-11,23,ST,Yes,Bihar,Indian,<2 LPA,10th,Farmer,Yes,No,Govt,88.26,CBSE,56.07,CBSE,Science,64,3923,Merit,1,2025-26,VI,BCA601,Final Semester,Core,4,4.23,FAC120,120,66,66,Low,54,26,0.8,1,0,0.64,77,67,65,256,2,Up,86,83,66,181,80.45,B,7.1,6.37,6.02,Pass,2,3.4,7.8,4.1,No,54,Yes,Medium,4,3,87,Auditory,48,46,14,3.66,29,62,Traditional,4.93,5,30,4,4,No
1013,BCA1013,MMDU2026REG1013,MMDU,MMICTBM,CS,BCA,Cloud,Female,2002-07-31,24,OBC,Yes,UP,Indian,<2 LPA,Post-Graduate,Farmer,Yes,No,Govt,87.47,ICSE,67.89,CBSE,Arts,61,1138,Quota,1,2025-26,VI,BCA601,Final Semester,Core,4,4.13,FAC118,120,84,84,Medium,36,35,0.75,0,0,0.87,80,57,88,195,19,Up,62,66,67,180,67.67,A+,8.6,6.91,6.01,Pass,1,4.3,6.8,5.1,Yes,24,No,Low,4,4,68,Kinesthetic,70,69,18,4.87,37,72,Blended,3.87,19,32,1,1,Yes
1014,BCA1014,MMDU2026REG1014,MMDU,MMICTBM,CS,BCA,Cyber Security,Female,2002-02-18,23,ST,Yes,Bihar,Indian,2-4 LPA,Graduate,Farmer,No,No,Govt,67.05,CBSE,88.71,CBSE,Commerce,86,1423,Merit,1,2025-26,VI,BCA601,Final Semester,Core,4,4.06,FAC118,120,87,87,High,31,40,0.77,0,2,0.74,87,82,85,264,30,Flat,78,67,67,192,89.34,C,8.5,7.3,8.7,Pass,0,3,6.8,5.7,Yes,47,Yes,High,1,3,58,Kinesthetic,62,79,7,4.18,38,48,Traditional,3.94,14,20,3,2,No
1015,BCA1015,MMDU2026REG1015,MMDU,MMICTBM,CS,BCA,Data Science,Male,2003-07-16,24,ST,No,Bihar,Indian,<2 LPA,Post-Graduate,Teacher,Yes,No,Govt,80.78,CBSE,64.22,CBSE,Science,58,1544,Quota,2,2025-26,VI,BCA601,Final Semester,Core,4,3.21,FAC105,120,64,64,Low,36,40,0.7,3,1,0.9,60,72,65,218,60,Up,89,72,56,266,81.08,B+,7.1,9.14,6.01,Pass,0,5.8,7.4,4.3,No,58,Yes,Medium,2,3,74,Auditory,81,74,15,3.54,23,43,Online,3.78,19,6,0,0,No
1016,BCA1016,MMDU2026REG1016,MMDU,MMICTBM,CS,BCA,Data Science,Female,2003-05-30,22,GEN,Yes,Punjab,Indian,2-4 LPA,Post-Graduate,Teacher,Yes,Yes,Govt,85.01,CBSE,87.18,State,Arts,75,3553,Merit,2,2025-26,VI,BCA601,Final Semester,Core,4,4.26,FAC108,120,97,97,High,23,44,0.99,1,4,0.71,87,89,89,234,2,Up,71,67,55,215,70.11,A,6.6,7.95,8.16,Pass,1,8,7.1,5.8,No,27,Yes,Low,5,3,54,Visual,57,85,13,3.79,26,76,Blended,4.79,19,13,8,2,Yes
1017,BCA1017,MMDU2026REG1017,MMDU,MMICTBM,CS,BCA,Cloud,Male,2003-01-24,24,SC,No,Punjab,Indian,6-8 LPA,Post-Graduate,Teacher,No,No,Private,94.82,ICSE,75.15,CBSE,Science,52,1126,Management,2,2025-26,VI,BCA601,Final Semester,Core,4,3.4,FAC111,120,89,89,High,21,27,0.8,3,5,0.98,88,87,75,255,50,Up,67,59,73,198,71.8,A+,9.1,5.87,8.59,Pass,1,2.6,6.2,2.1,No,57,No,Medium,5,5,64,Auditory,55,76,12,4.33,23,76,Blended,4.55,27,32,4,2,No
1018,BCA1018,MMDU2026REG1018,MMDU,MMICTBM,CS,BCA,AI,Male,2003-04-08,23,SC,Yes,UP,Indian,4-6 LPA,Graduate,Service,Yes,No,Govt,88.14,ICSE,84.26,CBSE,Arts,63,5276,Management,2,2025-26,VI,BCA601,Final Semester,Core,4,3.77,FAC107,120,79,79,Medium,55,36,0.92,4,7,0.75,88,77,76,200,25,Down,63,73,86,221,87.74,B,6.9,7.9,8.7,Pass,0,2.5,6.4,6.9,Yes,38,Yes,Medium,1,5,74,Visual,79,73,9,4.43,25,59,Blended,3.72,27,36,3,2,No
1019,BCA1019,MMDU2026REG1019,MMDU,MMICTBM,CS,BCA,AI,Male,2002-03-26,24,GEN,Yes,UP,Indian,6-8 LPA,10th,Teacher,Yes,No,Govt,71.19,State,55.71,CBSE,Commerce,66,4276,Quota,0,2025-26,VI,BCA601,Final Semester,Core,4,3.12,FAC116,120,99,99,High,60,43,0.71,3,7,0.83,87,69,70,181,45,Flat,60,72,79,186,70.27,B+,9.4,8.16,8.81,Pass,0,7.3,6.5,6.3,Yes,36,No,Low,2,3,84,Reading,59,78,8,4.02,16,54,Blended,4.19,20,27,6,3,No
1020,BCA1020,MMDU2026REG1020,MMDU,MMICTBM,CS,BCA,Cyber Security,Female,2004-12-29,22,GEN,Yes,Haryana,Indian,2-4 LPA,10th,Business,No,No,Govt,78.22,State,59.9,State,Commerce,57,3429,Merit,1,2025-26,VI,BCA601,Final Semester,Core,4,3.32,FAC116,120,63,63,Low,60,37,0.84,4,4,0.78,71,67,87,246,10,Flat,77,88,74,269,83.94,A,6.6,9.12,6.77,Pass,0,3,5.6,4.2,No,35,Yes,Low,3,2,51,Auditory,47,82,8,4.39,17,66,Traditional,3.54,18,8,3,4,No
1021,BCA1021,MMDU2026REG1021,MMDU,MMICTBM,CS,BCA,Cyber Security,Male,2004-05-11,23,GEN,Yes,Punjab,Indian,4-6 LPA,Graduate,Farmer,No,Yes,Govt,81.44,State,55.76,CBSE,Commerce,72,1864,Management,1,2025-26,VI,BCA601,Final Semester,Core,4,3.86,FAC108,120,86,86,High,34,30,0.89,5,1,0.63,71,56,57,217,40,Down,69,58,79,201,81.29,C,6.4,5.91,7.34,Pass,0,5.9,5.2,4.2,No,60,No,Medium,4,3,90,Auditory,69,54,13,4.43,17,69,Online,4.52,5,14,4,0,Yes
1022,BCA1022,MMDU2026REG1022,MMDU,MMICTBM,CS,BCA,AI,Female,2003-08-25,21,OBC,No,Bihar,Indian,<2 LPA,10th,Business,Yes,No,NA,88.4,State,90.63,State,Arts,87,3095,Management,0,2025-26,VI,BCA601,Final Semester,Core,4,4.24,FAC117,120,77,77,Medium,25,29,0.99,5,7,1,79,69,69,239,21,Down,59,83,69,268,66.89,B+,7,5.43,6.02,Pass,0,7.1,5.6,5.5,Yes,52,Yes,High,4,3,41,Auditory,41,67,3,3.67,20,35,Blended,3.55,12,35,4,0,Yes
1023,BCA1023,MMDU2026REG1023,MMDU,MMICTBM,CS,BCA,Cyber Security,Female,2002-05-13,22,SC,Yes,Bihar,Indian,6-8 LPA,Graduate,Service,No,Yes,NA,79.78,State,63.23,CBSE,Commerce,75,5383,Quota,0,2025-26,VI,BCA601,Final Semester,Core,4,4.14,FAC103,120,85,85,High,36,43,0.73,4,8,0.69,83,55,62,215,36,Down,86,69,84,237,82.32,B,7.8,7.32,7.78,Pass,1,6.4,6.4,2.5,No,31,Yes,Low,5,4,87,Auditory,81,85,17,3.54,33,33,Traditional,4.24,23,32,9,5,Yes
1024,BCA1024,MMDU2026REG1024,MMDU,MMICTBM,CS,BCA,AI,Male,2002-11-15,22,OBC,No,Bihar,Indian,<2 LPA,10th,Service,Yes,No,Private,66.51,CBSE,74.99,CBSE,Commerce,79,3494,Quota,0,2025-26,VI,BCA601,Final Semester,Core,4,3.26,FAC119,120,73,73,Low,34,33,0.93,0,7,0.97,66,80,70,228,21,Up,69,57,81,213,60.09,A,6.6,5.36,6.54,Pass,0,5.3,7.5,2.5,Yes,5,Yes,High,5,5,87,Reading,78,69,3,4.39,24,58,Blended,4.15,20,24,2,0,No
1025,BCA1025,MMDU2026REG1025,MMDU,MMICTBM,CS,BCA,AI,Female,2002-12-16,22,GEN,No,Bihar,Indian,6-8 LPA,Graduate,Service,Yes,Yes,NA,62.07,State,94.2,CBSE,Science,90,1583,Quota,1,2025-26,VI,BCA601,Final Semester,Core,4,3.98,FAC110,120,68,68,Low,46,32,0.99,0,4,0.95,69,62,65,261,56,Flat,57,84,79,222,65.49,C,6.1,7.66,6.43,Pass,0,5.6,7.5,6.5,Yes,24,Yes,Medium,1,4,77,Auditory,71,66,4,3.73,28,32,Blended,4.57,14,9,10,5,No
1026,BCA1026,MMDU2026REG1026,MMDU,MMICTBM,CS,BCA,AI,Male,2003-08-25,22,ST,No,UP,Indian,4-6 LPA,Graduate,Business,Yes,No,Private,87.21,State,86.54,State,Arts,90,4042,Quota,2,2025-26,VI,BCA601,Final Semester,Core,4,3.65,FAC108,120,95,95,High,48,35,0.85,0,12,0.78,84,66,85,264,35,Down,85,69,80,214,86.3,B,7.8,5.59,7.33,Pass,1,6.4,7.2,5.7,No,23,Yes,High,2,4,71,Visual,48,55,3,4.02,31,70,Online,4.07,15,20,8,5,No
1027,BCA1027,MMDU2026REG1027,MMDU,MMICTBM,CS,BCA,Cyber Security,Female,2002-03-26,22,OBC,Yes,Punjab,Indian,4-6 LPA,Graduate,Service,No,Yes,NA,83.45,CBSE,61.4,State,Science,59,2560,Merit,0,2025-26,VI,BCA601,Final Semester,Core,4,4.24,FAC106,120,78,78,Medium,52,43,0.78,0,8,0.65,92,55,87,207,12,Up,80,57,64,266,68.84,B,8.4,7.72,6.12,Pass,2,3.7,5.3,3.5,Yes,26,No,Low,3,5,86,Visual,88,72,9,4.14,26,57,Blended,3.67,11,13,2,5,Yes
1028,BCA1028,MMDU2026REG1028,MMDU,MMICTBM,CS,BCA,Cyber Security,Male,2003-06-16,22,GEN,Yes,Bihar,Indian,4-6 LPA,10th,Business,No,No,NA,87.38,ICSE,87.29,State,Arts,77,3650,Quota,1,2025-26,VI,BCA601,Final Semester,Core,4,3.3,FAC104,120,84,84,Medium,23,43,0.91,4,5,0.75,82,81,85,194,5,Up,79,63,74,192,60.1,B+,7,8.48,8.11,Pass,1,6.9,6.6,6.1,No,47,No,Medium,4,4,43,Reading,56,78,7,4.64,30,32,Online,4.55,7,40,10,4,No
1029,BCA1029,MMDU2026REG1029,MMDU,MMICTBM,CS,BCA,Data Science,Male,2003-06-04,24,ST,No,UP,Indian,6-8 LPA,Graduate,Service,No,Yes,NA,69.69,ICSE,63.16,CBSE,Science,50,5721,Quota,2,2025-26,VI,BCA601,Final Semester,Core,4,3.73,FAC109,120,80,80,Medium,60,36,0.85,0,3,0.89,74,59,57,223,38,Up,86,63,79,222,85.94,A+,7,6.61,7.94,Pass,2,5.4,7.6,6.9,Yes,59,Yes,High,5,2,76,Reading,62,68,10,4.6,36,36,Blended,3.69,7,40,6,3,No
1030,BCA1030,MMDU2026REG1030,MMDU,MMICTBM,CS,BCA,Data Science,Female,2005-02-09,21,SC,No,Haryana,Indian,<2 LPA,Graduate,Farmer,No,No,Govt,72.26,CBSE,93.97,CBSE,Arts,69,7620,Merit,0,2025-26,VI,BCA601,Final Semester,Core,4,3.05,FAC108,120,75,75,Medium,30,20,0.95,3,0,0.82,71,80,81,208,12,Flat,67,85,68,217,71.92,B+,6.5,9.24,8.84,Pass,2,4.5,7.5,5.1,No,54,Yes,Low,3,4,68,Kinesthetic,49,47,16,4.24,27,70,Online,4.51,20,9,8,1,No
1031,BCA1031,MMDU2026REG1031,MMDU,MMICTBM,CS,BCA,AI,Female,2004-06-25,22,OBC,Yes,Haryana,Indian,<2 LPA,Post-Graduate,Business,Yes,No,NA,77.66,ICSE,79.63,CBSE,Science,71,2972,Merit,0,2025-26,VI,BCA601,Final Semester,Core,4,3.07,FAC103,120,68,68,Low,33,38,0.88,4,7,0.87,62,79,79,261,52,Up,81,86,84,242,80.15,B+,7.2,8.4,7.56,Pass,1,7.4,6.6,3.3,No,6,Yes,Medium,1,1,81,Kinesthetic,42,65,15,3.92,34,52,Traditional,4.89,5,6,10,0,Yes
1032,BCA1032,MMDU2026REG1032,MMDU,MMICTBM,CS,BCA,Data Science,Female,2002-04-21,24,ST,No,Punjab,Indian,6-8 LPA,10th,Business,No,No,Govt,64.08,CBSE,70.4,State,Arts,76,3796,Quota,0,2025-26,VI,BCA601,Final Semester,Core,4,3.88,FAC101,120,74,74,Low,49,43,0.96,1,7,0.99,75,55,86,204,53,Up,72,60,77,241,77.04,B+,6.1,6.22,6.28,Pass,2,2.6,7.9,2.8,Yes,20,No,Low,4,2,81,Visual,83,67,5,3.6,37,37,Online,4.65,14,36,9,0,Yes
1033,BCA1033,MMDU2026REG1033,MMDU,MMICTBM,CS,BCA,Cyber Security,Male,2005-02-22,24,OBC,No,Punjab,Indian,6-8 LPA,Graduate,Farmer,No,Yes,NA,87.6,CBSE,55.2,State,Arts,51,4441,Management,2,2025-26,VI,BCA601,Final Semester,Core,4,3.23,FAC115,120,79,79,Medium,40,29,0.74,1,6,0.84,68,64,88,220,23,Up,78,74,59,195,74.5,B,6.8,5.64,7.71,Pass,2,7.3,5.5,2.9,Yes,11,Yes,High,5,4,65,Auditory,82,86,16,4.93,16,74,Blended,4.9,10,20,10,3,No
1034,BCA1034,MMDU2026REG1034,MMDU,MMICTBM,CS,BCA,Cyber Security,Male,2002-03-02,23,SC,No,Bihar,Indian,2-4 LPA,Graduate,Teacher,Yes,Yes,Govt,71.79,State,58.5,State,Commerce,61,4839,Merit,2,2025-26,VI,BCA601,Final Semester,Core,4,3.96,FAC116,120,65,65,Low,22,24,0.77,0,9,0.83,77,80,65,217,32,Down,87,55,83,227,73.83,A,6.5,9.19,7.85,Pass,1,7.5,5.2,2.7,Yes,17,No,Medium,2,1,75,Reading,46,89,20,4.06,15,60,Online,4.19,25,18,7,3,Yes
1035,BCA1035,MMDU2026REG1035,MMDU,MMICTBM,CS,BCA,AI,Male,2003-01-13,24,GEN,No,UP,Indian,<2 LPA,Post-Graduate,Business,Yes,No,Private,86.69,CBSE,67.84,State,Commerce,58,1726,Quota,0,2025-26,VI,BCA601,Final Semester,Core,4,3.07,FAC118,120,81,81,Medium,40,39,0.78,4,4,0.62,62,74,88,203,33,Down,55,74,70,188,66.32,B+,8.8,7.52,8.39,Pass,2,5.6,5.5,6.4,Yes,48,No,Low,5,1,84,Auditory,78,88,8,4.93,31,42,Traditional,4.95,18,9,3,5,No
1036,BCA1036,MMDU2026REG1036,MMDU,MMICTBM,CS,BCA,Cyber Security,Male,2002-01-26,23,GEN,No,Punjab,Indian,6-8 LPA,10th,Farmer,Yes,No,NA,79.83,ICSE,61.03,State,Arts,88,6331,Management,1,2025-26,VI,BCA601,Final Semester,Core,4,4.46,FAC111,120,71,71,Low,28,44,0.7,4,4,0.88,89,72,64,258,49,Up,87,76,71,205,81.32,C,7.5,7.3,7.23,Pass,2,3,6.8,6.4,Yes,28,No,Medium,2,4,75,Auditory,55,73,8,4.94,39,35,Blended,4.68,6,9,8,0,Yes
1037,BCA1037,MMDU2026REG1037,MMDU,MMICTBM,CS,BCA,Cyber Security,Female,2002-10-23,24,OBC,Yes,Bihar,Indian,4-6 LPA,Graduate,Service,Yes,Yes,NA,67.58,State,70.22,State,Commerce,83,7868,Quota,1,2025-26,VI,BCA601,Final Semester,Core,4,3.63,FAC113,120,97,97,High,59,32,0.78,5,11,0.69,68,61,81,203,37,Down,71,65,78,222,77.95,A+,6,8.39,8.71,Pass,2,3,5.6,6.1,No,38,No,Low,5,4,88,Visual,47,51,3,3.97,38,36,Online,4.16,6,23,3,3,Yes
1038,BCA1038,MMDU2026REG1038,MMDU,MMICTBM,CS,BCA,Data Science,Female,2003-10-13,23,ST,No,Bihar,Indian,2-4 LPA,Post-Graduate,Service,No,Yes,Private,72.74,CBSE,90.25,CBSE,Arts,65,2767,Management,2,2025-26,VI,BCA601,Final Semester,Core,4,3.68,FAC118,120,72,72,Low,56,40,0.77,5,11,0.75,69,75,72,220,60,Up,88,77,86,249,62.53,B,9.3,8.63,6.72,Pass,2,6.7,7.2,4.1,No,28,Yes,Medium,3,1,90,Kinesthetic,89,68,10,4.8,21,41,Traditional,3.54,11,35,4,3,No
1039,BCA1039,MMDU2026REG1039,MMDU,MMICTBM,CS,BCA,Cloud,Female,2005-03-13,22,GEN,No,UP,Indian,6-8 LPA,Graduate,Farmer,Yes,Yes,Govt,63.39,ICSE,55.83,State,Arts,68,5460,Merit,1,2025-26,VI,BCA601,Final Semester,Core,4,3.44,FAC117,120,96,96,High,60,25,0.94,1,10,0.69,84,62,59,213,42,Flat,67,57,73,234,89.49,A+,8.8,6.02,6.71,Pass,1,8,6,5.6,No,6,No,Medium,2,5,85,Reading,67,54,6,4.23,38,33,Online,4.35,16,36,4,5,No
1040,BCA1040,MMDU2026REG1040,MMDU,MMICTBM,CS,BCA,Data Science,Male,2003-08-10,22,OBC,No,UP,Indian,<2 LPA,10th,Teacher,No,No,Private,84.73,State,66.74,CBSE,Commerce,67,1380,Quota,0,2025-26,VI,BCA601,Final Semester,Core,4,3.99,FAC119,120,88,88,High,44,33,0.85,2,3,0.91,84,59,64,250,48,Up,66,74,72,180,82.45,B+,7.8,6.06,8.64,Pass,0,4.3,5.8,5.4,Yes,37,No,Medium,3,4,49,Visual,42,69,6,4.51,34,53,Blended,3.83,5,15,1,5,No
1041,BCA1041,MMDU2026REG1041,MMDU,MMICTBM,CS,BCA,AI,Female,2003-04-29,23,OBC,Yes,Punjab,Indian,4-6 LPA,10th,Teacher,Yes,Yes,Private,78.75,State,62.12,State,Science,71,1186,Merit,1,2025-26,VI,BCA601,Final Semester,Core,4,3,FAC108,120,88,88,High,41,38,0.85,3,10,0.98,93,90,73,180,19,Up,66,87,89,223,87,A+,6.5,5.5,7.91,Pass,0,3,5,3.9,No,19,No,Medium,5,4,64,Visual,74,50,7,4.2,24,70,Online,4.87,6,27,0,4,Yes
1042,BCA1042,MMDU2026REG1042,MMDU,MMICTBM,CS,BCA,Data Science,Male,2004-06-07,22,ST,No,Haryana,Indian,2-4 LPA,10th,Service,Yes,Yes,Govt,86.99,CBSE,83.39,CBSE,Commerce,86,3394,Management,2,2025-26,VI,BCA601,Final Semester,Core,4,3.71,FAC107,120,87,87,High,54,31,0.92,1,9,0.84,77,80,65,209,31,Down,72,90,87,242,68.34,B,9,8.8,7.73,Pass,2,7.9,8,6.5,No,52,Yes,Medium,2,5,49,Auditory,67,54,9,4.9,37,61,Traditional,4.59,28,13,2,4,Yes
1043,BCA1043,MMDU2026REG1043,MMDU,MMICTBM,CS,BCA,Cloud,Female,2003-06-16,23,OBC,Yes,Haryana,Indian,4-6 LPA,Post-Graduate,Teacher,No,Yes,NA,71.79,State,57.73,State,Commerce,76,5599,Management,0,2025-26,VI,BCA601,Final Semester,Core,4,4.44,FAC117,120,83,83,Medium,34,20,0.76,1,3,0.79,68,64,76,266,38,Up,64,68,82,264,89.18,A+,6,5.78,7.75,Pass,1,4.1,5.5,3.8,Yes,10,Yes,Low,5,2,59,Kinesthetic,82,67,7,4.17,39,38,Blended,3.96,23,6,4,2,No
1044,BCA1044,MMDU2026REG1044,MMDU,MMICTBM,CS,BCA,Cloud,Male,2003-11-09,22,ST,No,UP,Indian,<2 LPA,Post-Graduate,Farmer,Yes,No,NA,85.88,State,64.08,State,Arts,71,6440,Merit,0,2025-26,VI,BCA601,Final Semester,Core,4,3.38,FAC118,120,60,60,Low,32,45,0.73,1,2,0.86,62,70,86,229,42,Flat,86,77,76,184,89.3,A+,6.5,9.39,8.04,Pass,0,3.6,7.5,3.1,Yes,59,No,Low,3,5,64,Visual,51,80,6,4.55,22,64,Online,4.88,13,40,5,5,Yes
1045,BCA1045,MMDU2026REG1045,MMDU,MMICTBM,CS,BCA,AI,Female,2005-01-24,23,GEN,Yes,Bihar,Indian,4-6 LPA,Post-Graduate,Service,No,Yes,NA,78.82,ICSE,63.31,CBSE,Commerce,67,2682,Management,0,2025-26,VI,BCA601,Final Semester,Core,4,4.16,FAC115,120,76,76,Medium,33,44,0.72,3,12,0.8,95,70,63,217,37,Flat,84,74,55,216,69.45,B,7.7,6.72,6.34,Pass,0,6.9,6.6,4.1,No,16,No,Medium,4,1,70,Auditory,48,72,15,4.55,19,70,Blended,3.67,26,6,4,5,Yes
1046,BCA1046,MMDU2026REG1046,MMDU,MMICTBM,CS,BCA,Data Science,Female,2003-06-23,22,SC,Yes,Haryana,Indian,2-4 LPA,Graduate,Business,No,Yes,Govt,77.78,CBSE,58.62,CBSE,Science,58,4492,Quota,1,2025-26,VI,BCA601,Final Semester,Core,4,3.79,FAC107,120,76,76,Medium,43,39,0.75,1,8,0.73,60,62,62,205,48,Down,71,56,78,239,66.83,A,9,5.56,8.72,Pass,2,6.3,7.7,6.7,Yes,50,Yes,Low,2,2,57,Visual,44,56,18,3.66,25,51,Traditional,3.62,21,7,9,0,No
1047,BCA1047,MMDU2026REG1047,MMDU,MMICTBM,CS,BCA,Cyber Security,Female,2003-02-27,21,GEN,No,Haryana,Indian,4-6 LPA,Post-Graduate,Business,No,Yes,NA,90.06,State,56.06,CBSE,Commerce,88,4270,Management,0,2025-26,VI,BCA601,Final Semester,Core,4,3.46,FAC109,120,67,67,Low,30,29,1,3,7,0.94,84,90,82,195,30,Down,85,79,81,254,63.08,C,6.4,7.17,8.33,Pass,0,5.7,7.7,2.7,Yes,45,No,Low,4,3,87,Auditory,80,85,14,4.09,18,34,Online,4.24,28,25,5,5,Yes
1048,BCA1048,MMDU2026REG1048,MMDU,MMICTBM,CS,BCA,Data Science,Male,2004-08-07,21,GEN,No,UP,Indian,4-6 LPA,Graduate,Service,No,Yes,Private,76.83,ICSE,85.63,State,Arts,69,2745,Quota,1,2025-26,VI,BCA601,Final Semester,Core,4,4.34,FAC113,120,96,96,High,48,28,0.84,3,0,0.7,94,63,74,198,2,Up,79,85,58,231,62,B,6.2,8.67,7.47,Pass,1,6.2,6.8,6.7,No,29,Yes,Low,3,2,47,Auditory,41,54,10,4.09,23,45,Online,4.37,9,17,6,0,Yes
1049,BCA1049,MMDU2026REG1049,MMDU,MMICTBM,CS,BCA,Cyber Security,Male,2003-02-05,21,SC,No,Haryana,Indian,2-4 LPA,Post-Graduate,Teacher,No,Yes,NA,62.98,ICSE,83.81,State,Arts,50,2562,Management,2,2025-26,VI,BCA601,Final Semester,Core,4,3.54,FAC105,120,85,85,High,56,37,0.83,5,11,0.73,82,82,57,243,26,Flat,82,60,70,269,84.69,A+,6.1,6.56,8.3,Pass,1,3.9,5.1,5.2,No,33,No,Medium,4,5,43,Visual,71,78,5,3.77,36,72,Traditional,4.3,7,24,0,2,No
1050,BCA1050,MMDU2026REG1050,MMDU,MMICTBM,CS,BCA,Cyber Security,Male,2003-11-20,23,SC,Yes,Haryana,Indian,<2 LPA,Post-Graduate,Farmer,Yes,No,Private,75.08,State,88.58,State,Commerce,87,5465,Quota,0,2025-26,VI,BCA601,Final Semester,Core,4,3.99,FAC103,120,92,92,High,27,29,0.94,1,8,0.69,80,88,60,224,41,Flat,56,60,83,233,65.31,C,9.1,5.65,6.46,Pass,1,2.2,5.5,5.7,Yes,9,Yes,Low,3,4,43,Visual,62,66,9,4.11,37,65,Online,3.97,8,18,7,3,No
1051,BCA1051,MMDU2026REG1051,MMDU,MMICTBM,CS,BCA,AI,Female,2003-09-08,22,SC,No,UP,Indian,<2 LPA,Graduate,Service,Yes,Yes,Govt,89.07,ICSE,90.37,CBSE,Commerce,58,2866,Management,1,2025-26,VI,BCA601,Final Semester,Core,4,4.27,FAC109,120,88,88,High,27,36,0.85,2,10,0.86,70,75,88,262,41,Up,61,86,80,256,78.95,B+,8.7,5.06,8.13,Pass,2,2.1,6.2,5.7,No,6,No,High,4,3,84,Reading,74,55,3,4.46,24,57,Traditional,3.92,16,9,7,0,No
1052,BCA1052,MMDU2026REG1052,MMDU,MMICTBM,CS,BCA,Cyber Security,Female,2002-03-22,21,GEN,Yes,Bihar,Indian,<2 LPA,Graduate,Farmer,Yes,No,NA,94.9,CBSE,74.16,CBSE,Science,64,7947,Merit,1,2025-26,VI,BCA601,Final Semester,Core,4,3.88,FAC112,120,86,86,High,56,36,0.74,5,10,0.65,70,81,73,182,13,Up,89,61,62,265,71.24,B+,7.9,6.21,7.01,Pass,0,6.8,7.3,6.2,Yes,6,Yes,Medium,5,4,59,Kinesthetic,55,87,7,4.18,36,38,Traditional,3.51,19,20,2,0,Yes
1053,BCA1053,MMDU2026REG1053,MMDU,MMICTBM,CS,BCA,Cyber Security,Female,2005-01-04,22,SC,Yes,Punjab,Indian,2-4 LPA,Post-Graduate,Farmer,Yes,No,Private,91.99,State,75.81,CBSE,Arts,81,5716,Merit,1,2025-26,VI,BCA601,Final Semester,Core,4,3.1,FAC114,120,92,92,High,30,26,0.82,4,12,0.76,90,81,59,184,11,Up,57,84,77,247,75.48,B+,6.9,6.99,7.72,Pass,0,7.5,7.9,2.3,Yes,46,Yes,Medium,2,1,57,Auditory,43,59,11,4.33,20,79,Traditional,3.61,24,10,0,1,Yes
1054,BCA1054,MMDU2026REG1054,MMDU,MMICTBM,CS,BCA,AI,Male,2004-12-31,22,ST,No,UP,Indian,2-4 LPA,Graduate,Service,Yes,No,Govt,71.15,CBSE,61.74,CBSE,Arts,77,2822,Management,2,2025-26,VI,BCA601,Final Semester,Core,4,3.43,FAC117,120,79,79,Medium,33,44,0.89,1,1,0.66,70,73,84,252,15,Down,59,77,62,230,65.69,B,9.5,5.98,8.23,Pass,1,7.1,7.5,6.7,Yes,60,Yes,High,3,3,66,Reading,81,54,9,3.62,27,31,Online,4.99,23,33,5,4,Yes
1055,BCA1055,MMDU2026REG1055,MMDU,MMICTBM,CS,BCA,Cyber Security,Male,2004-05-05,22,GEN,No,Haryana,Indian,4-6 LPA,Graduate,Teacher,No,Yes,Govt,85.74,CBSE,90.2,CBSE,Commerce,50,4936,Merit,2,2025-26,VI,BCA601,Final Semester,Core,4,4.48,FAC107,120,80,80,Medium,45,24,0.78,3,7,0.97,79,77,65,187,18,Flat,64,69,80,243,77.33,C,8,8.04,8.37,Pass,1,7.7,7.1,6.4,Yes,52,Yes,Low,5,4,64,Visual,47,70,7,3.73,38,69,Blended,3.77,28,9,1,2,No
1056,BCA1056,MMDU2026REG1056,MMDU,MMICTBM,CS,BCA,AI,Female,2002-05-20,24,ST,No,Haryana,Indian,6-8 LPA,10th,Business,Yes,No,NA,61.75,State,89.89,State,Arts,75,1556,Quota,1,2025-26,VI,BCA601,Final Semester,Core,4,3.76,FAC110,120,76,76,Medium,40,28,0.91,3,12,0.8,83,68,60,234,35,Flat,65,62,68,212,62.3,A+,6.7,8.36,7.9,Pass,0,3.6,6.8,4.8,Yes,57,Yes,Low,3,5,49,Reading,46,76,18,4.54,40,53,Blended,3.93,19,5,0,3,No
1057,BCA1057,MMDU2026REG1057,MMDU,MMICTBM,CS,BCA,Cyber Security,Male,2002-05-05,22,OBC,Yes,Haryana,Indian,<2 LPA,Post-Graduate,Service,Yes,No,Private,85.89,ICSE,67.4,State,Arts,56,4101,Quota,0,2025-26,VI,BCA601,Final Semester,Core,4,3.88,FAC110,120,60,60,Low,44,35,0.77,5,3,0.93,86,67,76,269,38,Down,66,75,78,266,80.61,A,7.4,8.92,6.86,Pass,2,4.1,5.5,4.3,No,45,Yes,Medium,1,1,43,Kinesthetic,43,80,7,4.71,33,47,Online,4.21,8,14,4,1,No
1058,BCA1058,MMDU2026REG1058,MMDU,MMICTBM,CS,BCA,Data Science,Female,2004-09-04,21,SC,Yes,Punjab,Indian,<2 LPA,Graduate,Business,Yes,Yes,Govt,61.27,State,75.73,CBSE,Commerce,80,4733,Merit,1,2025-26,VI,BCA601,Final Semester,Core,4,3.81,FAC120,120,78,78,Medium,50,40,0.77,1,10,0.94,83,86,68,262,49,Flat,68,66,83,232,74.33,A+,7,5.82,6.14,Pass,0,6.8,5.3,6.1,No,48,Yes,Low,4,3,72,Kinesthetic,83,69,20,4.6,19,46,Online,4.37,18,11,1,0,Yes
1059,BCA1059,MMDU2026REG1059,MMDU,MMICTBM,CS,BCA,Cloud,Male,2003-11-30,23,SC,Yes,UP,Indian,6-8 LPA,Graduate,Farmer,Yes,No,NA,90.7,ICSE,93.91,State,Commerce,50,7052,Management,1,2025-26,VI,BCA601,Final Semester,Core,4,4.21,FAC113,120,61,61,Low,27,33,0.84,1,0,0.65,75,67,81,190,19,Up,90,87,76,244,69.23,A+,8,7.9,7.97,Pass,1,4.2,5,6.5,No,21,Yes,Medium,1,1,42,Visual,41,79,10,4.2,40,56,Traditional,3.79,29,33,4,0,No
1060,BCA1060,MMDU2026REG1060,MMDU,MMICTBM,CS,BCA,AI,Male,2005-03-07,24,OBC,Yes,Haryana,Indian,2-4 LPA,Graduate,Service,No,No,Private,86.23,State,56.96,State,Commerce,50,6944,Quota,0,2025-26,VI,BCA601,Final Semester,Core,4,4.34,FAC105,120,100,100,High,47,40,0.71,1,4,0.84,93,71,66,222,39,Flat,90,82,76,256,89.3,B+,7.7,6.12,6.64,Pass,1,6.2,7,5.5,Yes,13,No,High,3,3,87,Visual,48,72,3,3.85,22,34,Blended,4.08,29,5,0,0,Yes
1061,BCA1061,MMDU2026REG1061,MMDU,MMICTBM,CS,BCA,AI,Male,2003-05-09,23,OBC,Yes,Haryana,Indian,<2 LPA,Graduate,Farmer,Yes,No,Govt,90.89,ICSE,83.29,CBSE,Arts,60,6189,Quota,0,2025-26,VI,BCA601,Final Semester,Core,4,4.28,FAC118,120,86,86,High,57,45,0.93,0,12,0.89,84,59,77,245,48,Up,77,81,89,255,71.23,B+,8.1,7.61,8.08,Pass,1,7.1,5.5,6.1,No,23,No,High,2,5,67,Kinesthetic,60,79,11,4.92,19,77,Traditional,4.52,27,33,7,1,No
1062,BCA1062,MMDU2026REG1062,MMDU,MMICTBM,CS,BCA,Data Science,Male,2002-11-27,22,OBC,Yes,Bihar,Indian,6-8 LPA,Post-Graduate,Service,Yes,No,Govt,63.07,State,61.67,State,Commerce,71,1351,Management,1,2025-26,VI,BCA601,Final Semester,Core,4,3.9,FAC104,120,77,77,Medium,57,44,0.83,4,12,0.79,85,79,73,197,38,Up,68,79,77,211,83.82,A+,7.4,5.93,7.11,Pass,1,4.4,7.6,3.8,No,9,Yes,Low,5,2,51,Auditory,60,90,10,4.97,20,48,Online,4.65,23,24,4,4,No
1063,BCA1063,MMDU2026REG1063,MMDU,MMICTBM,CS,BCA,Cloud,Female,2002-01-30,22,ST,No,Bihar,Indian,4-6 LPA,Post-Graduate,Farmer,No,No,Govt,93.73,ICSE,91.43,State,Arts,68,2662,Merit,1,2025-26,VI,BCA601,Final Semester,Core,4,3.12,FAC117,120,100,100,High,51,32,0.76,4,9,0.64,88,88,87,260,53,Up,88,76,66,242,69.56,B+,7.6,8.9,8,Pass,0,5.3,5.9,4.8,Yes,31,No,High,3,5,47,Visual,86,78,18,4.29,39,52,Online,4.86,19,24,4,0,Yes
1064,BCA1064,MMDU2026REG1064,MMDU,MMICTBM,CS,BCA,AI,Male,2002-12-25,21,GEN,No,Bihar,Indian,<2 LPA,Graduate,Farmer,Yes,No,NA,75.35,State,66.93,State,Science,65,2057,Quota,1,2025-26,VI,BCA601,Final Semester,Core,4,3.04,FAC119,120,77,77,Medium,32,41,0.77,2,5,0.99,90,75,65,194,20,Flat,90,87,73,242,73.85,A,6.8,6.67,6.9,Pass,0,3.4,6.9,3.7,No,38,Yes,Medium,4,2,62,Kinesthetic,56,68,13,4.83,22,47,Online,3.8,16,18,1,2,Yes
1065,BCA1065,MMDU2026REG1065,MMDU,MMICTBM,CS,BCA,Cyber Security,Male,2002-03-28,24,OBC,No,UP,Indian,<2 LPA,Graduate,Service,Yes,Yes,Govt,79.3,ICSE,64.93,State,Arts,57,4132,Management,0,2025-26,VI,BCA601,Final Semester,Core,4,3.5,FAC102,120,68,68,Low,43,45,0.82,4,10,0.72,68,65,80,247,39,Down,84,84,55,226,74.2,A,6.8,8.72,8.16,Pass,2,4.9,5.2,4.9,Yes,43,No,High,4,1,88,Reading,42,53,18,4.39,30,69,Traditional,4.15,22,18,6,2,Yes
1066,BCA1066,MMDU2026REG1066,MMDU,MMICTBM,CS,BCA,Data Science,Male,2003-07-23,22,ST,No,Bihar,Indian,<2 LPA,Graduate,Farmer,Yes,No,Private,93.08,State,57.48,State,Science,55,5475,Quota,0,2025-26,VI,BCA601,Final Semester,Core,4,3.67,FAC107,120,88,88,High,39,43,0.97,1,0,0.93,79,72,64,199,25,Flat,81,74,62,218,89.85,A+,6.6,6.54,8.05,Pass,2,5.1,6.4,5.6,No,33,No,Low,5,3,90,Kinesthetic,43,50,14,3.92,23,79,Traditional,3.9,21,22,9,2,No
1067,BCA1067,MMDU2026REG1067,MMDU,MMICTBM,CS,BCA,Cloud,Female,2004-05-04,23,SC,No,Punjab,Indian,<2 LPA,10th,Farmer,No,Yes,Govt,93.88,ICSE,64.59,CBSE,Arts,73,1564,Quota,0,2025-26,VI,BCA601,Final Semester,Core,4,3.08,FAC106,120,87,87,High,47,37,0.83,5,3,0.76,74,57,56,192,18,Flat,69,82,82,222,87.1,A+,7.2,5.15,7.05,Pass,1,4.3,7,5.1,No,11,No,Medium,1,1,63,Kinesthetic,68,68,7,3.54,26,57,Online,4.12,30,17,3,4,No
1068,BCA1068,MMDU2026REG1068,MMDU,MMICTBM,CS,BCA,AI,Female,2003-03-04,22,GEN,No,UP,Indian,4-6 LPA,Graduate,Business,Yes,Yes,NA,93.66,State,93.29,CBSE,Science,89,4033,Management,2,2025-26,VI,BCA601,Final Semester,Core,4,3.33,FAC114,120,68,68,Low,35,42,0.83,4,9,0.89,80,65,85,260,15,Flat,80,61,78,223,87.74,B+,8.6,6.87,7.08,Pass,2,6.5,6,3.4,Yes,15,Yes,Low,1,1,88,Visual,73,71,8,4.3,33,56,Traditional,3.65,12,38,7,5,Yes
1069,BCA1069,MMDU2026REG1069,MMDU,MMICTBM,CS,BCA,AI,Female,2005-01-16,23,OBC,Yes,Bihar,Indian,4-6 LPA,Graduate,Teacher,No,No,Govt,83.62,ICSE,92.22,CBSE,Commerce,62,7296,Quota,1,2025-26,VI,BCA601,Final Semester,Core,4,4.11,FAC105,120,96,96,High,35,37,0.94,3,10,0.67,86,59,62,220,49,Down,62,83,78,263,69.78,B+,9,5.78,7.44,Pass,0,7.8,7.6,6.4,No,29,Yes,Medium,3,5,81,Kinesthetic,59,62,7,3.65,22,31,Traditional,4.72,18,16,6,2,No
1070,BCA1070,MMDU2026REG1070,MMDU,MMICTBM,CS,BCA,Data Science,Female,2002-04-26,21,OBC,Yes,Punjab,Indian,6-8 LPA,Graduate,Farmer,Yes,Yes,Govt,70.94,CBSE,84.55,State,Arts,57,3956,Merit,2,2025-26,VI,BCA601,Final Semester,Core,4,3.04,FAC114,120,88,88,High,29,34,0.84,1,11,0.76,79,83,58,241,18,Up,58,64,57,250,68.19,B+,8.2,7.59,8.32,Pass,2,7.7,7.1,2.3,No,46,No,Medium,2,4,80,Visual,44,45,17,4.8,40,73,Blended,4.04,21,29,8,5,No
1071,BCA1071,MMDU2026REG1071,MMDU,MMICTBM,CS,BCA,Cyber Security,Female,2003-03-04,22,ST,Yes,UP,Indian,6-8 LPA,Graduate,Service,No,No,NA,74.41,ICSE,85.88,State,Arts,74,1810,Quota,1,2025-26,VI,BCA601,Final Semester,Core,4,3.39,FAC101,120,75,75,Medium,53,28,0.76,3,4,0.93,81,81,56,238,12,Up,61,81,55,226,77.02,B+,9.2,7.63,7.81,Pass,1,3,6.4,4.4,No,12,Yes,High,3,2,54,Auditory,80,61,7,4.63,39,30,Blended,4.51,6,35,10,1,Yes
1072,BCA1072,MMDU2026REG1072,MMDU,MMICTBM,CS,BCA,AI,Male,2002-01-30,22,OBC,No,UP,Indian,4-6 LPA,Graduate,Service,No,No,Govt,94.54,ICSE,72.78,State,Arts,88,4035,Management,0,2025-26,VI,BCA601,Final Semester,Core,4,3.86,FAC120,120,77,77,Medium,47,28,0.77,0,7,0.86,74,59,64,183,42,Down,90,64,76,213,74.89,A+,9.1,7.97,6.71,Pass,2,5,7.8,3.5,Yes,29,No,Low,1,2,83,Kinesthetic,82,74,12,4.36,20,40,Blended,3.65,23,14,3,0,No
1073,BCA1073,MMDU2026REG1073,MMDU,MMICTBM,CS,BCA,AI,Female,2004-08-19,24,SC,No,Bihar,Indian,2-4 LPA,Graduate,Farmer,No,No,Govt,61.16,CBSE,75.73,State,Science,62,3513,Merit,1,2025-26,VI,BCA601,Final Semester,Core,4,4.14,FAC116,120,72,72,Low,46,36,0.93,0,5,0.61,60,75,59,253,37,Down,57,70,87,257,68.57,B+,9.4,8.44,7.85,Pass,0,4.9,5.1,4.4,No,35,Yes,Low,5,4,68,Reading,47,74,20,4.86,17,40,Blended,3.94,23,20,5,5,No
1074,BCA1074,MMDU2026REG1074,MMDU,MMICTBM,CS,BCA,Cloud,Female,2003-02-27,22,SC,Yes,Bihar,Indian,6-8 LPA,10th,Teacher,No,Yes,Private,93.24,State,86.04,State,Arts,88,6757,Merit,2,2025-26,VI,BCA601,Final Semester,Core,4,3.81,FAC118,120,68,68,Low,44,35,0.71,2,6,0.79,77,60,69,239,20,Down,71,69,73,225,61.89,A,8.4,8.3,8.39,Pass,2,7.4,6.3,4.7,No,14,Yes,Medium,2,1,88,Auditory,59,53,9,3.98,31,53,Blended,4.04,12,40,1,3,Yes
1075,BCA1075,MMDU2026REG1075,MMDU,MMICTBM,CS,BCA,AI,Male,2004-09-11,23,GEN,Yes,UP,Indian,4-6 LPA,10th,Farmer,Yes,No,Private,73.63,ICSE,70.66,CBSE,Science,53,5568,Merit,1,2025-26,VI,BCA601,Final Semester,Core,4,3.47,FAC109,120,88,88,High,55,37,0.98,1,5,0.98,75,64,86,242,36,Up,58,63,75,181,73.78,B,8,6.57,6.28,Pass,2,7.5,6.3,4.8,Yes,38,No,Low,1,1,68,Reading,65,63,13,3.91,36,47,Traditional,3.57,9,14,0,4,No
1076,BCA1076,MMDU2026REG1076,MMDU,MMICTBM,CS,BCA,Cloud,Male,2002-02-19,21,OBC,No,Haryana,Indian,4-6 LPA,Graduate,Farmer,Yes,Yes,Govt,67.01,CBSE,72.65,State,Science,69,2157,Management,1,2025-26,VI,BCA601,Final Semester,Core,4,3.28,FAC102,120,80,80,Medium,53,40,0.73,2,12,0.91,91,63,89,222,38,Up,86,74,74,268,73.68,B,8.6,6.64,7.44,Pass,2,2.4,5.4,3.3,No,12,No,Low,1,4,61,Kinesthetic,58,63,20,3.87,33,53,Blended,3.84,11,27,9,3,Yes
1077,BCA1077,MMDU2026REG1077,MMDU,MMICTBM,CS,BCA,Data Science,Male,2002-07-04,24,SC,Yes,Haryana,Indian,<2 LPA,Post-Graduate,Farmer,No,Yes,Private,84.59,CBSE,78.67,CBSE,Science,52,4490,Merit,0,2025-26,VI,BCA601,Final Semester,Core,4,3.07,FAC116,120,89,89,High,32,33,0.88,5,3,0.95,78,69,80,239,8,Flat,89,63,65,197,89.95,C,7.6,5.45,6.67,Pass,1,4.1,6.3,4.2,No,44,Yes,High,4,5,89,Kinesthetic,78,71,8,4.82,36,55,Online,4.11,8,24,3,0,No
1078,BCA1078,MMDU2026REG1078,MMDU,MMICTBM,CS,BCA,Cloud,Female,2004-08-04,23,ST,No,Punjab,Indian,<2 LPA,Graduate,Business,Yes,Yes,Private,78.76,State,61.64,State,Arts,71,4673,Quota,2,2025-26,VI,BCA601,Final Semester,Core,4,3.8,FAC107,120,61,61,Low,44,29,0.72,1,7,0.61,63,68,87,217,51,Up,55,65,64,204,73.14,B,8.8,7.37,7.73,Pass,1,6.2,7.9,3.9,No,14,No,Low,3,1,69,Auditory,89,47,20,4.77,34,42,Blended,4.02,26,13,6,3,No
1079,BCA1079,MMDU2026REG1079,MMDU,MMICTBM,CS,BCA,Cloud,Female,2005-02-23,22,ST,Yes,Bihar,Indian,2-4 LPA,Post-Graduate,Farmer,No,Yes,Govt,91.9,CBSE,56.28,CBSE,Arts,83,6821,Management,0,2025-26,VI,BCA601,Final Semester,Core,4,3.2,FAC117,120,81,81,Medium,22,36,0.86,5,8,0.63,60,82,73,233,14,Flat,60,81,86,265,67.55,B+,7.9,7.79,8.37,Pass,0,6.4,6.6,4.7,Yes,56,Yes,Medium,4,5,43,Reading,46,69,14,3.91,36,64,Online,4.55,16,7,3,2,Yes
1080,BCA1080,MMDU2026REG1080,MMDU,MMICTBM,CS,BCA,Cloud,Female,2003-10-04,23,SC,Yes,Punjab,Indian,<2 LPA,10th,Farmer,No,Yes,Private,89.41,ICSE,80.6,State,Arts,64,3938,Management,0,2025-26,VI,BCA601,Final Semester,Core,4,3.86,FAC103,120,74,74,Low,21,26,0.86,2,3,0.95,70,82,55,255,38,Up,78,90,73,224,78.77,A+,8.1,5.71,7.25,Pass,1,2.5,6.3,5,Yes,20,Yes,Low,3,4,50,Reading,65,46,10,3.73,36,75,Online,4.78,16,33,9,4,No
1081,BCA1081,MMDU2026REG1081,MMDU,MMICTBM,CS,BCA,AI,Female,2002-10-29,24,SC,Yes,Haryana,Indian,4-6 LPA,10th,Teacher,Yes,Yes,NA,92.7,State,75.31,CBSE,Science,87,1577,Quota,0,2025-26,VI,BCA601,Final Semester,Core,4,3.53,FAC108,120,99,99,High,21,31,0.95,2,7,1,72,66,58,248,23,Up,63,75,55,250,60.11,B,6.9,7.87,7.86,Pass,1,4,7.2,2.7,Yes,27,No,Low,5,2,79,Kinesthetic,40,85,17,4.62,32,45,Online,3.9,5,31,10,2,No
1082,BCA1082,MMDU2026REG1082,MMDU,MMICTBM,CS,BCA,Cyber Security,Female,2003-11-19,24,ST,No,Punjab,Indian,4-6 LPA,Graduate,Farmer,Yes,Yes,Govt,61.31,CBSE,61.35,State,Science,64,6781,Quota,2,2025-26,VI,BCA601,Final Semester,Core,4,3.18,FAC102,120,90,90,High,58,37,0.85,5,2,0.69,65,73,75,226,15,Up,80,65,80,181,78.31,A+,7,8.39,7.06,Pass,2,4,6.1,3.4,Yes,22,Yes,High,2,5,88,Reading,74,79,11,3.76,32,55,Traditional,3.51,22,35,1,2,No
1083,BCA1083,MMDU2026REG1083,MMDU,MMICTBM,CS,BCA,Cloud,Male,2004-05-04,21,ST,No,Haryana,Indian,4-6 LPA,10th,Teacher,Yes,Yes,Govt,82.92,ICSE,77.44,CBSE,Science,58,2527,Quota,2,2025-26,VI,BCA601,Final Semester,Core,4,3.92,FAC115,120,90,90,High,46,34,0.84,4,9,0.84,67,67,78,214,54,Flat,73,88,64,217,72.81,A,7.7,7.2,6.72,Pass,1,6.3,5.4,3.8,Yes,7,No,High,1,5,80,Auditory,43,78,9,3.72,31,48,Online,4.53,15,36,5,0,Yes
1084,BCA1084,MMDU2026REG1084,MMDU,MMICTBM,CS,BCA,Data Science,Male,2002-05-17,24,SC,Yes,Punjab,Indian,2-4 LPA,10th,Teacher,Yes,Yes,Private,63.87,State,83.96,CBSE,Arts,76,1378,Management,0,2025-26,VI,BCA601,Final Semester,Core,4,4.12,FAC110,120,81,81,Medium,49,20,0.76,5,1,0.94,92,69,66,182,12,Flat,74,56,81,213,67.96,B+,7.4,7.52,8.13,Pass,1,7.5,6.3,5.7,No,51,No,Medium,4,4,81,Auditory,70,89,18,3.93,19,71,Blended,4.48,12,19,0,2,No
1085,BCA1085,MMDU2026REG1085,MMDU,MMICTBM,CS,BCA,Data Science,Male,2002-08-18,24,GEN,No,Bihar,Indian,<2 LPA,Graduate,Teacher,No,Yes,NA,87.09,CBSE,93.06,State,Science,69,6944,Merit,0,2025-26,VI,BCA601,Final Semester,Core,4,4.41,FAC115,120,87,87,High,60,25,0.93,3,7,0.85,67,78,57,258,38,Flat,82,84,56,216,82.79,A,6.6,6.6,7.14,Pass,2,2.8,5.7,6.3,No,19,Yes,Low,3,2,43,Reading,77,78,18,4.78,17,71,Online,3.65,17,11,6,0,Yes
1086,BCA1086,MMDU2026REG1086,MMDU,MMICTBM,CS,BCA,Data Science,Male,2002-12-18,22,SC,No,Punjab,Indian,<2 LPA,10th,Teacher,No,No,Private,81.06,State,57.14,State,Arts,68,5742,Management,0,2025-26,VI,BCA601,Final Semester,Core,4,3.86,FAC120,120,65,65,Low,31,34,0.9,4,4,0.98,74,75,72,190,50,Flat,76,64,81,257,60.76,C,8.3,9.44,6.98,Pass,0,6.8,6.3,2.5,Yes,9,Yes,Medium,2,2,81,Auditory,54,41,13,4.96,33,30,Blended,4.9,29,28,7,5,No
1087,BCA1087,MMDU2026REG1087,MMDU,MMICTBM,CS,BCA,Cloud,Male,2004-07-09,24,OBC,No,UP,Indian,<2 LPA,Post-Graduate,Farmer,No,No,Private,86.49,State,74.9,CBSE,Arts,70,4552,Management,0,2025-26,VI,BCA601,Final Semester,Core,4,3.31,FAC115,120,81,81,Medium,42,41,0.93,2,10,0.78,64,58,64,229,40,Up,58,72,71,204,78.91,B+,7,9.34,6.42,Pass,1,5.1,7.2,3.7,Yes,21,Yes,Low,2,3,53,Auditory,72,84,12,4.71,40,44,Traditional,3.92,10,10,5,1,Yes
1088,BCA1088,MMDU2026REG1088,MMDU,MMICTBM,CS,BCA,AI,Male,2003-10-12,23,OBC,No,Haryana,Indian,<2 LPA,10th,Business,Yes,No,Govt,69.48,State,67.25,CBSE,Arts,67,2573,Quota,0,2025-26,VI,BCA601,Final Semester,Core,4,3.89,FAC101,120,62,62,Low,32,37,0.99,2,7,0.92,88,58,65,259,50,Up,80,62,66,222,62.69,A,7.2,8.35,7.11,Pass,1,5.7,5.7,6.9,Yes,23,Yes,High,5,1,75,Visual,89,62,19,4.14,25,77,Blended,4.56,5,7,7,3,No
1089,BCA1089,MMDU2026REG1089,MMDU,MMICTBM,CS,BCA,Cloud,Male,2003-01-02,22,SC,No,Punjab,Indian,4-6 LPA,Post-Graduate,Service,No,Yes,NA,71.53,CBSE,66.37,State,Commerce,73,1131,Merit,0,2025-26,VI,BCA601,Final Semester,Core,4,3.72,FAC110,120,84,84,Medium,34,25,0.87,5,4,0.79,81,65,69,194,21,Down,90,68,85,213,78.61,A,6.3,8.87,6.94,Pass,0,5,5.8,3.4,No,50,Yes,Low,4,2,56,Kinesthetic,50,81,5,4.67,27,77,Blended,3.5,22,11,9,5,Yes
1090,BCA1090,MMDU2026REG1090,MMDU,MMICTBM,CS,BCA,Cloud,Female,2004-05-27,22,OBC,Yes,Punjab,Indian,6-8 LPA,Post-Graduate,Farmer,Yes,No,Govt,93.53,CBSE,73.77,CBSE,Commerce,56,4030,Quota,1,2025-26,VI,BCA601,Final Semester,Core,4,3.53,FAC103,120,99,99,High,54,42,0.95,1,12,0.68,94,81,87,211,60,Flat,56,88,78,249,76.65,A,8.6,8.07,8.96,Pass,0,6.9,5.1,5.1,Yes,37,No,Medium,5,4,45,Visual,72,74,3,3.68,24,73,Traditional,3.87,10,22,4,1,No
1091,BCA1091,MMDU2026REG1091,MMDU,MMICTBM,CS,BCA,Cloud,Male,2002-05-15,23,GEN,No,UP,Indian,4-6 LPA,Graduate,Business,Yes,Yes,Private,63.49,ICSE,81.17,CBSE,Commerce,64,2513,Management,1,2025-26,VI,BCA601,Final Semester,Core,4,3.87,FAC109,120,60,60,Low,51,39,0.74,5,12,0.7,62,90,81,224,18,Up,64,57,55,266,83.3,A,7.5,8.11,6.53,Pass,0,5.6,6.4,4.4,No,55,Yes,High,1,1,48,Auditory,70,85,18,4.08,25,46,Blended,4.67,9,5,8,2,Yes
1092,BCA1092,MMDU2026REG1092,MMDU,MMICTBM,CS,BCA,Data Science,Male,2004-01-22,22,GEN,No,Haryana,Indian,2-4 LPA,10th,Service,Yes,Yes,Govt,88.29,CBSE,67.58,CBSE,Arts,73,3457,Quota,2,2025-26,VI,BCA601,Final Semester,Core,4,4.42,FAC107,120,63,63,Low,25,22,0.86,3,3,0.61,69,74,57,203,39,Down,64,84,70,224,75.93,A,6.1,9.13,6.08,Pass,1,2.4,6.5,3.6,Yes,54,Yes,High,5,4,87,Reading,56,49,5,4.28,35,49,Blended,4.29,24,11,5,0,Yes
1093,BCA1093,MMDU2026REG1093,MMDU,MMICTBM,CS,BCA,Data Science,Female,2002-07-30,23,GEN,Yes,UP,Indian,6-8 LPA,10th,Farmer,Yes,No,Private,74.17,CBSE,64.37,CBSE,Arts,85,1250,Quota,1,2025-26,VI,BCA601,Final Semester,Core,4,3.92,FAC107,120,98,98,High,20,28,0.86,1,4,0.97,80,67,63,270,32,Down,69,76,59,190,60.17,B,9.2,5.67,6.9,Pass,2,6.7,7.1,3.7,No,48,No,High,2,1,52,Auditory,40,52,8,3.68,19,41,Online,3.84,5,36,9,3,No
1094,BCA1094,MMDU2026REG1094,MMDU,MMICTBM,CS,BCA,Cloud,Female,2004-12-20,21,GEN,Yes,Bihar,Indian,2-4 LPA,10th,Farmer,Yes,Yes,NA,89.38,ICSE,91.87,State,Science,60,7228,Management,2,2025-26,VI,BCA601,Final Semester,Core,4,3.34,FAC117,120,73,73,Low,54,34,0.75,3,0,0.97,71,55,62,190,49,Down,78,65,59,188,76.42,C,8.3,8.58,8.41,Pass,2,7.9,6.8,5.3,No,52,No,Low,3,3,81,Kinesthetic,69,45,6,3.87,28,76,Online,4.95,13,15,0,5,No
1095,BCA1095,MMDU2026REG1095,MMDU,MMICTBM,CS,BCA,Data Science,Female,2002-10-18,24,OBC,Yes,UP,Indian,4-6 LPA,Graduate,Farmer,No,No,Private,62.96,ICSE,89.52,State,Arts,61,6588,Quota,1,2025-26,VI,BCA601,Final Semester,Core,4,3.47,FAC109,120,66,66,Low,23,20,0.88,5,1,0.77,89,72,57,231,38,Down,64,84,80,191,73.72,B+,8.7,7.49,7.73,Pass,1,2.8,7.1,2.5,No,15,Yes,High,2,3,65,Kinesthetic,47,42,7,4.17,29,43,Online,3.65,7,12,3,0,Yes
1096,BCA1096,MMDU2026REG1096,MMDU,MMICTBM,CS,BCA,Data Science,Male,2002-12-15,21,OBC,Yes,Punjab,Indian,2-4 LPA,Post-Graduate,Farmer,No,Yes,Govt,92.9,CBSE,72.63,CBSE,Science,86,7419,Merit,1,2025-26,VI,BCA601,Final Semester,Core,4,4.5,FAC119,120,71,71,Low,52,26,0.88,1,8,0.79,81,55,86,227,55,Down,81,62,69,266,81.65,B+,8.5,5.63,7.79,Pass,2,3.9,5.7,3.2,No,27,Yes,Medium,4,2,48,Auditory,60,42,4,4.32,15,63,Blended,3.88,20,11,1,4,No
1097,BCA1097,MMDU2026REG1097,MMDU,MMICTBM,CS,BCA,Cloud,Female,2004-10-01,22,ST,No,Bihar,Indian,4-6 LPA,Post-Graduate,Business,No,Yes,Govt,71.13,ICSE,77.34,CBSE,Arts,73,5073,Quota,0,2025-26,VI,BCA601,Final Semester,Core,4,3.09,FAC103,120,94,94,High,23,20,0.82,2,4,0.6,62,59,67,239,41,Up,76,85,89,196,83.63,A+,6.5,7.82,7.32,Pass,1,2.3,7.2,5.3,No,6,Yes,Medium,1,3,80,Reading,50,49,7,3.78,19,72,Blended,4.84,10,14,1,3,No
1098,BCA1098,MMDU2026REG1098,MMDU,MMICTBM,CS,BCA,AI,Male,2002-11-12,24,GEN,No,Punjab,Indian,<2 LPA,Post-Graduate,Service,Yes,Yes,NA,92.47,ICSE,72.45,State,Commerce,79,7701,Merit,0,2025-26,VI,BCA601,Final Semester,Core,4,4.11,FAC114,120,62,62,Low,44,20,0.94,5,5,0.84,87,79,73,192,14,Down,71,77,62,195,66.6,C,6.4,6.24,8.17,Pass,2,3,5.2,3,Yes,35,No,Low,4,5,48,Kinesthetic,42,83,14,4.11,23,56,Traditional,3.62,28,27,2,2,No
1099,BCA1099,MMDU2026REG1099,MMDU,MMICTBM,CS,BCA,Cloud,Female,2002-02-09,22,GEN,No,Bihar,Indian,6-8 LPA,10th,Service,Yes,No,NA,78.48,State,55.43,State,Commerce,81,4959,Quota,1,2025-26,VI,BCA601,Final Semester,Core,4,3.87,FAC113,120,85,85,High,44,36,0.84,1,1,0.73,88,77,67,235,8,Down,83,66,55,180,88.94,C,8.2,6.22,7.24,Pass,2,5.5,7.4,6.7,No,40,No,Low,1,2,40,Visual,85,66,6,3.62,15,51,Blended,4.36,10,22,9,1,No
1100,BCA1100,MMDU2026REG1100,MMDU,MMICTBM,CS,BCA,Cloud,Male,2002-07-23,24,OBC,Yes,Punjab,Indian,4-6 LPA,Graduate,Service,Yes,Yes,Private,72.69,ICSE,64.62,State,Commerce,62,2246,Merit,2,2025-26,VI,BCA601,Final Semester,Core,4,4.31,FAC117,120,60,60,Low,49,42,0.87,0,12,0.78,68,58,56,267,52,Up,66,86,74,190,73.42,A+,8.3,6.39,7.48,Pass,0,2.4,5.7,4.1,Yes,19,Yes,High,4,4,53,Kinesthetic,78,76,14,4.81,25,70,Online,4.04,16,38,0,1,Yes
1101,BCA1101,MMDU2026REG1101,MMDU,MMICTBM,CS,BCA,AI,Male,2002-01-09,21,ST,Yes,Punjab,Indian,<2 LPA,Graduate,Teacher,Yes,Yes,Govt,80.93,CBSE,66.77,CBSE,Science,57,7792,Management,1,2025-26,VI,BCA601,Final Semester,Core,4,3.69,FAC102,120,76,76,Medium,57,40,0.95,0,11,0.89,93,69,65,207,31,Flat,86,68,66,249,73.15,A,7.5,8.84,7.03,Pass,0,2.4,6.5,4.4,No,47,No,Medium,4,4,53,Auditory,81,82,14,3.64,19,39,Online,4.3,24,21,0,3,No
1102,BCA1102,MMDU2026REG1102,MMDU,MMICTBM,CS,BCA,Cyber Security,Female,2002-01-22,23,ST,No,Bihar,Indian,6-8 LPA,Post-Graduate,Service,Yes,Yes,NA,71.14,State,59.92,State,Arts,85,1312,Management,2,2025-26,VI,BCA601,Final Semester,Core,4,3.24,FAC112,120,81,81,Medium,31,20,0.91,4,7,0.95,70,78,76,218,6,Flat,76,55,69,224,68.3,A,7.7,8.69,7.04,Pass,2,3.5,6.7,2.8,No,56,No,Low,5,4,59,Reading,48,40,10,3.64,38,79,Blended,4.1,29,24,5,5,No
1103,BCA1103,MMDU2026REG1103,MMDU,MMICTBM,CS,BCA,Cyber Security,Male,2003-01-09,21,ST,No,Punjab,Indian,6-8 LPA,10th,Business,No,No,Govt,94.46,ICSE,83.18,State,Science,59,1540,Merit,2,2025-26,VI,BCA601,Final Semester,Core,4,4.08,FAC111,120,63,63,Low,57,31,0.84,5,8,0.67,72,69,56,205,34,Flat,77,89,75,236,62.88,B,8.9,7.32,7.56,Pass,0,2.3,7.2,6.4,Yes,56,Yes,High,4,2,56,Kinesthetic,83,48,14,4.08,22,33,Blended,3.58,8,20,10,3,Yes
1104,BCA1104,MMDU2026REG1104,MMDU,MMICTBM,CS,BCA,Data Science,Female,2005-01-29,24,SC,No,UP,Indian,6-8 LPA,Graduate,Service,No,Yes,Govt,92.79,State,65.12,CBSE,Science,75,3751,Quota,2,2025-26,VI,BCA601,Final Semester,Core,4,3.3,FAC106,120,69,69,Low,25,42,0.76,2,7,0.89,79,84,82,210,55,Down,61,72,78,213,64.98,A,7,8.5,6.42,Pass,0,2.4,5.6,4.7,Yes,58,No,Medium,5,4,69,Visual,56,56,9,3.96,15,60,Blended,3.69,12,29,1,5,No
1105,BCA1105,MMDU2026REG1105,MMDU,MMICTBM,CS,BCA,Cloud,Male,2003-10-12,23,GEN,Yes,Punjab,Indian,2-4 LPA,Post-Graduate,Business,No,No,Govt,84.3,CBSE,86.56,CBSE,Arts,79,6939,Quota,0,2025-26,VI,BCA601,Final Semester,Core,4,3.78,FAC103,120,81,81,Medium,34,27,0.99,1,12,0.71,63,79,64,236,36,Up,66,56,76,225,66.58,A,8.4,7.09,7.33,Pass,1,4.4,5.4,2.7,No,60,No,Medium,3,3,73,Kinesthetic,75,88,20,4.8,18,58,Online,4.24,12,36,10,3,No
1106,BCA1106,MMDU2026REG1106,MMDU,MMICTBM,CS,BCA,Cyber Security,Female,2005-02-16,21,GEN,Yes,UP,Indian,2-4 LPA,Graduate,Service,No,No,Govt,81.44,State,72.18,State,Commerce,72,2509,Management,1,2025-26,VI,BCA601,Final Semester,Core,4,4.07,FAC115,120,97,97,High,24,28,0.78,0,9,0.92,69,90,76,235,8,Down,73,65,59,202,85.59,B+,8.2,7.8,6.57,Pass,0,2.9,6.1,2.2,No,24,Yes,Medium,3,5,66,Kinesthetic,47,77,18,3.75,24,70,Blended,3.88,14,34,6,3,Yes
1107,BCA1107,MMDU2026REG1107,MMDU,MMICTBM,CS,BCA,Cloud,Male,2003-06-19,24,SC,No,Haryana,Indian,6-8 LPA,10th,Business,Yes,Yes,Govt,66.6,State,57.28,CBSE,Commerce,68,7578,Management,1,2025-26,VI,BCA601,Final Semester,Core,4,3.55,FAC117,120,87,87,High,22,41,0.91,5,5,0.6,66,56,68,205,37,Up,81,86,77,263,84.31,A+,8.7,8.46,7.09,Pass,1,2.6,7.3,5.1,Yes,11,Yes,Medium,5,2,61,Auditory,74,71,7,3.51,20,68,Traditional,4.79,18,8,9,0,Yes
1108,BCA1108,MMDU2026REG1108,MMDU,MMICTBM,CS,BCA,Cloud,Male,2004-01-10,24,SC,No,Haryana,Indian,<2 LPA,10th,Service,No,No,Private,66.82,CBSE,82.09,State,Science,84,6930,Quota,0,2025-26,VI,BCA601,Final Semester,Core,4,3.86,FAC118,120,98,98,High,53,29,0.88,2,12,0.74,76,64,87,258,54,Down,89,80,81,199,89.73,C,7.7,7.25,7.06,Pass,2,3.8,7.7,2.8,No,53,Yes,Medium,4,5,50,Auditory,44,50,3,4.39,37,39,Traditional,3.96,6,40,2,1,No
1109,BCA1109,MMDU2026REG1109,MMDU,MMICTBM,CS,BCA,AI,Female,2005-02-19,24,OBC,No,UP,Indian,6-8 LPA,Post-Graduate,Teacher,Yes,No,Private,61.9,CBSE,63.35,State,Commerce,62,2147,Management,0,2025-26,VI,BCA601,Final Semester,Core,4,3.96,FAC111,120,78,78,Medium,20,20,0.88,1,4,0.64,82,84,69,218,44,Up,77,56,72,236,65.97,A+,7,8.1,7.22,Pass,0,2.1,6.1,4.2,No,58,No,Low,4,4,71,Reading,56,55,19,4.24,37,47,Online,4.95,6,35,10,0,Yes
1110,BCA1110,MMDU2026REG1110,MMDU,MMICTBM,CS,BCA,Cloud,Male,2003-07-12,24,ST,No,Haryana,Indian,<2 LPA,Post-Graduate,Business,Yes,No,Govt,92.29,ICSE,56.25,State,Commerce,59,3792,Quota,0,2025-26,VI,BCA601,Final Semester,Core,4,4.35,FAC116,120,92,92,High,22,23,0.87,3,9,0.72,79,59,76,264,16,Up,61,88,66,201,87.25,B+,8.3,8.9,8.72,Pass,1,4.3,6.1,2.7,Yes,21,Yes,Medium,5,3,48,Auditory,82,51,4,4.79,21,46,Blended,4.2,24,6,4,3,Yes
1111,BCA1111,MMDU2026REG1111,MMDU,MMICTBM,CS,BCA,AI,Male,2002-09-29,23,SC,Yes,Haryana,Indian,6-8 LPA,Graduate,Service,Yes,No,NA,69.14,State,79.11,State,Arts,74,4909,Quota,1,2025-26,VI,BCA601,Final Semester,Core,4,3.8,FAC111,120,70,70,Low,20,29,0.78,0,7,0.98,70,62,55,189,47,Down,71,60,62,222,67.93,A,8.6,5.81,6.61,Pass,1,6.7,7.8,3.2,Yes,22,No,Low,1,1,58,Kinesthetic,61,87,12,4.42,33,34,Online,3.81,19,5,7,3,No
1112,BCA1112,MMDU2026REG1112,MMDU,MMICTBM,CS,BCA,AI,Male,2003-08-24,23,GEN,No,Haryana,Indian,4-6 LPA,10th,Service,Yes,No,Govt,79.6,ICSE,74.13,CBSE,Arts,83,2839,Merit,0,2025-26,VI,BCA601,Final Semester,Core,4,4.06,FAC104,120,97,97,High,44,33,0.83,0,3,0.79,71,79,85,238,40,Down,88,62,69,213,73.89,A,9.3,8.68,8.57,Pass,0,6.7,5,4.9,No,16,Yes,Medium,2,4,70,Auditory,50,55,14,4.07,36,77,Traditional,4.23,28,25,9,5,Yes
1113,BCA1113,MMDU2026REG1113,MMDU,MMICTBM,CS,BCA,AI,Male,2004-03-30,21,SC,Yes,UP,Indian,4-6 LPA,Post-Graduate,Business,No,No,Govt,88.04,State,57.71,State,Science,50,2868,Merit,2,2025-26,VI,BCA601,Final Semester,Core,4,4.35,FAC103,120,78,78,Medium,42,22,0.75,4,9,0.71,81,74,82,207,38,Flat,63,68,80,182,86.14,A+,7.1,6.67,7.66,Pass,2,5.1,7,4.9,Yes,35,Yes,High,5,4,82,Visual,54,56,12,3.53,15,31,Blended,3.85,12,9,10,5,No
1114,BCA1114,MMDU2026REG1114,MMDU,MMICTBM,CS,BCA,Cloud,Female,2003-09-08,23,OBC,No,UP,Indian,<2 LPA,10th,Business,No,Yes,NA,77.53,ICSE,55.83,CBSE,Commerce,76,6343,Merit,1,2025-26,VI,BCA601,Final Semester,Core,4,3.1,FAC108,120,97,97,High,27,32,0.73,5,4,0.81,68,67,76,245,59,Flat,89,75,71,202,71.84,A+,9.2,6.69,7.2,Pass,0,7.7,7.6,4.9,Yes,26,Yes,Low,5,4,69,Visual,50,76,11,4.75,38,39,Online,4.22,21,13,2,4,No
1115,BCA1115,MMDU2026REG1115,MMDU,MMICTBM,CS,BCA,Cyber Security,Female,2004-02-06,22,OBC,Yes,Bihar,Indian,4-6 LPA,10th,Teacher,No,Yes,NA,92.41,State,84.91,State,Commerce,66,6746,Merit,1,2025-26,VI,BCA601,Final Semester,Core,4,4.47,FAC109,120,94,94,High,50,41,0.92,3,5,0.66,93,68,80,259,5,Flat,74,63,74,259,86.79,A,6.9,8.76,7.43,Pass,1,5.9,6.6,6.8,Yes,53,No,Low,2,2,76,Visual,84,40,12,4.19,39,67,Traditional,4.53,22,25,5,3,No
1116,BCA1116,MMDU2026REG1116,MMDU,MMICTBM,CS,BCA,Data Science,Female,2004-05-08,24,OBC,No,Punjab,Indian,<2 LPA,10th,Service,No,Yes,Govt,63.37,State,70.63,CBSE,Commerce,53,6695,Management,1,2025-26,VI,BCA601,Final Semester,Core,4,3.44,FAC108,120,71,71,Low,29,29,0.77,2,10,0.87,73,56,55,236,23,Up,87,65,71,211,65.71,B+,6.9,9.28,7.65,Pass,1,6.7,5.8,5.5,Yes,33,Yes,High,1,5,69,Visual,67,70,6,4.58,19,34,Traditional,3.88,27,8,0,4,No
1117,BCA1117,MMDU2026REG1117,MMDU,MMICTBM,CS,BCA,Cyber Security,Female,2003-03-14,24,GEN,Yes,Bihar,Indian,4-6 LPA,Graduate,Service,Yes,Yes,NA,75.47,CBSE,77.01,State,Arts,65,6890,Quota,1,2025-26,VI,BCA601,Final Semester,Core,4,3.93,FAC115,120,96,96,High,60,29,1,3,12,0.86,62,65,65,185,16,Down,78,76,58,220,63.37,B,9.4,6.02,6.09,Pass,0,6,5,3.6,Yes,43,No,Low,2,2,86,Reading,49,87,4,4.27,21,36,Online,3.99,5,20,1,3,No
1118,BCA1118,MMDU2026REG1118,MMDU,MMICTBM,CS,BCA,Data Science,Female,2003-09-26,23,OBC,Yes,UP,Indian,2-4 LPA,10th,Service,Yes,Yes,NA,61.9,State,78.63,State,Commerce,52,6739,Merit,2,2025-26,VI,BCA601,Final Semester,Core,4,4.3,FAC104,120,95,95,High,50,36,0.78,3,8,0.83,73,64,61,209,11,Up,56,85,79,190,82.68,C,7.9,8.63,7.29,Pass,1,4.1,7.5,3.9,Yes,32,Yes,Low,5,4,50,Auditory,43,49,11,4.93,35,48,Blended,4.92,20,15,6,1,No
1119,BCA1119,MMDU2026REG1119,MMDU,MMICTBM,CS,BCA,Cloud,Female,2005-03-08,24,SC,No,Bihar,Indian,4-6 LPA,Graduate,Teacher,No,Yes,Govt,92.16,ICSE,61.1,CBSE,Arts,54,3171,Quota,2,2025-26,VI,BCA601,Final Semester,Core,4,4.13,FAC112,120,72,72,Low,35,42,0.85,0,6,0.88,73,66,68,233,19,Flat,75,85,55,190,75.54,A+,6.7,8.23,8.37,Pass,1,7,5.2,6.8,Yes,22,No,Medium,1,5,48,Visual,44,77,19,3.67,24,39,Traditional,4.71,24,33,6,1,No
1120,BCA1120,MMDU2026REG1120,MMDU,MMICTBM,CS,BCA,Cyber Security,Female,2002-05-29,22,SC,No,Bihar,Indian,4-6 LPA,10th,Business,No,No,NA,62.45,CBSE,88.17,CBSE,Science,56,3268,Merit,2,2025-26,VI,BCA601,Final Semester,Core,4,3.08,FAC106,120,60,60,Low,34,37,0.9,5,3,0.6,91,76,74,245,53,Flat,66,60,62,243,89.19,B+,8.8,9.49,7.55,Pass,0,3.3,6.6,3.3,No,26,No,High,2,5,71,Auditory,84,69,3,4.38,28,37,Traditional,4.33,13,23,5,2,Yes
1121,BCA1121,MMDU2026REG1121,MMDU,MMICTBM,CS,BCA,AI,Female,2003-01-24,23,SC,No,UP,Indian,2-4 LPA,10th,Business,Yes,Yes,NA,62.25,State,56.14,CBSE,Science,65,7072,Quota,2,2025-26,VI,BCA601,Final Semester,Core,4,3.93,FAC109,120,96,96,High,53,42,0.71,0,8,0.66,70,67,73,236,12,Up,88,90,83,265,82.06,A,6.5,7.37,7.97,Pass,1,4,7.2,4,Yes,36,No,Low,2,2,45,Reading,72,72,13,4.41,17,44,Blended,3.56,19,24,2,3,No
1122,BCA1122,MMDU2026REG1122,MMDU,MMICTBM,CS,BCA,Cloud,Male,2004-06-14,23,ST,No,Haryana,Indian,<2 LPA,Graduate,Service,Yes,Yes,Govt,88.44,State,58.52,CBSE,Arts,64,5242,Quota,0,2025-26,VI,BCA601,Final Semester,Core,4,4.03,FAC114,120,89,89,High,35,45,0.95,3,3,0.76,77,65,84,248,57,Flat,59,55,86,228,71.4,C,9.3,8.23,8.71,Pass,2,4.5,6.2,3.4,No,19,Yes,Low,3,5,71,Reading,81,47,10,3.87,28,37,Online,3.96,12,38,1,2,No
1123,BCA1123,MMDU2026REG1123,MMDU,MMICTBM,CS,BCA,Data Science,Female,2003-12-09,21,OBC,Yes,Haryana,Indian,2-4 LPA,Post-Graduate,Farmer,Yes,Yes,Private,92.55,CBSE,89.6,CBSE,Arts,58,3161,Merit,1,2025-26,VI,BCA601,Final Semester,Core,4,3.89,FAC101,120,98,98,High,22,34,0.71,3,12,0.72,64,82,76,203,42,Flat,78,90,79,206,84.97,A+,6.2,6.33,8.63,Pass,1,2.2,5,3.2,No,39,No,High,5,2,62,Auditory,56,43,13,3.56,19,69,Blended,3.6,12,27,2,3,No
1124,BCA1124,MMDU2026REG1124,MMDU,MMICTBM,CS,BCA,Cyber Security,Female,2003-10-04,21,OBC,No,Bihar,Indian,<2 LPA,10th,Business,No,Yes,Govt,74.68,CBSE,80.09,State,Commerce,76,4846,Merit,2,2025-26,VI,BCA601,Final Semester,Core,4,3.65,FAC110,120,83,83,Medium,29,29,0.76,2,3,0.7,60,67,85,195,40,Up,90,70,68,224,78.13,B+,6.4,5.53,7.45,Pass,0,3.3,6.4,7,No,20,No,High,1,3,47,Kinesthetic,68,59,13,3.93,40,42,Online,3.72,14,31,5,3,Yes
1125,BCA1125,MMDU2026REG1125,MMDU,MMICTBM,CS,BCA,Cloud,Male,2004-02-10,24,ST,No,UP,Indian,4-6 LPA,Post-Graduate,Teacher,Yes,Yes,Private,82.05,ICSE,80.05,State,Science,76,1870,Management,1,2025-26,VI,BCA601,Final Semester,Core,4,3.08,FAC103,120,99,99,High,45,41,0.9,1,9,0.62,83,90,87,268,14,Down,75,67,59,259,81.02,A,6.5,6.8,6.78,Pass,0,2.9,5.3,4,Yes,23,Yes,High,3,1,55,Auditory,82,52,16,3.98,19,43,Traditional,3.84,20,17,5,3,No
1126,BCA1126,MMDU2026REG1126,MMDU,MMICTBM,CS,BCA,Data Science,Male,2004-01-08,22,SC,Yes,UP,Indian,2-4 LPA,Post-Graduate,Service,Yes,Yes,NA,74.73,ICSE,87.93,State,Science,52,1328,Quota,0,2025-26,VI,BCA601,Final Semester,Core,4,4.09,FAC105,120,71,71,Low,45,23,1,1,5,0.67,81,90,55,201,30,Flat,55,55,60,205,86.31,A+,8.8,5.73,7.26,Pass,0,4.8,5.9,4.8,Yes,54,Yes,Medium,4,2,70,Auditory,83,86,19,3.84,32,61,Traditional,3.75,29,36,9,3,Yes
1127,BCA1127,MMDU2026REG1127,MMDU,MMICTBM,CS,BCA,AI,Male,2003-06-25,21,SC,Yes,UP,Indian,6-8 LPA,10th,Teacher,No,Yes,Govt,81.63,CBSE,81,CBSE,Arts,87,4888,Management,2,2025-26,VI,BCA601,Final Semester,Core,4,3.31,FAC105,120,79,79,Medium,60,43,0.91,0,1,0.77,76,73,89,196,10,Down,59,65,65,184,89.83,B+,7.1,5.68,6.72,Pass,1,6.4,6.8,2.3,No,49,Yes,Medium,2,5,75,Kinesthetic,79,59,13,4.08,21,71,Traditional,4.17,28,10,2,4,No
1128,BCA1128,MMDU2026REG1128,MMDU,MMICTBM,CS,BCA,Cloud,Female,2002-01-09,22,SC,Yes,Bihar,Indian,6-8 LPA,Post-Graduate,Farmer,No,Yes,NA,81.93,State,90.41,State,Commerce,66,2017,Merit,0,2025-26,VI,BCA601,Final Semester,Core,4,4.42,FAC111,120,70,70,Low,26,35,0.88,4,10,0.68,95,67,78,237,50,Flat,70,65,55,228,89.15,A+,7.3,5.47,6.54,Pass,2,2.7,6.8,2.2,No,29,Yes,Low,3,5,58,Auditory,50,90,5,4.61,32,37,Blended,4.45,7,39,9,1,Yes
1129,BCA1129,MMDU2026REG1129,MMDU,MMICTBM,CS,BCA,Cyber Security,Male,2002-02-04,21,ST,No,UP,Indian,6-8 LPA,10th,Farmer,No,No,Private,82.21,CBSE,59.53,State,Commerce,88,5552,Quota,1,2025-26,VI,BCA601,Final Semester,Core,4,3.84,FAC105,120,95,95,High,53,27,0.86,5,9,0.93,81,81,82,229,58,Down,55,78,72,231,66.01,A,8.4,9.05,6.83,Pass,1,2.8,6.6,3.1,No,18,Yes,High,5,5,76,Auditory,61,62,19,4.97,35,73,Traditional,4.62,29,25,5,1,Yes
1130,BCA1130,MMDU2026REG1130,MMDU,MMICTBM,CS,BCA,Cloud,Male,2003-08-17,22,GEN,No,UP,Indian,6-8 LPA,Post-Graduate,Teacher,Yes,No,NA,70.94,ICSE,61.37,State,Commerce,77,5704,Management,0,2025-26,VI,BCA601,Final Semester,Core,4,3.01,FAC108,120,65,65,Low,39,36,0.77,0,12,0.64,87,65,62,270,8,Flat,77,67,67,189,64.6,A+,9.3,8.4,7.53,Pass,0,4.7,7.8,6,No,27,Yes,High,2,5,80,Kinesthetic,68,81,19,3.64,23,53,Blended,4.74,6,12,6,3,No
1131,BCA1131,MMDU2026REG1131,MMDU,MMICTBM,CS,BCA,Data Science,Female,2003-01-09,21,ST,No,UP,Indian,2-4 LPA,10th,Service,Yes,No,Govt,81.07,CBSE,58.74,State,Arts,62,7949,Quota,1,2025-26,VI,BCA601,Final Semester,Core,4,3.49,FAC109,120,65,65,Low,58,26,0.73,5,9,0.85,90,59,58,197,11,Up,68,82,69,265,82.76,A,9.5,6.41,6.47,Pass,2,4.3,6.7,5.1,No,13,Yes,Low,5,2,66,Auditory,84,75,10,3.9,33,68,Traditional,3.74,16,37,7,0,No
1132,BCA1132,MMDU2026REG1132,MMDU,MMICTBM,CS,BCA,Data Science,Female,2004-09-16,24,GEN,Yes,Punjab,Indian,4-6 LPA,Graduate,Teacher,Yes,Yes,NA,79.74,ICSE,84.35,State,Science,53,2706,Quota,0,2025-26,VI,BCA601,Final Semester,Core,4,3.56,FAC114,120,90,90,High,59,24,0.91,2,4,0.86,65,56,79,186,32,Flat,80,65,67,264,81.71,A+,7.3,9.43,6.53,Pass,0,6.7,7.3,6.4,No,5,No,Medium,2,3,67,Visual,65,64,20,4.88,27,77,Blended,4.7,30,6,5,3,No
1133,BCA1133,MMDU2026REG1133,MMDU,MMICTBM,CS,BCA,Data Science,Male,2002-10-02,21,GEN,No,Punjab,Indian,6-8 LPA,Graduate,Business,No,No,NA,91.68,ICSE,79.1,State,Science,75,4527,Merit,1,2025-26,VI,BCA601,Final Semester,Core,4,4.18,FAC102,120,100,100,High,58,25,0.9,2,11,0.97,68,77,57,258,36,Up,89,73,89,185,72.64,A,6.7,5.95,7.9,Pass,1,3.2,7.8,2.9,No,55,No,High,2,2,72,Visual,82,46,15,4.46,37,39,Blended,3.98,26,25,0,1,No
1134,BCA1134,MMDU2026REG1134,MMDU,MMICTBM,CS,BCA,AI,Male,2004-12-07,24,OBC,Yes,Bihar,Indian,<2 LPA,Post-Graduate,Business,No,No,Govt,90.43,State,72.97,CBSE,Arts,80,3704,Quota,0,2025-26,VI,BCA601,Final Semester,Core,4,3.77,FAC104,120,85,85,High,25,20,0.75,0,5,0.88,87,58,82,243,9,Up,77,87,88,192,79.78,A,6.9,9.09,7.83,Pass,2,4,7,3.2,Yes,7,No,Medium,3,2,89,Reading,74,61,8,3.81,17,45,Online,4.57,23,22,5,0,No
1135,BCA1135,MMDU2026REG1135,MMDU,MMICTBM,CS,BCA,Cyber Security,Male,2004-10-06,23,OBC,No,Haryana,Indian,6-8 LPA,Graduate,Service,Yes,No,Private,76.44,CBSE,61.92,State,Arts,53,1063,Merit,0,2025-26,VI,BCA601,Final Semester,Core,4,3.22,FAC117,120,83,83,Medium,40,21,0.76,0,11,0.66,91,61,66,208,17,Up,85,85,80,218,82.91,A,9.3,5.15,7.71,Pass,2,2.3,7.3,6.2,Yes,46,No,Low,1,1,81,Kinesthetic,61,80,7,4.09,37,49,Blended,3.75,29,24,5,5,Yes
1136,BCA1136,MMDU2026REG1136,MMDU,MMICTBM,CS,BCA,Cloud,Male,2005-01-19,22,ST,Yes,UP,Indian,4-6 LPA,10th,Teacher,No,No,NA,72.77,ICSE,93.08,CBSE,Commerce,69,6748,Merit,2,2025-26,VI,BCA601,Final Semester,Core,4,3.12,FAC104,120,88,88,High,50,29,0.87,0,5,0.8,61,73,55,263,1,Up,81,88,88,224,79.99,A,9.2,9.09,8.59,Pass,1,6,6.8,5.9,No,19,No,Medium,3,1,42,Visual,57,76,13,4.61,26,39,Traditional,4.58,28,15,3,3,Yes
1137,BCA1137,MMDU2026REG1137,MMDU,MMICTBM,CS,BCA,Data Science,Female,2002-04-01,21,SC,Yes,Punjab,Indian,4-6 LPA,10th,Farmer,Yes,No,Govt,71.89,State,76.56,CBSE,Commerce,51,4793,Merit,2,2025-26,VI,BCA601,Final Semester,Core,4,3.52,FAC112,120,76,76,Medium,22,31,0.7,0,7,0.98,83,72,90,233,10,Flat,68,81,56,246,75.95,C,8.5,5.66,6.96,Pass,1,2.3,5.4,4,No,58,No,Medium,5,2,89,Reading,63,75,12,4.61,15,72,Traditional,3.84,13,28,10,5,Yes
1138,BCA1138,MMDU2026REG1138,MMDU,MMICTBM,CS,BCA,AI,Female,2004-04-30,21,GEN,Yes,Haryana,Indian,6-8 LPA,Post-Graduate,Business,No,No,Govt,60.61,State,78.7,CBSE,Arts,68,2136,Quota,2,2025-26,VI,BCA601,Final Semester,Core,4,4.13,FAC104,120,62,62,Low,24,25,0.75,1,9,0.82,65,83,64,198,35,Up,80,80,78,262,73.97,B,6.7,7.47,7.76,Pass,1,7,7.5,4.7,Yes,20,No,Low,1,2,74,Visual,81,55,12,4.26,17,59,Traditional,5,23,39,8,1,No
1139,BCA1139,MMDU2026REG1139,MMDU,MMICTBM,CS,BCA,AI,Female,2005-03-31,24,ST,No,Punjab,Indian,<2 LPA,10th,Farmer,Yes,No,Private,79.15,CBSE,94.33,State,Science,70,3734,Quota,1,2025-26,VI,BCA601,Final Semester,Core,4,4.1,FAC109,120,73,73,Low,36,31,0.83,4,4,0.96,92,77,68,237,40,Flat,86,56,87,258,66.24,B+,9.2,5.79,7.25,Pass,0,7,5.6,4.1,Yes,14,No,Medium,3,4,84,Reading,79,90,14,4.67,17,47,Blended,4.06,10,14,9,4,Yes
1140,BCA1140,MMDU2026REG1140,MMDU,MMICTBM,CS,BCA,Data Science,Male,2002-02-24,23,OBC,Yes,UP,Indian,<2 LPA,10th,Teacher,No,Yes,Private,78.36,CBSE,72.77,State,Commerce,61,3015,Quota,1,2025-26,VI,BCA601,Final Semester,Core,4,4.17,FAC118,120,76,76,Medium,35,26,0.97,0,6,0.93,94,70,90,251,24,Up,83,63,89,200,78.45,A,9.5,5.61,7.08,Pass,0,4.4,7.9,5.5,Yes,46,No,Medium,5,1,79,Kinesthetic,42,51,11,4.08,30,56,Blended,3.68,12,16,6,2,Yes
1141,BCA1141,MMDU2026REG1141,MMDU,MMICTBM,CS,BCA,Data Science,Female,2003-10-05,23,ST,Yes,Haryana,Indian,2-4 LPA,Graduate,Teacher,Yes,Yes,NA,92.15,ICSE,89.98,CBSE,Commerce,75,6167,Quota,1,2025-26,VI,BCA601,Final Semester,Core,4,4.34,FAC104,120,75,75,Medium,54,21,0.8,1,12,0.86,79,89,76,182,53,Up,90,78,86,245,78.15,B+,8.8,7.99,8.4,Pass,1,6,5.3,6.4,No,18,Yes,Medium,1,4,58,Reading,89,78,19,3.94,25,61,Online,4.52,7,32,7,1,No
1142,BCA1142,MMDU2026REG1142,MMDU,MMICTBM,CS,BCA,Cyber Security,Male,2003-07-13,21,SC,No,Haryana,Indian,2-4 LPA,Post-Graduate,Farmer,No,Yes,NA,62.24,State,68.62,State,Commerce,65,1824,Management,0,2025-26,VI,BCA601,Final Semester,Core,4,3.64,FAC101,120,87,87,High,20,29,0.8,4,7,0.78,69,88,85,243,20,Down,55,61,70,210,89.69,A+,9,8.43,6.62,Pass,1,3.6,6.3,6.3,Yes,9,Yes,High,1,2,84,Visual,59,57,19,3.62,28,34,Blended,4.39,13,23,0,0,No
1143,BCA1143,MMDU2026REG1143,MMDU,MMICTBM,CS,BCA,AI,Male,2004-09-21,24,GEN,No,Punjab,Indian,4-6 LPA,10th,Teacher,No,Yes,Govt,63.03,State,60.06,State,Arts,78,4633,Merit,2,2025-26,VI,BCA601,Final Semester,Core,4,3.82,FAC106,120,95,95,High,60,36,0.98,4,11,0.91,65,67,68,211,31,Flat,59,69,77,259,69.77,B,8.4,7.81,8.8,Pass,2,3,7.6,3.7,No,25,No,Medium,4,3,48,Reading,72,47,4,4.97,18,37,Blended,4.72,21,17,1,1,No
1144,BCA1144,MMDU2026REG1144,MMDU,MMICTBM,CS,BCA,Cloud,Male,2002-10-24,21,SC,Yes,Haryana,Indian,4-6 LPA,Post-Graduate,Farmer,No,No,Govt,93.76,CBSE,58.16,CBSE,Commerce,90,2999,Quota,2,2025-26,VI,BCA601,Final Semester,Core,4,3.85,FAC113,120,64,64,Low,43,44,0.96,5,0,0.97,63,76,57,222,52,Flat,63,87,59,225,61.49,A+,8.1,5.2,7.1,Pass,0,2.4,8,6,Yes,39,Yes,Low,3,5,45,Visual,59,44,7,4.17,22,68,Traditional,4.89,9,25,2,4,Yes
1145,BCA1145,MMDU2026REG1145,MMDU,MMICTBM,CS,BCA,Data Science,Male,2002-02-26,21,SC,Yes,UP,Indian,2-4 LPA,Post-Graduate,Business,Yes,No,Private,94.42,CBSE,71,State,Commerce,83,1982,Merit,1,2025-26,VI,BCA601,Final Semester,Core,4,3.99,FAC111,120,100,100,High,36,39,0.85,2,3,0.61,75,66,86,193,10,Up,62,83,75,244,88.3,A+,8.5,6.39,7.53,Pass,2,7.6,6.4,2.6,Yes,29,No,Medium,2,2,46,Kinesthetic,44,44,15,4.24,37,35,Traditional,4.46,7,31,0,0,No
1146,BCA1146,MMDU2026REG1146,MMDU,MMICTBM,CS,BCA,Cloud,Male,2004-12-07,24,ST,No,Haryana,Indian,2-4 LPA,10th,Service,Yes,Yes,Govt,81.56,State,66.68,State,Arts,79,6185,Quota,0,2025-26,VI,BCA601,Final Semester,Core,4,3.88,FAC109,120,63,63,Low,39,27,0.96,1,9,0.87,72,87,80,226,5,Up,75,63,73,266,78.39,A+,8.2,5.77,7.89,Pass,1,4.6,7.4,6.9,No,41,Yes,High,1,5,52,Reading,90,55,7,4.49,24,73,Blended,4.99,16,6,6,2,No
1147,BCA1147,MMDU2026REG1147,MMDU,MMICTBM,CS,BCA,Data Science,Female,2004-01-09,23,SC,No,Punjab,Indian,2-4 LPA,10th,Business,Yes,No,NA,79.63,ICSE,93.47,State,Science,78,7940,Merit,0,2025-26,VI,BCA601,Final Semester,Core,4,3.3,FAC115,120,86,86,High,33,44,0.99,1,11,0.96,60,65,57,268,18,Flat,66,60,59,255,88.28,C,8.1,5.18,7.7,Pass,2,2.4,6.3,6.6,Yes,18,Yes,High,2,1,46,Auditory,75,73,11,3.8,31,32,Blended,4.36,13,32,4,0,No
1148,BCA1148,MMDU2026REG1148,MMDU,MMICTBM,CS,BCA,Data Science,Male,2005-03-08,22,OBC,Yes,Punjab,Indian,6-8 LPA,Graduate,Farmer,No,Yes,Private,73.76,CBSE,70.04,CBSE,Arts,61,5901,Quota,2,2025-26,VI,BCA601,Final Semester,Core,4,4.41,FAC107,120,89,89,High,24,40,0.89,4,10,0.7,83,70,66,233,44,Down,76,89,63,181,81.86,A,8.7,5.63,7.29,Pass,1,4.2,5.2,2.2,No,21,No,High,1,5,44,Auditory,43,90,4,3.76,28,39,Traditional,4.24,21,29,1,5,No
1149,BCA1149,MMDU2026REG1149,MMDU,MMICTBM,CS,BCA,AI,Female,2004-08-22,21,SC,No,Bihar,Indian,<2 LPA,Graduate,Teacher,No,No,NA,74.59,CBSE,55.7,State,Arts,89,6441,Quota,1,2025-26,VI,BCA601,Final Semester,Core,4,4.37,FAC103,120,96,96,High,33,36,0.77,1,12,0.95,64,80,60,193,49,Up,76,76,86,262,84.83,A,8.5,9.08,6.02,Pass,0,4.5,7.3,3.3,Yes,26,Yes,Medium,1,1,58,Reading,90,43,3,4.16,32,70,Online,3.63,6,19,10,1,No
1150,BCA1150,MMDU2026REG1150,MMDU,MMICTBM,CS,BCA,Data Science,Female,2003-02-18,21,OBC,No,Punjab,Indian,2-4 LPA,Post-Graduate,Business,No,No,Govt,66.91,CBSE,84.3,State,Science,74,3726,Merit,2,2025-26,VI,BCA601,Final Semester,Core,4,3.34,FAC106,120,84,84,Medium,28,20,0.92,5,0,0.75,82,69,89,249,48,Up,84,67,72,238,60,A,9.2,8.16,6.98,Pass,2,2,5.5,6.9,No,38,No,High,4,3,45,Kinesthetic,45,57,20,4.67,37,70,Blended,4.34,13,6,4,0,Yes
1151,BCA1151,MMDU2026REG1151,MMDU,MMICTBM,CS,BCA,AI,Male,2003-01-24,22,GEN,No,UP,Indian,2-4 LPA,Graduate,Service,No,No,Govt,71.59,ICSE,66.83,State,Arts,87,6393,Merit,0,2025-26,VI,BCA601,Final Semester,Core,4,4.14,FAC111,120,64,64,Low,25,44,1,3,10,0.69,84,81,59,204,6,Down,55,86,72,181,69.82,A,7.2,8.52,6.18,Pass,1,4.9,5.3,2.4,Yes,51,No,Low,1,4,68,Visual,81,69,17,3.76,37,33,Traditional,3.97,5,6,7,2,Yes
1152,BCA1152,MMDU2026REG1152,MMDU,MMICTBM,CS,BCA,Cloud,Female,2005-02-07,24,OBC,Yes,Punjab,Indian,2-4 LPA,Post-Graduate,Farmer,No,Yes,Govt,77.23,State,72.07,CBSE,Science,60,3935,Management,2,2025-26,VI,BCA601,Final Semester,Core,4,3.4,FAC108,120,61,61,Low,26,39,0.86,3,11,0.9,93,87,71,235,59,Down,74,59,58,219,84.69,B,7.6,6.22,7.16,Pass,1,3.9,7.8,6.7,No,5,Yes,High,5,2,57,Visual,46,55,9,3.65,17,36,Traditional,4.43,25,13,1,2,No
1153,BCA1153,MMDU2026REG1153,MMDU,MMICTBM,CS,BCA,Data Science,Female,2002-01-18,21,SC,Yes,Punjab,Indian,6-8 LPA,Graduate,Business,Yes,Yes,Govt,76.96,State,59.11,State,Commerce,56,5982,Management,0,2025-26,VI,BCA601,Final Semester,Core,4,4.47,FAC119,120,87,87,High,37,27,0.77,1,11,0.76,65,59,64,184,6,Flat,68,89,64,251,67.94,B+,8.2,5.38,7.01,Pass,2,5.1,6.6,3.7,No,19,No,High,1,3,58,Auditory,63,54,16,4.79,39,41,Traditional,4,5,9,1,0,No
1154,BCA1154,MMDU2026REG1154,MMDU,MMICTBM,CS,BCA,Cloud,Male,2004-02-06,24,ST,Yes,Bihar,Indian,<2 LPA,Graduate,Service,Yes,No,Private,75.54,CBSE,65.39,State,Commerce,84,4661,Quota,2,2025-26,VI,BCA601,Final Semester,Core,4,4.09,FAC111,120,65,65,Low,56,34,0.99,3,11,0.78,83,78,59,238,54,Down,65,83,80,215,68.97,C,7.7,7.35,7.67,Pass,2,7.3,7.1,6.1,Yes,45,Yes,High,5,1,72,Auditory,87,73,3,4.95,24,55,Traditional,4.54,30,24,6,1,Yes
1155,BCA1155,MMDU2026REG1155,MMDU,MMICTBM,CS,BCA,Data Science,Female,2002-09-02,21,SC,Yes,Punjab,Indian,2-4 LPA,Post-Graduate,Teacher,Yes,Yes,Govt,75.58,CBSE,69.29,CBSE,Science,69,5492,Management,0,2025-26,VI,BCA601,Final Semester,Core,4,3.62,FAC105,120,90,90,High,43,34,0.77,1,8,0.93,78,75,73,263,55,Up,70,80,76,249,81.57,B,7.3,7.44,7.72,Pass,1,6.9,5.7,2.8,No,59,Yes,Medium,5,2,70,Kinesthetic,60,83,7,4.56,38,48,Traditional,3.76,15,26,6,2,No
1156,BCA1156,MMDU2026REG1156,MMDU,MMICTBM,CS,BCA,Data Science,Female,2002-07-01,21,GEN,Yes,Haryana,Indian,<2 LPA,Post-Graduate,Farmer,Yes,No,Govt,73.93,State,94.26,State,Science,67,5487,Management,2,2025-26,VI,BCA601,Final Semester,Core,4,3.01,FAC108,120,94,94,High,54,25,0.84,1,12,0.75,73,68,79,252,18,Flat,60,57,86,261,80.31,B,6.2,6.73,6.67,Pass,2,7,6.3,4.6,No,38,Yes,Low,3,5,83,Kinesthetic,52,81,17,4.73,37,78,Blended,4.23,19,34,3,5,No
1157,BCA1157,MMDU2026REG1157,MMDU,MMICTBM,CS,BCA,Cloud,Female,2004-08-04,24,GEN,Yes,UP,Indian,4-6 LPA,Post-Graduate,Business,Yes,No,Govt,84.05,CBSE,63.86,State,Commerce,55,5584,Merit,1,2025-26,VI,BCA601,Final Semester,Core,4,3.19,FAC116,120,60,60,Low,53,26,0.74,1,7,0.74,69,87,56,190,56,Down,57,57,64,201,68.52,B+,6.6,8.42,7.54,Pass,0,2.5,6.2,3,No,42,No,High,5,4,48,Reading,77,80,7,4.11,34,54,Online,4.22,13,16,0,2,Yes
1158,BCA1158,MMDU2026REG1158,MMDU,MMICTBM,CS,BCA,Cyber Security,Female,2005-02-17,24,SC,No,Punjab,Indian,<2 LPA,10th,Service,Yes,Yes,Govt,82.95,ICSE,76.12,CBSE,Science,58,7176,Quota,1,2025-26,VI,BCA601,Final Semester,Core,4,4.07,FAC104,120,98,98,High,58,33,0.94,4,8,0.94,68,75,71,197,10,Flat,73,59,69,197,64.62,C,8.4,9.02,7.01,Pass,0,7.3,5.6,2.2,No,40,No,Medium,5,4,73,Visual,40,77,12,4.22,17,57,Traditional,4.19,16,17,0,5,Yes
1159,BCA1159,MMDU2026REG1159,MMDU,MMICTBM,CS,BCA,AI,Female,2002-11-06,22,ST,No,Bihar,Indian,2-4 LPA,10th,Service,Yes,Yes,NA,75.14,State,62.07,CBSE,Arts,86,4960,Quota,2,2025-26,VI,BCA601,Final Semester,Core,4,4.42,FAC105,120,71,71,Low,47,27,0.79,1,7,0.7,73,80,58,228,30,Flat,86,70,74,220,61.58,B,8.2,5.62,8.57,Pass,1,3.5,5,5.7,Yes,49,No,High,2,5,57,Kinesthetic,52,74,19,4.41,38,63,Traditional,3.58,8,14,7,4,No
1160,BCA1160,MMDU2026REG1160,MMDU,MMICTBM,CS,BCA,Cloud,Female,2003-01-26,22,ST,No,UP,Indian,4-6 LPA,Post-Graduate,Farmer,No,No,Private,79.81,State,91.23,CBSE,Science,59,6861,Merit,0,2025-26,VI,BCA601,Final Semester,Core,4,4.2,FAC120,120,94,94,High,29,43,0.85,0,12,0.77,81,59,85,206,56,Down,76,66,83,249,85.98,A,8.3,8.79,7.89,Pass,0,3.3,8,5.7,No,17,No,Medium,4,2,71,Reading,56,72,20,4.46,23,72,Online,4.48,26,28,2,2,Yes
1161,BCA1161,MMDU2026REG1161,MMDU,MMICTBM,CS,BCA,AI,Male,2002-09-02,24,SC,No,UP,Indian,2-4 LPA,Graduate,Teacher,No,Yes,Govt,60.08,ICSE,59,CBSE,Science,63,6267,Quota,2,2025-26,VI,BCA601,Final Semester,Core,4,3.52,FAC106,120,81,81,Medium,23,20,0.73,0,4,0.95,67,83,74,267,1,Down,72,77,80,221,79.81,C,7.1,7.73,6.35,Pass,0,5.1,5.5,4.5,Yes,59,No,Low,4,4,48,Kinesthetic,51,61,10,4.79,27,57,Traditional,4.52,12,10,8,0,No
1162,BCA1162,MMDU2026REG1162,MMDU,MMICTBM,CS,BCA,Data Science,Male,2004-10-22,22,OBC,Yes,UP,Indian,6-8 LPA,Post-Graduate,Farmer,Yes,No,Private,87.05,CBSE,76.81,State,Arts,54,2961,Merit,1,2025-26,VI,BCA601,Final Semester,Core,4,4.15,FAC115,120,68,68,Low,29,24,0.86,5,0,0.78,89,70,84,234,24,Flat,71,88,72,222,87.76,A+,9.1,5.07,6.74,Pass,1,2.9,6.9,6.4,No,41,Yes,Medium,1,5,61,Visual,46,64,10,3.96,24,61,Online,4.55,25,28,9,5,Yes
1163,BCA1163,MMDU2026REG1163,MMDU,MMICTBM,CS,BCA,Data Science,Male,2005-02-17,23,GEN,Yes,Punjab,Indian,<2 LPA,Post-Graduate,Business,Yes,Yes,NA,91.76,ICSE,75.14,CBSE,Commerce,78,6834,Merit,2,2025-26,VI,BCA601,Final Semester,Core,4,4.11,FAC118,120,88,88,High,55,21,0.8,4,5,0.61,65,55,59,205,12,Down,55,61,61,194,80.19,B,7.7,5.2,8.72,Pass,2,7.4,6.8,3.6,No,51,No,High,3,5,41,Auditory,86,68,13,4.58,15,30,Blended,3.8,9,12,2,0,Yes
1164,BCA1164,MMDU2026REG1164,MMDU,MMICTBM,CS,BCA,Data Science,Male,2004-12-20,24,GEN,Yes,Haryana,Indian,2-4 LPA,Graduate,Business,No,Yes,Govt,93.79,CBSE,63.83,CBSE,Commerce,80,7455,Merit,0,2025-26,VI,BCA601,Final Semester,Core,4,3.21,FAC119,120,90,90,High,25,27,0.85,5,4,0.97,64,69,83,228,38,Up,86,75,82,265,71.48,A+,6.1,6.8,6.45,Pass,2,3.3,7.2,3.7,No,48,No,Medium,4,5,66,Kinesthetic,59,57,13,4.34,30,46,Blended,4.06,24,11,2,3,No
1165,BCA1165,MMDU2026REG1165,MMDU,MMICTBM,CS,BCA,Cyber Security,Female,2003-09-13,22,GEN,No,Punjab,Indian,2-4 LPA,Post-Graduate,Farmer,No,No,Govt,73.25,State,85.17,State,Commerce,76,3633,Merit,0,2025-26,VI,BCA601,Final Semester,Core,4,3.7,FAC117,120,92,92,High,42,24,0.88,4,12,0.67,95,76,81,184,10,Down,80,75,61,265,80.99,B,8.7,5.06,6.98,Pass,0,4.3,6.2,2.5,Yes,6,Yes,Medium,1,1,81,Kinesthetic,87,52,9,4.55,25,76,Traditional,3.99,30,21,7,0,No
1166,BCA1166,MMDU2026REG1166,MMDU,MMICTBM,CS,BCA,Data Science,Male,2003-08-28,23,SC,Yes,Bihar,Indian,2-4 LPA,10th,Business,No,Yes,Govt,85.02,CBSE,88.41,CBSE,Commerce,58,7871,Merit,1,2025-26,VI,BCA601,Final Semester,Core,4,3.81,FAC101,120,97,97,High,44,44,0.97,3,7,0.74,79,82,58,243,3,Up,76,80,90,266,70.26,B,9.2,8.29,8.43,Pass,2,7.5,7.4,7,No,48,Yes,Low,5,5,80,Visual,40,82,15,4.03,27,43,Online,3.78,7,15,5,0,No
1167,BCA1167,MMDU2026REG1167,MMDU,MMICTBM,CS,BCA,AI,Male,2004-07-24,21,GEN,No,UP,Indian,4-6 LPA,Graduate,Business,Yes,No,NA,80.65,State,80.67,State,Arts,76,7421,Management,2,2025-26,VI,BCA601,Final Semester,Core,4,3.29,FAC106,120,96,96,High,37,20,0.76,1,1,0.86,85,88,78,211,14,Up,84,73,61,245,68.11,A,7.5,8.72,7.45,Pass,0,5.1,7.7,6.8,Yes,54,Yes,Low,4,3,78,Visual,44,49,6,4.47,35,36,Traditional,4.6,9,32,0,2,Yes
1168,BCA1168,MMDU2026REG1168,MMDU,MMICTBM,CS,BCA,AI,Female,2005-01-03,22,SC,Yes,Haryana,Indian,<2 LPA,10th,Business,No,No,Govt,60.7,State,82.32,State,Arts,53,6275,Merit,1,2025-26,VI,BCA601,Final Semester,Core,4,4.2,FAC104,120,68,68,Low,55,22,0.89,2,3,0.67,76,57,90,216,1,Flat,88,74,88,181,61.45,B,7.8,9.48,6.72,Pass,0,4.8,5.7,4.8,No,20,No,Medium,2,3,50,Reading,58,46,17,4.29,33,36,Traditional,4.59,21,10,4,3,Yes
1169,BCA1169,MMDU2026REG1169,MMDU,MMICTBM,CS,BCA,Data Science,Female,2003-03-18,22,OBC,No,Bihar,Indian,6-8 LPA,Graduate,Business,No,Yes,Private,68.41,State,90.7,State,Science,51,6659,Merit,2,2025-26,VI,BCA601,Final Semester,Core,4,3.29,FAC104,120,95,95,High,31,45,0.74,3,2,0.88,90,60,65,203,17,Up,87,81,63,234,88.35,B+,9.1,6.09,6.62,Pass,1,4.2,7,4.3,Yes,22,Yes,Low,1,4,60,Reading,71,51,5,3.58,31,64,Traditional,4.78,9,10,9,2,Yes
1170,BCA1170,MMDU2026REG1170,MMDU,MMICTBM,CS,BCA,Data Science,Male,2002-11-07,23,ST,Yes,Punjab,Indian,6-8 LPA,10th,Business,Yes,Yes,Private,78.62,ICSE,63.75,CBSE,Arts,61,5557,Management,2,2025-26,VI,BCA601,Final Semester,Core,4,4.35,FAC114,120,80,80,Medium,54,31,0.93,4,3,0.76,90,76,76,239,23,Up,79,74,60,181,64.04,B+,7.7,5.74,6.94,Pass,2,7.6,6.5,5.4,Yes,11,No,High,4,5,41,Kinesthetic,79,80,16,4.62,18,77,Online,4.11,20,39,7,4,Yes
1171,BCA1171,MMDU2026REG1171,MMDU,MMICTBM,CS,BCA,AI,Male,2003-09-17,22,OBC,Yes,Bihar,Indian,4-6 LPA,10th,Teacher,No,No,Govt,74.94,CBSE,92.69,CBSE,Arts,58,1122,Management,2,2025-26,VI,BCA601,Final Semester,Core,4,4.14,FAC110,120,74,74,Low,60,36,0.77,3,0,0.9,77,55,57,262,42,Flat,82,82,70,240,65.67,C,7.7,8.92,7.75,Pass,2,6.1,5.6,3.4,Yes,30,No,Medium,1,2,59,Kinesthetic,79,70,19,4.1,32,69,Traditional,4.07,17,9,5,2,Yes
1172,BCA1172,MMDU2026REG1172,MMDU,MMICTBM,CS,BCA,Cloud,Male,2002-01-05,21,ST,No,Haryana,Indian,<2 LPA,Post-Graduate,Business,No,No,Govt,77.4,CBSE,61.13,CBSE,Arts,60,2183,Merit,1,2025-26,VI,BCA601,Final Semester,Core,4,3.15,FAC104,120,72,72,Low,49,23,0.72,5,7,0.8,86,67,56,232,33,Down,78,67,68,245,64.77,C,8.5,7.79,7.91,Pass,0,5.7,5.1,5.4,Yes,16,Yes,High,2,5,73,Kinesthetic,56,57,15,4,20,64,Online,4.31,6,39,1,3,Yes
1173,BCA1173,MMDU2026REG1173,MMDU,MMICTBM,CS,BCA,Cloud,Male,2005-02-19,23,SC,No,Bihar,Indian,4-6 LPA,10th,Farmer,No,Yes,Govt,88.91,CBSE,76.96,CBSE,Science,75,2370,Quota,1,2025-26,VI,BCA601,Final Semester,Core,4,4,FAC112,120,65,65,Low,58,36,0.79,1,7,0.6,89,61,72,227,48,Flat,57,83,76,208,77.66,B,6.3,8.84,8.42,Pass,1,3.6,8,3.6,No,35,No,Medium,3,5,60,Kinesthetic,43,46,10,4.86,26,61,Blended,4.29,18,31,9,1,No
1174,BCA1174,MMDU2026REG1174,MMDU,MMICTBM,CS,BCA,AI,Male,2003-02-10,21,GEN,Yes,Punjab,Indian,2-4 LPA,10th,Teacher,Yes,No,Private,61.88,State,74.72,CBSE,Arts,73,6854,Merit,1,2025-26,VI,BCA601,Final Semester,Core,4,4.47,FAC102,120,72,72,Low,38,29,0.87,1,12,0.73,65,57,77,193,35,Up,59,88,58,185,85.43,A+,6.1,9.18,8.31,Pass,0,7.6,6.8,6,No,29,Yes,High,2,4,57,Visual,77,45,5,4.04,18,53,Blended,3.56,26,18,7,1,No
1175,BCA1175,MMDU2026REG1175,MMDU,MMICTBM,CS,BCA,Cloud,Female,2003-01-24,23,ST,No,Haryana,Indian,<2 LPA,10th,Business,No,No,Govt,64.62,ICSE,82.91,CBSE,Commerce,83,1605,Management,1,2025-26,VI,BCA601,Final Semester,Core,4,3.51,FAC119,120,83,83,Medium,40,36,0.8,0,3,0.84,63,69,57,221,1,Flat,74,82,80,222,61.11,C,8.5,8.54,7.1,Pass,2,6.4,6.6,5.8,Yes,15,No,High,2,4,88,Kinesthetic,81,66,14,4.57,39,72,Traditional,4.32,22,27,8,2,Yes
1176,BCA1176,MMDU2026REG1176,MMDU,MMICTBM,CS,BCA,Cloud,Female,2002-04-16,23,ST,No,UP,Indian,2-4 LPA,10th,Farmer,No,Yes,Private,93.49,CBSE,76.84,State,Science,55,6555,Quota,1,2025-26,VI,BCA601,Final Semester,Core,4,3.85,FAC113,120,61,61,Low,44,23,0.81,3,4,0.87,78,59,56,245,28,Down,81,82,75,243,70.8,B,6.5,6.24,7.29,Pass,0,2.8,6.3,3.9,No,8,No,Medium,4,5,75,Visual,50,88,4,4.65,28,79,Blended,4.54,25,13,5,3,Yes
1177,BCA1177,MMDU2026REG1177,MMDU,MMICTBM,CS,BCA,Data Science,Male,2005-01-19,24,GEN,Yes,Haryana,Indian,4-6 LPA,10th,Service,Yes,No,Govt,80.03,ICSE,63.81,CBSE,Arts,60,6554,Merit,0,2025-26,VI,BCA601,Final Semester,Core,4,4.11,FAC103,120,83,83,Medium,52,22,0.98,4,3,0.63,82,70,65,258,13,Down,69,73,78,207,65.27,B+,7.9,8.66,6.31,Pass,1,6.4,5.5,5.7,No,10,Yes,Medium,2,5,53,Auditory,67,66,10,4.06,20,63,Online,4.6,25,39,0,3,No
1178,BCA1178,MMDU2026REG1178,MMDU,MMICTBM,CS,BCA,Cloud,Male,2004-04-03,21,OBC,Yes,Haryana,Indian,2-4 LPA,10th,Service,No,No,Govt,83.62,CBSE,78.56,CBSE,Arts,80,6792,Merit,0,2025-26,VI,BCA601,Final Semester,Core,4,3.13,FAC105,120,97,97,High,26,40,0.74,4,6,0.61,93,85,63,233,56,Flat,70,80,75,244,81.36,B,9,6.92,7.28,Pass,0,3.7,6.5,6.4,No,14,Yes,Medium,2,2,81,Reading,83,80,13,4.45,16,36,Traditional,3.53,10,32,6,2,No
1179,BCA1179,MMDU2026REG1179,MMDU,MMICTBM,CS,BCA,AI,Male,2004-05-09,21,SC,No,Punjab,Indian,2-4 LPA,Graduate,Farmer,No,No,NA,62.88,ICSE,90.99,State,Science,72,7366,Management,0,2025-26,VI,BCA601,Final Semester,Core,4,4.14,FAC112,120,60,60,Low,22,36,0.99,4,4,0.8,67,70,73,198,11,Flat,89,79,80,234,66.82,A,9.3,5.01,8.05,Pass,0,7,7.8,6.6,No,39,Yes,High,5,5,88,Visual,76,53,14,3.59,18,64,Traditional,3.9,16,28,2,5,No
1180,BCA1180,MMDU2026REG1180,MMDU,MMICTBM,CS,BCA,AI,Male,2002-05-28,23,SC,No,Haryana,Indian,4-6 LPA,10th,Teacher,No,Yes,NA,88.33,CBSE,67.16,State,Commerce,83,6912,Quota,0,2025-26,VI,BCA601,Final Semester,Core,4,4.46,FAC109,120,97,97,High,52,37,0.97,4,4,0.66,88,71,63,232,31,Down,89,88,60,200,72.44,C,8.3,8.29,7.72,Pass,1,3.5,7.6,5.6,No,48,No,Medium,4,5,84,Auditory,66,44,7,4.8,35,72,Traditional,4.96,9,7,0,1,Yes
1181,BCA1181,MMDU2026REG1181,MMDU,MMICTBM,CS,BCA,AI,Female,2002-07-14,21,ST,Yes,Bihar,Indian,6-8 LPA,10th,Teacher,No,No,Private,65.56,ICSE,82.66,CBSE,Arts,52,7587,Merit,1,2025-26,VI,BCA601,Final Semester,Core,4,3.33,FAC114,120,60,60,Low,46,31,0.87,0,9,0.66,61,70,84,196,50,Up,82,74,56,215,64.29,C,6.6,8.74,6.47,Pass,2,6.8,5.2,6.1,No,58,Yes,Medium,5,1,72,Auditory,64,76,7,3.56,26,57,Online,4.42,26,20,7,5,Yes
1182,BCA1182,MMDU2026REG1182,MMDU,MMICTBM,CS,BCA,Cloud,Female,2004-09-08,24,OBC,No,Haryana,Indian,2-4 LPA,10th,Farmer,No,No,Govt,60.75,CBSE,79.52,CBSE,Science,83,7808,Management,0,2025-26,VI,BCA601,Final Semester,Core,4,3.6,FAC110,120,78,78,Medium,56,44,0.95,4,2,0.9,69,61,74,232,18,Up,55,73,62,243,80.19,A,8.7,7.24,6.75,Pass,1,4,5.2,2.6,No,34,No,High,1,1,80,Visual,63,71,16,3.72,18,43,Traditional,3.68,21,38,2,3,No
1183,BCA1183,MMDU2026REG1183,MMDU,MMICTBM,CS,BCA,Data Science,Female,2002-01-06,24,ST,No,Bihar,Indian,2-4 LPA,Post-Graduate,Business,No,No,Govt,66.86,State,91.88,State,Arts,63,6719,Quota,0,2025-26,VI,BCA601,Final Semester,Core,4,3.89,FAC113,120,89,89,High,30,43,0.97,1,2,0.77,60,57,61,221,27,Down,77,80,55,187,66.71,A+,6.2,5.74,6.39,Pass,0,5.1,7.5,5.2,No,49,Yes,Medium,3,3,89,Visual,49,53,16,4.26,18,59,Traditional,4.39,8,39,0,2,No
1184,BCA1184,MMDU2026REG1184,MMDU,MMICTBM,CS,BCA,Cyber Security,Male,2003-09-12,21,OBC,No,UP,Indian,2-4 LPA,10th,Teacher,No,Yes,Govt,82.42,CBSE,74.2,CBSE,Arts,72,3399,Merit,2,2025-26,VI,BCA601,Final Semester,Core,4,3.63,FAC105,120,100,100,High,22,44,0.73,2,10,0.6,88,78,89,251,2,Flat,55,89,61,190,82.9,B+,6.1,6.39,8.39,Pass,2,2.5,5.9,4.4,Yes,45,No,Low,5,2,43,Reading,64,46,8,3.88,26,51,Online,3.68,14,37,0,0,No
1185,BCA1185,MMDU2026REG1185,MMDU,MMICTBM,CS,BCA,Data Science,Female,2003-11-20,23,GEN,No,Haryana,Indian,6-8 LPA,Post-Graduate,Service,No,No,NA,60.97,CBSE,70.93,State,Commerce,70,7882,Management,0,2025-26,VI,BCA601,Final Semester,Core,4,3.53,FAC105,120,87,87,High,33,33,0.71,0,10,0.86,62,74,62,201,37,Down,69,87,80,231,77.04,B+,9.1,9.35,8.75,Pass,0,4,7,2.2,No,22,No,Medium,4,5,64,Kinesthetic,78,68,11,4,37,64,Blended,4.05,26,35,2,1,No
1186,BCA1186,MMDU2026REG1186,MMDU,MMICTBM,CS,BCA,Cyber Security,Male,2002-10-29,22,GEN,Yes,UP,Indian,4-6 LPA,Graduate,Farmer,Yes,Yes,NA,91.86,State,70.43,State,Science,87,6963,Management,0,2025-26,VI,BCA601,Final Semester,Core,4,3.77,FAC102,120,72,72,Low,39,32,0.99,5,3,0.7,62,57,62,261,22,Up,87,72,57,236,78.52,A+,9.1,6.54,8.61,Pass,1,7.5,6.6,6.7,No,41,Yes,Medium,3,4,51,Visual,69,56,14,3.55,22,72,Online,4.65,12,20,9,0,Yes
1187,BCA1187,MMDU2026REG1187,MMDU,MMICTBM,CS,BCA,AI,Male,2004-10-19,24,ST,Yes,Haryana,Indian,2-4 LPA,Post-Graduate,Farmer,Yes,No,NA,94.7,ICSE,79.03,CBSE,Commerce,86,2180,Merit,0,2025-26,VI,BCA601,Final Semester,Core,4,3.68,FAC102,120,100,100,High,32,31,0.77,4,6,0.83,76,76,69,220,48,Flat,56,85,76,221,73.94,C,6.8,9.39,7.41,Pass,2,7.2,6.5,4.3,No,38,No,Low,1,2,84,Auditory,49,61,11,3.88,18,66,Online,3.52,30,30,7,2,No
1188,BCA1188,MMDU2026REG1188,MMDU,MMICTBM,CS,BCA,Cyber Security,Male,2002-09-19,24,OBC,Yes,Bihar,Indian,2-4 LPA,Graduate,Teacher,No,No,Private,78.32,CBSE,80.44,State,Commerce,52,7625,Management,2,2025-26,VI,BCA601,Final Semester,Core,4,3.17,FAC101,120,83,83,Medium,58,23,0.91,4,4,0.88,83,62,71,201,12,Flat,56,88,83,209,86.37,A,8.2,9.05,8.22,Pass,0,5.2,7.9,5.8,No,12,Yes,High,5,4,74,Kinesthetic,65,45,7,4.51,38,73,Online,4.33,7,39,2,0,Yes
1189,BCA1189,MMDU2026REG1189,MMDU,MMICTBM,CS,BCA,Cloud,Male,2003-07-09,24,ST,Yes,Haryana,Indian,2-4 LPA,Post-Graduate,Service,Yes,Yes,Govt,69.21,ICSE,87.93,State,Arts,83,5723,Management,1,2025-26,VI,BCA601,Final Semester,Core,4,3.37,FAC112,120,98,98,High,31,35,0.87,3,10,0.63,79,57,78,257,29,Flat,65,70,90,207,65.14,A+,7.6,8.11,8.9,Pass,2,6.5,7,5.2,Yes,41,No,High,2,2,87,Visual,52,50,18,3.62,24,44,Traditional,4.61,9,34,10,3,No
1190,BCA1190,MMDU2026REG1190,MMDU,MMICTBM,CS,BCA,Cyber Security,Female,2004-02-24,22,GEN,Yes,Haryana,Indian,4-6 LPA,10th,Farmer,Yes,Yes,Govt,81.04,CBSE,85.51,CBSE,Commerce,82,2582,Merit,1,2025-26,VI,BCA601,Final Semester,Core,4,3.4,FAC119,120,91,91,High,35,24,0.84,5,4,0.76,74,73,66,264,26,Up,55,65,82,233,69.02,C,9.1,8.66,8.19,Pass,0,7,7,3.8,No,23,No,Medium,2,2,90,Kinesthetic,90,76,6,4.21,17,71,Online,4.63,18,37,3,5,No
1191,BCA1191,MMDU2026REG1191,MMDU,MMICTBM,CS,BCA,Cyber Security,Female,2004-08-28,21,SC,No,Bihar,Indian,<2 LPA,Post-Graduate,Farmer,Yes,Yes,Private,89.96,CBSE,65.69,State,Commerce,68,3974,Merit,0,2025-26,VI,BCA601,Final Semester,Core,4,3.16,FAC115,120,74,74,Low,53,42,0.82,4,3,0.85,76,86,68,257,3,Up,68,87,86,190,70.82,B,7.3,6.24,7.26,Pass,1,4.4,7.1,5.3,No,38,Yes,Medium,3,4,55,Auditory,61,71,15,3.68,35,49,Online,3.9,25,9,10,3,Yes
1192,BCA1192,MMDU2026REG1192,MMDU,MMICTBM,CS,BCA,AI,Male,2004-05-02,23,OBC,No,Punjab,Indian,4-6 LPA,Post-Graduate,Business,Yes,No,NA,68.41,ICSE,56.99,CBSE,Science,86,7976,Merit,0,2025-26,VI,BCA601,Final Semester,Core,4,4.26,FAC111,120,83,83,Medium,44,30,0.89,3,12,0.69,75,66,79,209,39,Flat,84,76,72,183,66.16,C,9.4,7.1,6.48,Pass,0,5.8,5.1,6.4,Yes,44,No,Medium,4,4,40,Reading,51,80,4,4.21,17,44,Online,3.83,27,16,2,3,Yes
1193,BCA1193,MMDU2026REG1193,MMDU,MMICTBM,CS,BCA,Cyber Security,Female,2004-08-19,24,OBC,No,UP,Indian,4-6 LPA,Post-Graduate,Business,No,Yes,Private,70.16,CBSE,80.25,CBSE,Science,85,3806,Merit,2,2025-26,VI,BCA601,Final Semester,Core,4,3.32,FAC118,120,78,78,Medium,45,26,0.74,5,4,0.86,64,73,86,240,18,Down,70,72,86,195,83.34,B+,6.3,7.91,7.93,Pass,2,6.2,6.1,2.1,Yes,18,Yes,Low,1,4,82,Kinesthetic,52,60,8,4.82,27,78,Online,3.73,27,30,5,4,No
1194,BCA1194,MMDU2026REG1194,MMDU,MMICTBM,CS,BCA,Cloud,Female,2005-03-01,24,GEN,Yes,Bihar,Indian,2-4 LPA,Post-Graduate,Teacher,Yes,No,Govt,78.67,State,91.45,CBSE,Commerce,63,5203,Quota,2,2025-26,VI,BCA601,Final Semester,Core,4,4.22,FAC105,120,96,96,High,50,22,0.85,0,12,0.79,89,56,69,221,25,Up,79,80,86,209,78.17,A+,8,6.61,6.5,Pass,2,4.4,7.1,3.7,Yes,57,No,Medium,4,4,76,Kinesthetic,47,87,14,4.01,19,47,Traditional,3.53,30,27,10,1,Yes
1195,BCA1195,MMDU2026REG1195,MMDU,MMICTBM,CS,BCA,AI,Female,2005-01-21,24,GEN,Yes,Haryana,Indian,2-4 LPA,Post-Graduate,Business,No,Yes,NA,66.03,State,88.78,CBSE,Arts,53,2899,Quota,2,2025-26,VI,BCA601,Final Semester,Core,4,3.6,FAC111,120,84,84,Medium,35,40,0.94,4,2,0.62,84,64,76,241,16,Down,66,83,81,255,77.54,B+,7.5,5.36,8.39,Pass,1,7.9,7.4,6.4,Yes,6,Yes,High,3,5,80,Reading,70,77,16,4.36,32,32,Traditional,4.76,16,38,6,1,No
1196,BCA1196,MMDU2026REG1196,MMDU,MMICTBM,CS,BCA,Cyber Security,Female,2003-09-07,22,ST,No,Punjab,Indian,6-8 LPA,Post-Graduate,Service,No,Yes,Govt,85.59,CBSE,55.01,State,Commerce,79,3455,Merit,0,2025-26,VI,BCA601,Final Semester,Core,4,4.15,FAC107,120,95,95,High,52,43,0.98,3,6,0.65,62,82,67,252,59,Down,78,63,60,229,75.91,A,6.6,9.14,7.56,Pass,1,4.3,7,4.5,No,26,No,Medium,4,1,78,Auditory,54,68,17,3.93,39,75,Online,3.62,30,12,1,5,Yes
1197,BCA1197,MMDU2026REG1197,MMDU,MMICTBM,CS,BCA,Cyber Security,Male,2004-04-03,22,SC,No,Bihar,Indian,4-6 LPA,Post-Graduate,Teacher,No,No,Govt,61.85,ICSE,61.81,State,Commerce,84,7751,Management,2,2025-26,VI,BCA601,Final Semester,Core,4,3.84,FAC104,120,72,72,Low,50,25,0.98,2,2,0.84,89,77,75,255,19,Up,78,81,88,217,84.03,C,6.6,5.07,6.87,Pass,1,4.3,6.3,5.7,No,15,Yes,Low,1,5,51,Reading,59,63,14,4.68,18,52,Online,4.45,24,6,1,5,Yes
1198,BCA1198,MMDU2026REG1198,MMDU,MMICTBM,CS,BCA,Cloud,Male,2002-06-30,22,GEN,Yes,Bihar,Indian,2-4 LPA,10th,Farmer,Yes,Yes,NA,82.18,State,85.45,State,Arts,65,6737,Merit,2,2025-26,VI,BCA601,Final Semester,Core,4,4.49,FAC106,120,64,64,Low,59,33,0.91,3,4,0.63,95,86,75,212,58,Down,79,71,87,189,66.05,A,7.8,8.36,8.54,Pass,1,4.6,6.4,5.8,Yes,31,No,Medium,3,2,54,Visual,52,69,3,4.6,21,61,Traditional,4.01,10,17,1,5,Yes
1199,BCA1199,MMDU2026REG1199,MMDU,MMICTBM,CS,BCA,AI,Female,2003-04-15,22,GEN,No,Bihar,Indian,<2 LPA,10th,Teacher,Yes,Yes,NA,91.36,ICSE,73.94,CBSE,Commerce,72,2696,Quota,1,2025-26,VI,BCA601,Final Semester,Core,4,3.71,FAC107,120,100,100,High,29,36,0.73,1,0,0.62,83,69,61,228,37,Up,60,88,69,258,71.83,C,9,8.24,6.08,Pass,1,5.4,6.3,4.5,Yes,41,Yes,Low,1,3,87,Kinesthetic,47,81,17,3.64,34,43,Traditional,4.05,28,39,6,4,Yes
1200,BCA1200,MMDU2026REG1200,MMDU,MMICTBM,CS,BCA,Cyber Security,Male,2002-10-23,24,SC,Yes,Bihar,Indian,2-4 LPA,Post-Graduate,Business,No,No,NA,79.8,CBSE,78.41,CBSE,Arts,88,6262,Quota,2,2025-26,VI,BCA601,Final Semester,Core,4,3.16,FAC120,120,83,83,Medium,52,37,0.91,4,11,0.96,77,57,67,265,45,Up,88,67,70,210,74.21,C,8.4,5.87,8.75,Pass,1,3.9,7.3,5.3,Yes,8,Yes,Low,2,5,77,Kinesthetic,57,54,7,3.68,38,77,Blended,3.58,16,38,7,2,Yes
